species_index,photo,species,licence,recorded_by,institution,url,gbif_occurrence
0,0,Abies amabilis,CC_BY,Cody Hinchliff,iNaturalist,https://inaturalist-open-data.s3.amazonaws.com/photos/696148689/original.jpg,https://www.gbif.org/occurrence/6441485710
0,1,Abies amabilis,CC_BY,Brodie Cass Talbott,iNaturalist,https://inaturalist-open-data.s3.amazonaws.com/photos/709163950/original.jpg,https://www.gbif.org/occurrence/6479846469
0,2,Abies amabilis,CC_BY,Kieran Hanrahan,iNaturalist,https://inaturalist-open-data.s3.amazonaws.com/photos/716908731/original.jpg,https://www.gbif.org/occurrence/6499674141
1,0,Abies concolor,CC_BY,Zach Earl,iNaturalist,https://inaturalist-open-data.s3.amazonaws.com/photos/617498419/original.jpg,https://www.gbif.org/occurrence/6162969827
1,1,Abies concolor,CC_BY,fletchermoore,iNaturalist,https://inaturalist-open-data.s3.amazonaws.com/photos/630547963/original.jpg,https://www.gbif.org/occurrence/6188450830
1,2,Abies concolor,CC_BY,Daniel Patterson,iNaturalist,https://inaturalist-open-data.s3.amazonaws.com/photos/646043002/original.jpg,https://www.gbif.org/occurrence/6399732879
2,0,Abies grandis,CC0,Drew Meyer,iNaturalist,https://inaturalist-open-data.s3.amazonaws.com/photos/610065563/original.jpg,https://www.gbif.org/occurrence/6130720476
2,1,Abies grandis,CC_BY,Brodie Cass Talbott,iNaturalist,https://inaturalist-open-data.s3.amazonaws.com/photos/619961958/original.jpg,https://www.gbif.org/occurrence/6171086426
2,2,Abies grandis,CC0,Drew Meyer,iNaturalist,https://inaturalist-open-data.s3.amazonaws.com/photos/618883112/original.jpg,https://www.gbif.org/occurrence/6171315474
3,0,Abies lasiocarpa,CC0,Barbara L. Wilson,iNaturalist,https://inaturalist-open-data.s3.amazonaws.com/photos/646390516/original.jpg,https://www.gbif.org/occurrence/6234449035
3,1,Abies lasiocarpa,CC0,Drew Meyer,iNaturalist,https://inaturalist-open-data.s3.amazonaws.com/photos/662515109/original.jpg,https://www.gbif.org/occurrence/6333847522
3,2,Abies lasiocarpa,CC0,Drew Meyer,iNaturalist,https://inaturalist-open-data.s3.amazonaws.com/photos/662504301/original.jpg,https://www.gbif.org/occurrence/6334104854
4,0,Abies magnifica,CC_BY,Gabriel Campbell-Martinez,iNaturalist,https://inaturalist-open-data.s3.amazonaws.com/photos/463688189/original.jpeg,https://www.gbif.org/occurrence/5037121716
4,1,Abies magnifica,CC_BY,Gabriel Campbell-Martinez,iNaturalist,https://inaturalist-open-data.s3.amazonaws.com/photos/463692748/original.jpeg,https://www.gbif.org/occurrence/5069772081
4,2,Abies magnifica,CC_BY,Gabriel Campbell-Martinez,iNaturalist,https://inaturalist-open-data.s3.amazonaws.com/photos/463691816/original.jpeg,https://www.gbif.org/occurrence/5069838037
5,0,Abies procera,CC_BY,Noah Strycker,iNaturalist,https://inaturalist-open-data.s3.amazonaws.com/photos/635661993/original.jpg,https://www.gbif.org/occurrence/6195771410
5,1,Abies procera,CC0,Aaron Liston,iNaturalist,https://inaturalist-open-data.s3.amazonaws.com/photos/671137708/original.jpg,https://www.gbif.org/occurrence/6353165600
5,2,Abies procera,CC0,Barbara L. Wilson,iNaturalist,https://inaturalist-open-data.s3.amazonaws.com/photos/666750658/original.jpg,https://www.gbif.org/occurrence/6353231506
6,0,Abronia latifolia,CC0,Drew Meyer,iNaturalist,https://inaturalist-open-data.s3.amazonaws.com/photos/673626804/original.jpg,https://www.gbif.org/occurrence/6399031582
6,1,Abronia latifolia,CC_BY,Patricia Teague,iNaturalist,https://inaturalist-open-data.s3.amazonaws.com/photos/671909714/original.jpg,https://www.gbif.org/occurrence/6399217477
6,2,Abronia latifolia,CC_BY,jonsense,iNaturalist,https://inaturalist-open-data.s3.amazonaws.com/photos/686602127/original.jpg,https://www.gbif.org/occurrence/6422029947
7,0,Acer circinatum,CC_BY,Judi Sanders,iNaturalist,https://inaturalist-open-data.s3.amazonaws.com/photos/632890323/original.jpg,https://www.gbif.org/occurrence/6188183515
7,1,Acer circinatum,CC_BY,Dee Shea Himes,iNaturalist,https://inaturalist-open-data.s3.amazonaws.com/photos/634000347/original.jpg,https://www.gbif.org/occurrence/6188220244
7,2,Acer circinatum,CC0,Lindsey K. Wise,iNaturalist,https://inaturalist-open-data.s3.amazonaws.com/photos/636850478/original.jpg,https://www.gbif.org/occurrence/6195238158
8,0,Acer glabrum,CC_BY,Daniel Patterson,iNaturalist,https://inaturalist-open-data.s3.amazonaws.com/photos/647571092/original.jpg,https://www.gbif.org/occurrence/6236051789
8,1,Acer glabrum,CC0,Drew Meyer,iNaturalist,https://inaturalist-open-data.s3.amazonaws.com/photos/664129119/original.jpg,https://www.gbif.org/occurrence/6333972500
8,2,Acer glabrum,CC0,Aaron Liston,iNaturalist,https://inaturalist-open-data.s3.amazonaws.com/photos/664718007/original.jpg,https://www.gbif.org/occurrence/6334783306
9,0,Acer macrophyllum,CC0,Drew Meyer,iNaturalist,https://inaturalist-open-data.s3.amazonaws.com/photos/611316213/original.jpg,https://www.gbif.org/occurrence/6133437895
9,1,Acer macrophyllum,CC_BY,Tser,iNaturalist,https://inaturalist-open-data.s3.amazonaws.com/photos/613980676/original.jpg,https://www.gbif.org/occurrence/6147374936
9,2,Acer macrophyllum,CC_BY,Dee Shea Himes,iNaturalist,https://inaturalist-open-data.s3.amazonaws.com/photos/625246291/original.jpg,https://www.gbif.org/occurrence/6178710280
10,0,Acer negundo,CC_BY,Daniel Patterson,iNaturalist,https://inaturalist-open-data.s3.amazonaws.com/photos/632015540/original.jpg,https://www.gbif.org/occurrence/6188578956
10,1,Acer negundo,CC_BY,Daniel Patterson,iNaturalist,https://inaturalist-open-data.s3.amazonaws.com/photos/644455968/original.jpg,https://www.gbif.org/occurrence/6234389047
10,2,Acer negundo,CC_BY,Daniel Patterson,iNaturalist,https://inaturalist-open-data.s3.amazonaws.com/photos/491631246/original.jpg,https://www.gbif.org/occurrence/5140282668
11,0,Acer platanoides,CC_BY,Aden Sommerville,iNaturalist,https://inaturalist-open-data.s3.amazonaws.com/photos/727513588/original.jpg,https://www.gbif.org/occurrence/6519970443
11,1,Acer platanoides,CC0,Barbara L. Wilson,iNaturalist,https://inaturalist-open-data.s3.amazonaws.com/photos/505468871/original.jpg,https://www.gbif.org/occurrence/5166895721
11,2,Acer platanoides,CC0,Alan Weakley,iNaturalist,https://inaturalist-open-data.s3.amazonaws.com/photos/511493702/original.jpg,https://www.gbif.org/occurrence/5167283100
12,0,Achillea millefolium,CC0,Barbara L. Wilson,iNaturalist,https://inaturalist-open-data.s3.amazonaws.com/photos/607851366/original.jpg,https://www.gbif.org/occurrence/6130105789
12,1,Achillea millefolium,CC_BY,David Anderson,iNaturalist,https://inaturalist-open-data.s3.amazonaws.com/photos/613807815/original.jpg,https://www.gbif.org/occurrence/6147467342
12,2,Achillea millefolium,CC_BY,Zach Earl,iNaturalist,https://inaturalist-open-data.s3.amazonaws.com/photos/617785303/original.jpg,https://www.gbif.org/occurrence/6163337482
13,0,Achlys triphylla,CC_BY,Judi Sanders,iNaturalist,https://inaturalist-open-data.s3.amazonaws.com/photos/641648086/original.jpg,https://www.gbif.org/occurrence/6235836771
13,1,Achlys triphylla,CC0,Aaron Liston,iNaturalist,https://inaturalist-open-data.s3.amazonaws.com/photos/657731052/original.jpg,https://www.gbif.org/occurrence/6274339671
13,2,Achlys triphylla,CC0,Aaron Liston,iNaturalist,https://inaturalist-open-data.s3.amazonaws.com/photos/664728139/original.jpg,https://www.gbif.org/occurrence/6334287751
14,0,Acmispon americanus,CC_BY,Steve Matson,iNaturalist,https://inaturalist-open-data.s3.amazonaws.com/photos/703663075/original.jpg,https://www.gbif.org/occurrence/6470594837
14,1,Acmispon americanus,CC_BY,Judi Sanders,iNaturalist,https://inaturalist-open-data.s3.amazonaws.com/photos/508282412/original.jpg,https://www.gbif.org/occurrence/5176415646
14,2,Acmispon americanus,CC_BY,Sam Leininger,iNaturalist,https://inaturalist-open-data.s3.amazonaws.com/photos/519614683/original.jpg,https://www.gbif.org/occurrence/5198436872
15,0,Acmispon parviflorus,CC_BY,Kieran Hanrahan,iNaturalist,https://inaturalist-open-data.s3.amazonaws.com/photos/657640955/original.jpg,https://www.gbif.org/occurrence/6273214936
15,1,Acmispon parviflorus,CC_BY,Ed Alverson,iNaturalist,https://inaturalist-open-data.s3.amazonaws.com/photos/655936555/original.jpg,https://www.gbif.org/occurrence/6273406174
15,2,Acmispon parviflorus,CC0,Rob Cuthrell,iNaturalist,https://inaturalist-open-data.s3.amazonaws.com/photos/685161469/original.jpg,https://www.gbif.org/occurrence/6422870956
16,0,Aconitum columbianum,CC_BY,Parker James Lloyd,iNaturalist,https://inaturalist-open-data.s3.amazonaws.com/photos/696975515/original.jpg,https://www.gbif.org/occurrence/6441397623
16,1,Aconitum columbianum,CC_BY,Braydon Lake,iNaturalist,https://inaturalist-open-data.s3.amazonaws.com/photos/699286825/original.jpg,https://www.gbif.org/occurrence/6451509337
16,2,Aconitum columbianum,CC_BY,Peter Brastow,iNaturalist,https://inaturalist-open-data.s3.amazonaws.com/photos/703566368/original.jpg,https://www.gbif.org/occurrence/6470056540
17,0,Actaea elata,CC_BY,Cody Hinchliff,iNaturalist,https://inaturalist-open-data.s3.amazonaws.com/photos/697426775/original.jpg,https://www.gbif.org/occurrence/6480247529
17,1,Actaea elata,CC_BY,Don Boucher,iNaturalist,https://inaturalist-open-data.s3.amazonaws.com/photos/510671477/original.jpg,https://www.gbif.org/occurrence/5167624723
17,2,Actaea elata,CC_BY,Ed Alverson,iNaturalist,https://inaturalist-open-data.s3.amazonaws.com/photos/512581610/original.jpg,https://www.gbif.org/occurrence/6130327635
18,0,Actaea rubra,CC_BY,Kieran Hanrahan,iNaturalist,https://inaturalist-open-data.s3.amazonaws.com/photos/657629790/original.jpg,https://www.gbif.org/occurrence/6273630095
18,1,Actaea rubra,CC0,Aaron Liston,iNaturalist,https://inaturalist-open-data.s3.amazonaws.com/photos/664727866/original.jpg,https://www.gbif.org/occurrence/6334782848
18,2,Actaea rubra,CC_BY,Jeff Ward,iNaturalist,https://inaturalist-open-data.s3.amazonaws.com/photos/668632107/original.jpg,https://www.gbif.org/occurrence/6431489865
19,0,Adelinia grande,CC_BY,Rachel Werling,iNaturalist,https://inaturalist-open-data.s3.amazonaws.com/photos/616274697/original.jpg,https://www.gbif.org/occurrence/6159545983
19,1,Adelinia grande,CC_BY,Kieran Hanrahan,iNaturalist,https://inaturalist-open-data.s3.amazonaws.com/photos/622669470/original.jpg,https://www.gbif.org/occurrence/6178322373
19,2,Adelinia grande,CC0,William Proebsting,iNaturalist,https://inaturalist-open-data.s3.amazonaws.com/photos/624717394/original.jpg,https://www.gbif.org/occurrence/6178367523
20,0,Adenocaulon bicolor,CC_BY,Dee Shea Himes,iNaturalist,https://inaturalist-open-data.s3.amazonaws.com/photos/625243301/original.jpg,https://www.gbif.org/occurrence/6178617852
20,1,Adenocaulon bicolor,CC_BY,Judi Sanders,iNaturalist,https://inaturalist-open-data.s3.amazonaws.com/photos/633990914/original.jpg,https://www.gbif.org/occurrence/6187976582
20,2,Adenocaulon bicolor,CC_BY,Judi Sanders,iNaturalist,https://inaturalist-open-data.s3.amazonaws.com/photos/632888298/original.jpg,https://www.gbif.org/occurrence/6188273173
21,0,Adiantum aleuticum,CC_BY,Zach Earl,iNaturalist,https://inaturalist-open-data.s3.amazonaws.com/photos/616661119/original.jpg,https://www.gbif.org/occurrence/6162902116
21,1,Adiantum aleuticum,CC_BY,Zach Earl,iNaturalist,https://inaturalist-open-data.s3.amazonaws.com/photos/616661326/original.jpg,https://www.gbif.org/occurrence/6163164122
21,2,Adiantum aleuticum,CC_BY,David Anderson,iNaturalist,https://inaturalist-open-data.s3.amazonaws.com/photos/619439540/original.jpg,https://www.gbif.org/occurrence/6170960065
22,0,Aesculus hippocastanum,CC0,Barbara L. Wilson,iNaturalist,https://inaturalist-open-data.s3.amazonaws.com/photos/637472199/original.jpg,https://www.gbif.org/occurrence/6195349390
22,1,Aesculus hippocastanum,CC0,Barbara L. Wilson,iNaturalist,https://inaturalist-open-data.s3.amazonaws.com/photos/481692882/original.jpeg,https://www.gbif.org/occurrence/5108418262
22,2,Aesculus hippocastanum,CC0,Barbara L. Wilson,iNaturalist,https://inaturalist-open-data.s3.amazonaws.com/photos/481692666/original.jpeg,https://www.gbif.org/occurrence/5108563341
23,0,Agastache urticifolia,CC_BY,Daniel Patterson,iNaturalist,https://inaturalist-open-data.s3.amazonaws.com/photos/647094104/original.jpg,https://www.gbif.org/occurrence/6234714489
23,1,Agastache urticifolia,CC_BY,rappman,iNaturalist,https://inaturalist-open-data.s3.amazonaws.com/photos/680336794/original.jpg,https://www.gbif.org/occurrence/6422874620
23,2,Agastache urticifolia,CC_BY,Parker James Lloyd,iNaturalist,https://inaturalist-open-data.s3.amazonaws.com/photos/696973305/original.jpg,https://www.gbif.org/occurrence/6441038957
24,0,Ageratina occidentalis,CC0,Karen Burns Ball,iNaturalist,https://inaturalist-open-data.s3.amazonaws.com/photos/553531266/original.jpg,https://www.gbif.org/occurrence/5908762080
24,1,Ageratina occidentalis,CC_BY,Adam Schneider,iNaturalist,https://inaturalist-open-data.s3.amazonaws.com/photos/398880504/original.jpeg,https://www.gbif.org/occurrence/5062778595
24,2,Ageratina occidentalis,CC_BY,Julie Travaglini,iNaturalist,https://inaturalist-open-data.s3.amazonaws.com/photos/415259392/original.jpeg,https://www.gbif.org/occurrence/5062738202
25,0,Agoseris aurantiaca,CC_BY,Parker James Lloyd,iNaturalist,https://inaturalist-open-data.s3.amazonaws.com/photos/696974918/original.jpg,https://www.gbif.org/occurrence/6441806974
25,1,Agoseris aurantiaca,CC_BY,Merlla McLaughlin,iNaturalist,https://inaturalist-open-data.s3.amazonaws.com/photos/699693638/original.jpg,https://www.gbif.org/occurrence/6452590783
25,2,Agoseris aurantiaca,CC_BY,Jeff Ward,iNaturalist,https://inaturalist-open-data.s3.amazonaws.com/photos/708763764/original.jpg,https://www.gbif.org/occurrence/6479382477
26,0,Agoseris heterophylla,CC_BY,Trevor Van Loon,iNaturalist,https://inaturalist-open-data.s3.amazonaws.com/photos/489978823/original.jpg,https://www.gbif.org/occurrence/5840170639
26,1,Agoseris heterophylla,CC0,Aaron Liston,iNaturalist,https://inaturalist-open-data.s3.amazonaws.com/photos/377017185/original.jpeg,https://www.gbif.org/occurrence/4872391552
26,2,Agoseris heterophylla,CC_BY,Rachel Werling,iNaturalist,https://inaturalist-open-data.s3.amazonaws.com/photos/211012834/original.jpg,https://www.gbif.org/occurrence/4872333029
27,0,Agropyron cristatum,CC_BY,Zach Earl,iNaturalist,https://inaturalist-open-data.s3.amazonaws.com/photos/616569693/original.jpg,https://www.gbif.org/occurrence/6162915706
27,1,Agropyron cristatum,CC0,Barbara L. Wilson,iNaturalist,https://inaturalist-open-data.s3.amazonaws.com/photos/681922397/original.jpg,https://www.gbif.org/occurrence/6413444535
27,2,Agropyron cristatum,CC_BY,Dee Shea Himes,iNaturalist,https://inaturalist-open-data.s3.amazonaws.com/photos/507541490/original.jpg,https://www.gbif.org/occurrence/5230305691
28,0,Agrostis exarata,CC_BY,Matt Berger,iNaturalist,https://inaturalist-open-data.s3.amazonaws.com/photos/439823619/original.jpeg,https://www.gbif.org/occurrence/4978494572
28,1,Agrostis exarata,CC0,Barbara L. Wilson,iNaturalist,https://inaturalist-open-data.s3.amazonaws.com/photos/214485815/original.jpeg,https://www.gbif.org/occurrence/5938254657
28,2,Agrostis exarata,CC0,Mike Palmer,iNaturalist,https://inaturalist-open-data.s3.amazonaws.com/photos/139109065/original.jpeg,https://www.gbif.org/occurrence/3321175905
29,0,Agrostis stolonifera,CC0,Barbara L. Wilson,iNaturalist,https://inaturalist-open-data.s3.amazonaws.com/photos/629195290/original.jpg,https://www.gbif.org/occurrence/6185303979
29,1,Agrostis stolonifera,CC0,Barbara L. Wilson,iNaturalist,https://inaturalist-open-data.s3.amazonaws.com/photos/692509904/original.jpg,https://www.gbif.org/occurrence/6431659023
29,2,Agrostis stolonifera,CC0,Barbara L. Wilson,iNaturalist,https://inaturalist-open-data.s3.amazonaws.com/photos/473546860/original.jpeg,https://www.gbif.org/occurrence/5938225429
30,0,Ahnfeltiopsis linearis,CC_BY,Zach Earl,iNaturalist,https://inaturalist-open-data.s3.amazonaws.com/photos/616658392/original.jpg,https://www.gbif.org/occurrence/6163330744
30,1,Ahnfeltiopsis linearis,CC_BY,Gavin Skeen,iNaturalist,https://inaturalist-open-data.s3.amazonaws.com/photos/682919633/original.jpg,https://www.gbif.org/occurrence/6413662796
30,2,Ahnfeltiopsis linearis,CC_BY,Therese Phillips,iNaturalist,https://inaturalist-open-data.s3.amazonaws.com/photos/680486591/original.jpg,https://www.gbif.org/occurrence/6414007728
31,0,Ailanthus altissima,CC0,Barbara L. Wilson,iNaturalist,https://inaturalist-open-data.s3.amazonaws.com/photos/630653594/original.jpg,https://www.gbif.org/occurrence/6184947468
31,1,Ailanthus altissima,CC0,Barbara L. Wilson,iNaturalist,https://inaturalist-open-data.s3.amazonaws.com/photos/630416592/original.jpg,https://www.gbif.org/occurrence/6422505503
31,2,Ailanthus altissima,CC_BY,David Anderson,iNaturalist,https://inaturalist-open-data.s3.amazonaws.com/photos/650561399/original.jpg,https://www.gbif.org/occurrence/6252531652
32,0,Aira caryophyllea,CC0,Barbara L. Wilson,iNaturalist,https://inaturalist-open-data.s3.amazonaws.com/photos/650937353/original.jpg,https://www.gbif.org/occurrence/6480108755
32,1,Aira caryophyllea,CC0,Barbara L. Wilson,iNaturalist,https://inaturalist-open-data.s3.amazonaws.com/photos/658304942/original.jpg,https://www.gbif.org/occurrence/6334549981
32,2,Aira caryophyllea,CC_BY,Adam Schneider,iNaturalist,https://inaturalist-open-data.s3.amazonaws.com/photos/660553474/original.jpg,https://www.gbif.org/occurrence/6480279735
33,0,Ajuga reptans,CC0,Aaron Liston,iNaturalist,https://inaturalist-open-data.s3.amazonaws.com/photos/652565908/original.jpg,https://www.gbif.org/occurrence/6251932908
33,1,Ajuga reptans,CC_BY,Brodie Cass Talbott,iNaturalist,https://inaturalist-open-data.s3.amazonaws.com/photos/477589702/original.jpeg,https://www.gbif.org/occurrence/6178927065
33,2,Ajuga reptans,CC0,Benjamin David,iNaturalist,https://inaturalist-open-data.s3.amazonaws.com/photos/486901276/original.jpeg,https://www.gbif.org/occurrence/5133796850
34,0,Alliaria petiolata,CC_BY,Jeffrey Lee (he/him/his),iNaturalist,https://inaturalist-open-data.s3.amazonaws.com/photos/636201674/original.jpg,https://www.gbif.org/occurrence/6195689169
34,1,Alliaria petiolata,CC_BY,Kieran Hanrahan,iNaturalist,https://inaturalist-open-data.s3.amazonaws.com/photos/645620817/original.jpg,https://www.gbif.org/occurrence/6235127355
34,2,Alliaria petiolata,CC0,moater,iNaturalist,https://inaturalist-open-data.s3.amazonaws.com/photos/653764550/original.jpg,https://www.gbif.org/occurrence/6251530521
35,0,Allium acuminatum,CC_BY,James H. Thomas,iNaturalist,https://inaturalist-open-data.s3.amazonaws.com/photos/657572977/original.jpg,https://www.gbif.org/occurrence/6321023036
35,1,Allium acuminatum,CC_BY,carbapple,iNaturalist,https://inaturalist-open-data.s3.amazonaws.com/photos/666224062/original.jpg,https://www.gbif.org/occurrence/6333863967
35,2,Allium acuminatum,CC_BY,Jeff Ward,iNaturalist,https://inaturalist-open-data.s3.amazonaws.com/photos/667569602/original.jpg,https://www.gbif.org/occurrence/6353190447
36,0,Allium amplectens,CC_BY,Brodie Cass Talbott,iNaturalist,https://inaturalist-open-data.s3.amazonaws.com/photos/664449359/original.jpg,https://www.gbif.org/occurrence/6423076907
36,1,Allium amplectens,CC_BY,Ed Alverson,iNaturalist,https://inaturalist-open-data.s3.amazonaws.com/photos/676373394/original.jpg,https://www.gbif.org/occurrence/6399756386
36,2,Allium amplectens,CC_BY,Aden Sommerville,iNaturalist,https://inaturalist-open-data.s3.amazonaws.com/photos/677369787/original.jpg,https://www.gbif.org/occurrence/6400476503
37,0,Allium crenulatum,CC0,Aaron Liston,iNaturalist,https://inaturalist-open-data.s3.amazonaws.com/photos/664730957/original.jpg,https://www.gbif.org/occurrence/6352461714
37,1,Allium crenulatum,CC0,Aaron Liston,iNaturalist,https://inaturalist-open-data.s3.amazonaws.com/photos/671137746/original.jpg,https://www.gbif.org/occurrence/6353007484
37,2,Allium crenulatum,CC_BY,Judi Sanders,iNaturalist,https://inaturalist-open-data.s3.amazonaws.com/photos/675375174/original.jpg,https://www.gbif.org/occurrence/6399134126
38,0,Allium falcifolium,CC_BY,Dee Shea Himes,iNaturalist,https://inaturalist-open-data.s3.amazonaws.com/photos/637965927/original.jpg,https://www.gbif.org/occurrence/6234582101
38,1,Allium falcifolium,CC0,Barbara L. Wilson,iNaturalist,https://inaturalist-open-data.s3.amazonaws.com/photos/659730404/original.jpg,https://www.gbif.org/occurrence/6320454563
38,2,Allium falcifolium,CC_BY,Rodamu,iNaturalist,https://inaturalist-open-data.s3.amazonaws.com/photos/657743210/original.jpg,https://www.gbif.org/occurrence/6273941669
39,0,Allium tolmiei,CC0,Kate Manning,iNaturalist,https://inaturalist-open-data.s3.amazonaws.com/photos/378029644/original.jpg,https://www.gbif.org/occurrence/4854793881
39,1,Allium tolmiei,CC_BY,Adam Pierce,iNaturalist,https://inaturalist-open-data.s3.amazonaws.com/photos/281263904/original.jpeg,https://www.gbif.org/occurrence/4121031491
39,2,Allium tolmiei,CC_BY,Adam Schneider,iNaturalist,https://inaturalist-open-data.s3.amazonaws.com/photos/197731827/original.jpg,https://www.gbif.org/occurrence/4121027424
40,0,Allium validum,CC_BY,Dee Shea Himes,iNaturalist,https://inaturalist-open-data.s3.amazonaws.com/photos/686621897/original.jpg,https://www.gbif.org/occurrence/6423098368
40,1,Allium validum,CC_BY,Adam J. Searcy,iNaturalist,https://inaturalist-open-data.s3.amazonaws.com/photos/555423996/original.jpg,https://www.gbif.org/occurrence/5759741986
40,2,Allium validum,CC_BY,Michael O'Loughlin,iNaturalist,https://inaturalist-open-data.s3.amazonaws.com/photos/407532254/original.jpeg,https://www.gbif.org/occurrence/4935710474
41,0,Allotropa virgata,CC_BY,Dee Shea Himes,iNaturalist,https://inaturalist-open-data.s3.amazonaws.com/photos/664750796/original.jpg,https://www.gbif.org/occurrence/6334682418
41,1,Allotropa virgata,CC_BY,Laura Gaudette,iNaturalist,https://inaturalist-open-data.s3.amazonaws.com/photos/666974527/original.jpg,https://www.gbif.org/occurrence/6352242324
41,2,Allotropa virgata,CC_BY,Laura Gaudette,iNaturalist,https://inaturalist-open-data.s3.amazonaws.com/photos/666976974/original.jpg,https://www.gbif.org/occurrence/6353116763
42,0,Alnus alnobetula,CC_BY,Kieran Hanrahan,iNaturalist,https://inaturalist-open-data.s3.amazonaws.com/photos/683816154/original.jpg,https://www.gbif.org/occurrence/6422137619
42,1,Alnus alnobetula,CC_BY,Jeff Ward,iNaturalist,https://inaturalist-open-data.s3.amazonaws.com/photos/710755587/original.jpg,https://www.gbif.org/occurrence/6479776389
42,2,Alnus alnobetula,CC_BY,Kieran Hanrahan,iNaturalist,https://inaturalist-open-data.s3.amazonaws.com/photos/494592847/original.jpg,https://www.gbif.org/occurrence/5830660103
43,0,Alnus incana,CC_BY,Greghig Jirheg,iNaturalist,https://inaturalist-open-data.s3.amazonaws.com/photos/528991404/original.jpg,https://www.gbif.org/occurrence/6130829575
43,1,Alnus incana,CC_BY,Greghig Jirheg,iNaturalist,https://inaturalist-open-data.s3.amazonaws.com/photos/529583855/original.jpg,https://www.gbif.org/occurrence/6178838833
43,2,Alnus incana,CC_BY,Jeff Ward,iNaturalist,https://inaturalist-open-data.s3.amazonaws.com/photos/530469995/original.jpg,https://www.gbif.org/occurrence/6178645806
44,0,Alnus rhombifolia,CC0,Barbara L. Wilson,iNaturalist,https://inaturalist-open-data.s3.amazonaws.com/photos/490621243/original.jpeg,https://www.gbif.org/occurrence/5140227202
44,1,Alnus rhombifolia,CC_BY,Jeff Ward,iNaturalist,https://inaturalist-open-data.s3.amazonaws.com/photos/501164049/original.jpg,https://www.gbif.org/occurrence/5153638376
44,2,Alnus rhombifolia,CC0,Barbara L. Wilson,iNaturalist,https://inaturalist-open-data.s3.amazonaws.com/photos/502813526/original.jpeg,https://www.gbif.org/occurrence/5154813250
45,0,Alnus rubra,CC0,Barbara L. Wilson,iNaturalist,https://inaturalist-open-data.s3.amazonaws.com/photos/623120624/original.jpg,https://www.gbif.org/occurrence/6178496094
45,1,Alnus rubra,CC_BY,Alice Pence,iNaturalist,https://inaturalist-open-data.s3.amazonaws.com/photos/627369961/original.jpg,https://www.gbif.org/occurrence/6185796099
45,2,Alnus rubra,CC_BY,Sue Ann Kendall,iNaturalist,https://inaturalist-open-data.s3.amazonaws.com/photos/638206032/original.jpg,https://www.gbif.org/occurrence/6235577530
46,0,Alopecurus pratensis,CC_BY,Jeff Ward,iNaturalist,https://inaturalist-open-data.s3.amazonaws.com/photos/623382614/original.jpg,https://www.gbif.org/occurrence/6178639406
46,1,Alopecurus pratensis,CC_BY,Aden Sommerville,iNaturalist,https://inaturalist-open-data.s3.amazonaws.com/photos/628163093/original.jpg,https://www.gbif.org/occurrence/6185937781
46,2,Alopecurus pratensis,CC0,Barbara L. Wilson,iNaturalist,https://inaturalist-open-data.s3.amazonaws.com/photos/641857026/original.jpg,https://www.gbif.org/occurrence/6235024971
47,0,Ambrosia chamissonis,CC0,Barbara L. Wilson,iNaturalist,https://inaturalist-open-data.s3.amazonaws.com/photos/633822343/original.jpg,https://www.gbif.org/occurrence/6235000568
47,1,Ambrosia chamissonis,CC_BY,jonsense,iNaturalist,https://inaturalist-open-data.s3.amazonaws.com/photos/685486631/original.jpg,https://www.gbif.org/occurrence/6422673816
47,2,Ambrosia chamissonis,CC0,Barbara L. Wilson,iNaturalist,https://inaturalist-open-data.s3.amazonaws.com/photos/505523441/original.jpg,https://www.gbif.org/occurrence/5167138018
48,0,Amelanchier alnifolia,CC_BY,Jeff Ward,iNaturalist,https://inaturalist-open-data.s3.amazonaws.com/photos/628127806/original.jpg,https://www.gbif.org/occurrence/6185565947
48,1,Amelanchier alnifolia,CC_BY,Jeff Ward,iNaturalist,https://inaturalist-open-data.s3.amazonaws.com/photos/629392252/original.jpg,https://www.gbif.org/occurrence/6185582354
48,2,Amelanchier alnifolia,CC_BY,Dee Shea Himes,iNaturalist,https://inaturalist-open-data.s3.amazonaws.com/photos/632948209/original.jpg,https://www.gbif.org/occurrence/6187914281
49,0,Amsinckia menziesii,CC_BY,Jeff Ward,iNaturalist,https://inaturalist-open-data.s3.amazonaws.com/photos/628649313/original.jpg,https://www.gbif.org/occurrence/6185462734
49,1,Amsinckia menziesii,CC_BY,Jeff Ward,iNaturalist,https://inaturalist-open-data.s3.amazonaws.com/photos/645525578/original.jpg,https://www.gbif.org/occurrence/6353062920
49,2,Amsinckia menziesii,CC_BY,Kieran Hanrahan,iNaturalist,https://inaturalist-open-data.s3.amazonaws.com/photos/647352753/original.jpg,https://www.gbif.org/occurrence/6251622340
50,0,Amsinckia tessellata,CC_BY,Adam Schneider,iNaturalist,https://inaturalist-open-data.s3.amazonaws.com/photos/642720890/original.jpg,https://www.gbif.org/occurrence/6251574791
50,1,Amsinckia tessellata,CC_BY,Judi Sanders,iNaturalist,https://inaturalist-open-data.s3.amazonaws.com/photos/282300994/original.jpg,https://www.gbif.org/occurrence/4133802647
50,2,Amsinckia tessellata,CC_BY,Daniel Kennedy,iNaturalist,https://inaturalist-open-data.s3.amazonaws.com/photos/282895497/original.jpg,https://www.gbif.org/occurrence/4133804520
51,0,Anaphalis margaritacea,CC_BY,Judi Sanders,iNaturalist,https://inaturalist-open-data.s3.amazonaws.com/photos/642686188/original.jpg,https://www.gbif.org/occurrence/6235066888
51,1,Anaphalis margaritacea,CC0,Barbara L. Wilson,iNaturalist,https://inaturalist-open-data.s3.amazonaws.com/photos/643346615/original.jpg,https://www.gbif.org/occurrence/6236244155
51,2,Anaphalis margaritacea,CC_BY,Judi Sanders,iNaturalist,https://inaturalist-open-data.s3.amazonaws.com/photos/661434379/original.jpg,https://www.gbif.org/occurrence/6320903463
52,0,Anemonastrum deltoideum,CC0,Aaron Liston,iNaturalist,https://inaturalist-open-data.s3.amazonaws.com/photos/657735998/original.jpg,https://www.gbif.org/occurrence/6273172059
52,1,Anemonastrum deltoideum,CC_BY,Tser,iNaturalist,https://inaturalist-open-data.s3.amazonaws.com/photos/659049798/original.jpg,https://www.gbif.org/occurrence/6320213003
52,2,Anemonastrum deltoideum,CC_BY,Judi Sanders,iNaturalist,https://inaturalist-open-data.s3.amazonaws.com/photos/658586160/original.jpg,https://www.gbif.org/occurrence/6321055646
53,0,Anemone oregana,CC_BY,Matt D'Agrosa,iNaturalist,https://inaturalist-open-data.s3.amazonaws.com/photos/625578977/original.jpg,https://www.gbif.org/occurrence/6185567517
53,1,Anemone oregana,CC_BY,Mrs. T,iNaturalist,https://inaturalist-open-data.s3.amazonaws.com/photos/660834820/original.jpg,https://www.gbif.org/occurrence/6320083745
53,2,Anemone oregana,CC_BY,Kieran Hanrahan,iNaturalist,https://inaturalist-open-data.s3.amazonaws.com/photos/679351789/original.jpg,https://www.gbif.org/occurrence/6400083364
54,0,Angelica capitellata,CC_BY,Parker James Lloyd,iNaturalist,https://inaturalist-open-data.s3.amazonaws.com/photos/696953835/original.jpg,https://www.gbif.org/occurrence/6440978484
54,1,Angelica capitellata,CC_BY,Braydon Lake,iNaturalist,https://inaturalist-open-data.s3.amazonaws.com/photos/699284580/original.jpg,https://www.gbif.org/occurrence/6451506006
54,2,Angelica capitellata,CC0,Ellen Watrous,iNaturalist,https://inaturalist-open-data.s3.amazonaws.com/photos/704421819/original.jpg,https://www.gbif.org/occurrence/6479610148
55,0,Angelica hendersonii,CC0,Dave Miller,iNaturalist,https://inaturalist-open-data.s3.amazonaws.com/photos/616241491/original.jpg,https://www.gbif.org/occurrence/6163054811
55,1,Angelica hendersonii,CC_BY,Judi Sanders,iNaturalist,https://inaturalist-open-data.s3.amazonaws.com/photos/642688174/original.jpg,https://www.gbif.org/occurrence/6234776624
55,2,Angelica hendersonii,CC_BY,Judi Sanders,iNaturalist,https://inaturalist-open-data.s3.amazonaws.com/photos/642686039/original.jpg,https://www.gbif.org/occurrence/6235660821
56,0,Angelica lucida,CC0,Barbara L. Wilson,iNaturalist,https://inaturalist-open-data.s3.amazonaws.com/photos/625391421/original.jpg,https://www.gbif.org/occurrence/6178343676
56,1,Angelica lucida,CC0,Barbara L. Wilson,iNaturalist,https://inaturalist-open-data.s3.amazonaws.com/photos/625241659/original.jpg,https://www.gbif.org/occurrence/6251447003
56,2,Angelica lucida,CC0,Barbara L. Wilson,iNaturalist,https://inaturalist-open-data.s3.amazonaws.com/photos/625241369/original.jpg,https://www.gbif.org/occurrence/6251762417
57,0,Anisocarpus madioides,CC_BY,Dee Shea Himes,iNaturalist,https://inaturalist-open-data.s3.amazonaws.com/photos/657568934/original.jpg,https://www.gbif.org/occurrence/6273495798
57,1,Anisocarpus madioides,CC_BY,Ed Alverson,iNaturalist,https://inaturalist-open-data.s3.amazonaws.com/photos/690032478/original.jpg,https://www.gbif.org/occurrence/6431325402
57,2,Anisocarpus madioides,CC_BY,Rodamu,iNaturalist,https://inaturalist-open-data.s3.amazonaws.com/photos/466032778/original.jpg,https://www.gbif.org/occurrence/5063444420
58,0,Antennaria dimorpha,CC_BY,Jeff Ward,iNaturalist,https://inaturalist-open-data.s3.amazonaws.com/photos/634538252/original.jpg,https://www.gbif.org/occurrence/6195407746
58,1,Antennaria dimorpha,CC_BY,James H. Thomas,iNaturalist,https://inaturalist-open-data.s3.amazonaws.com/photos/658057024/original.jpg,https://www.gbif.org/occurrence/6273904531
58,2,Antennaria dimorpha,CC_BY,James H. Thomas,iNaturalist,https://inaturalist-open-data.s3.amazonaws.com/photos/657378931/original.jpg,https://www.gbif.org/occurrence/6321022041
59,0,Antennaria rosea,CC_BY,Daniel Patterson,iNaturalist,https://inaturalist-open-data.s3.amazonaws.com/photos/676097071/original.jpg,https://www.gbif.org/occurrence/6399928393
59,1,Antennaria rosea,CC0,Barbara L. Wilson,iNaturalist,https://inaturalist-open-data.s3.amazonaws.com/photos/681926663/original.jpg,https://www.gbif.org/occurrence/6413315087
59,2,Antennaria rosea,CC0,Barbara L. Wilson,iNaturalist,https://inaturalist-open-data.s3.amazonaws.com/photos/523450992/original.jpg,https://www.gbif.org/occurrence/5206070944
60,0,Anthoxanthum odoratum,CC0,Barbara L. Wilson,iNaturalist,https://inaturalist-open-data.s3.amazonaws.com/photos/647056296/original.jpg,https://www.gbif.org/occurrence/6236236231
60,1,Anthoxanthum odoratum,CC0,Barbara L. Wilson,iNaturalist,https://inaturalist-open-data.s3.amazonaws.com/photos/647088700/original.jpg,https://www.gbif.org/occurrence/6236286797
60,2,Anthoxanthum odoratum,CC_BY,Jeff Ward,iNaturalist,https://inaturalist-open-data.s3.amazonaws.com/photos/649917450/original.jpg,https://www.gbif.org/occurrence/6253198070
61,0,Anthriscus caucalis,CC0,Barbara L. Wilson,iNaturalist,https://inaturalist-open-data.s3.amazonaws.com/photos/622340050/original.jpg,https://www.gbif.org/occurrence/6179133854
61,1,Anthriscus caucalis,CC0,Barbara L. Wilson,iNaturalist,https://inaturalist-open-data.s3.amazonaws.com/photos/625890751/original.jpg,https://www.gbif.org/occurrence/6185296728
61,2,Anthriscus caucalis,CC0,Kate Manning,iNaturalist,https://inaturalist-open-data.s3.amazonaws.com/photos/636793507/original.jpg,https://www.gbif.org/occurrence/6196016670
62,0,Antitrichia curtipendula,CC0,Barbara L. Wilson,iNaturalist,https://inaturalist-open-data.s3.amazonaws.com/photos/370576331/original.jpeg,https://www.gbif.org/occurrence/4852532194
62,1,Antitrichia curtipendula,CC0,Barbara L. Wilson,iNaturalist,https://inaturalist-open-data.s3.amazonaws.com/photos/178079315/original.jpeg,https://www.gbif.org/occurrence/3772638490
62,2,Antitrichia curtipendula,CC_BY,Brandon Corder,iNaturalist,https://inaturalist-open-data.s3.amazonaws.com/photos/59807896/original.jpeg,https://www.gbif.org/occurrence/4177212695
63,0,Aphyllon uniflorum,CC_BY,Kieran Hanrahan,iNaturalist,https://inaturalist-open-data.s3.amazonaws.com/photos/630561421/original.jpg,https://www.gbif.org/occurrence/6185333615
63,1,Aphyllon uniflorum,CC_BY,Kieran Hanrahan,iNaturalist,https://inaturalist-open-data.s3.amazonaws.com/photos/630562599/original.jpg,https://www.gbif.org/occurrence/6185858066
63,2,Aphyllon uniflorum,CC_BY,Jeff Ward,iNaturalist,https://inaturalist-open-data.s3.amazonaws.com/photos/645525560/original.jpg,https://www.gbif.org/occurrence/6234210258
64,0,Apocynum androsaemifolium,CC_BY,Ed Alverson,iNaturalist,https://inaturalist-open-data.s3.amazonaws.com/photos/659898963/original.jpg,https://www.gbif.org/occurrence/6320757821
64,1,Apocynum androsaemifolium,CC0,Aaron Liston,iNaturalist,https://inaturalist-open-data.s3.amazonaws.com/photos/664736611/original.jpg,https://www.gbif.org/occurrence/6334348741
64,2,Apocynum androsaemifolium,CC0,Tom Wainwright,iNaturalist,https://inaturalist-open-data.s3.amazonaws.com/photos/685763091/original.jpg,https://www.gbif.org/occurrence/6422413831
65,0,Aquilegia formosa,CC_BY,Judi Sanders,iNaturalist,https://inaturalist-open-data.s3.amazonaws.com/photos/626870191/original.jpg,https://www.gbif.org/occurrence/6185428189
65,1,Aquilegia formosa,CC_BY,Judi Sanders,iNaturalist,https://inaturalist-open-data.s3.amazonaws.com/photos/647101671/original.jpg,https://www.gbif.org/occurrence/6234332360
65,2,Aquilegia formosa,CC_BY,Dee Shea Himes,iNaturalist,https://inaturalist-open-data.s3.amazonaws.com/photos/647485432/original.jpg,https://www.gbif.org/occurrence/6235433359
66,0,Arabidopsis thaliana,CC_BY,Michael O'Loughlin,iNaturalist,https://inaturalist-open-data.s3.amazonaws.com/photos/625503032/original.jpg,https://www.gbif.org/occurrence/6184903344
66,1,Arabidopsis thaliana,CC0,Barbara L. Wilson,iNaturalist,https://inaturalist-open-data.s3.amazonaws.com/photos/630277181/original.jpg,https://www.gbif.org/occurrence/6184905190
66,2,Arabidopsis thaliana,CC0,Aaron Liston,iNaturalist,https://inaturalist-open-data.s3.amazonaws.com/photos/627887467/original.jpg,https://www.gbif.org/occurrence/6185398713
67,0,Arabis aculeolata,CC_BY,Jeff Ward,iNaturalist,https://inaturalist-open-data.s3.amazonaws.com/photos/629391102/original.jpg,https://www.gbif.org/occurrence/6185802990
67,1,Arabis aculeolata,CC_BY,Dee Shea Himes,iNaturalist,https://inaturalist-open-data.s3.amazonaws.com/photos/627427601/original.jpg,https://www.gbif.org/occurrence/6186079448
67,2,Arabis aculeolata,CC_BY,Jeff Ward,iNaturalist,https://inaturalist-open-data.s3.amazonaws.com/photos/631996901/original.jpg,https://www.gbif.org/occurrence/6188330242
68,0,Aralia californica,CC_BY,Dee Shea Himes,iNaturalist,https://inaturalist-open-data.s3.amazonaws.com/photos/687474771/original.jpg,https://www.gbif.org/occurrence/6422591053
68,1,Aralia californica,CC_BY,jonsense,iNaturalist,https://inaturalist-open-data.s3.amazonaws.com/photos/687143798/original.jpg,https://www.gbif.org/occurrence/6518460079
68,2,Aralia californica,CC_BY,Steve Matson,iNaturalist,https://inaturalist-open-data.s3.amazonaws.com/photos/703661540/original.jpg,https://www.gbif.org/occurrence/6470316008
69,0,Arbutus menziesii,CC_BY,Aden Sommerville,iNaturalist,https://inaturalist-open-data.s3.amazonaws.com/photos/607307749/original.jpg,https://www.gbif.org/occurrence/6130642563
69,1,Arbutus menziesii,CC0,Drew Meyer,iNaturalist,https://inaturalist-open-data.s3.amazonaws.com/photos/610065635/original.jpg,https://www.gbif.org/occurrence/6131072254
69,2,Arbutus menziesii,CC_BY,Tser,iNaturalist,https://inaturalist-open-data.s3.amazonaws.com/photos/613958782/original.jpg,https://www.gbif.org/occurrence/6147414852
70,0,Arceuthobium campylopodum,CC0,Drew Meyer,iNaturalist,https://inaturalist-open-data.s3.amazonaws.com/photos/632694440/original.jpg,https://www.gbif.org/occurrence/6400853546
70,1,Arceuthobium campylopodum,CC_BY,Daniel Patterson,iNaturalist,https://inaturalist-open-data.s3.amazonaws.com/photos/645904565/original.jpg,https://www.gbif.org/occurrence/6236478669
70,2,Arceuthobium campylopodum,CC_BY,Daniel Patterson,iNaturalist,https://inaturalist-open-data.s3.amazonaws.com/photos/491884931/original.jpg,https://www.gbif.org/occurrence/5140455396
71,0,Arctostaphylos columbiana,CC_BY,Merlla McLaughlin,iNaturalist,https://inaturalist-open-data.s3.amazonaws.com/photos/611742673/original.jpg,https://www.gbif.org/occurrence/6133418368
71,1,Arctostaphylos columbiana,CC0,Mike Palmer,iNaturalist,https://inaturalist-open-data.s3.amazonaws.com/photos/622941435/original.jpg,https://www.gbif.org/occurrence/6178303954
71,2,Arctostaphylos columbiana,CC0,Kate Manning,iNaturalist,https://inaturalist-open-data.s3.amazonaws.com/photos/625158770/original.jpg,https://www.gbif.org/occurrence/6179013768
72,0,Arctostaphylos nevadensis,CC0,Barbara L. Wilson,iNaturalist,https://inaturalist-open-data.s3.amazonaws.com/photos/645560834/original.jpg,https://www.gbif.org/occurrence/6234659544
72,1,Arctostaphylos nevadensis,CC0,Barbara L. Wilson,iNaturalist,https://inaturalist-open-data.s3.amazonaws.com/photos/506975691/original.jpg,https://www.gbif.org/occurrence/5167930092
72,2,Arctostaphylos nevadensis,CC_BY,Adam Schneider,iNaturalist,https://inaturalist-open-data.s3.amazonaws.com/photos/513513789/original.jpg,https://www.gbif.org/occurrence/5177245621
73,0,Arctostaphylos patula,CC_BY,Link Elmore,iNaturalist,https://inaturalist-open-data.s3.amazonaws.com/photos/632349258/original.jpg,https://www.gbif.org/occurrence/6195742950
73,1,Arctostaphylos patula,CC0,Barbara L. Wilson,iNaturalist,https://inaturalist-open-data.s3.amazonaws.com/photos/646398519/original.jpg,https://www.gbif.org/occurrence/6235446855
73,2,Arctostaphylos patula,CC_BY,Noah Strycker,iNaturalist,https://inaturalist-open-data.s3.amazonaws.com/photos/635662837/original.jpg,https://www.gbif.org/occurrence/6251511017
74,0,Arctostaphylos uva-ursi,CC_BY,Zach Earl,iNaturalist,https://inaturalist-open-data.s3.amazonaws.com/photos/617498432/original.jpg,https://www.gbif.org/occurrence/6163416833
74,1,Arctostaphylos uva-ursi,CC0,Barbara L. Wilson,iNaturalist,https://inaturalist-open-data.s3.amazonaws.com/photos/625234945/original.jpg,https://www.gbif.org/occurrence/6179325594
74,2,Arctostaphylos uva-ursi,CC0,Jonathan Whitaker,iNaturalist,https://inaturalist-open-data.s3.amazonaws.com/photos/630194872/original.jpg,https://www.gbif.org/occurrence/6236311591
75,0,Arctostaphylos viscida,CC_BY,Jeff Ward,iNaturalist,https://inaturalist-open-data.s3.amazonaws.com/photos/628977173/original.jpg,https://www.gbif.org/occurrence/6185315581
75,1,Arctostaphylos viscida,CC_BY,Jeff Ward,iNaturalist,https://inaturalist-open-data.s3.amazonaws.com/photos/627819337/original.jpg,https://www.gbif.org/occurrence/6185418508
75,2,Arctostaphylos viscida,CC_BY,Jeff Ward,iNaturalist,https://inaturalist-open-data.s3.amazonaws.com/photos/629392685/original.jpg,https://www.gbif.org/occurrence/6185994391
76,0,Argentina anserina,CC_BY,Judi Sanders,iNaturalist,https://inaturalist-open-data.s3.amazonaws.com/photos/642686031/original.jpg,https://www.gbif.org/occurrence/6234281734
76,1,Argentina anserina,CC0,Kate Manning,iNaturalist,https://inaturalist-open-data.s3.amazonaws.com/photos/647630449/original.jpg,https://www.gbif.org/occurrence/6235908348
76,2,Argentina anserina,CC0,mularo1,iNaturalist,https://inaturalist-open-data.s3.amazonaws.com/photos/661098455/original.jpg,https://www.gbif.org/occurrence/6320111078
77,0,Armeria maritima,CC0,Dave Miller,iNaturalist,https://inaturalist-open-data.s3.amazonaws.com/photos/616242016/original.jpg,https://www.gbif.org/occurrence/6159465271
77,1,Armeria maritima,CC_BY,harrii,iNaturalist,https://inaturalist-open-data.s3.amazonaws.com/photos/622310696/original.jpg,https://www.gbif.org/occurrence/6178845915
77,2,Armeria maritima,CC0,Barbara L. Wilson,iNaturalist,https://inaturalist-open-data.s3.amazonaws.com/photos/625383280/original.jpg,https://www.gbif.org/occurrence/6178955264
78,0,Arnica cordifolia,CC_BY,Daniel Patterson,iNaturalist,https://inaturalist-open-data.s3.amazonaws.com/photos/645906799/original.jpg,https://www.gbif.org/occurrence/6235481545
78,1,Arnica cordifolia,CC_BY,Daniel Patterson,iNaturalist,https://inaturalist-open-data.s3.amazonaws.com/photos/498876544/original.jpg,https://www.gbif.org/occurrence/5154668695
78,2,Arnica cordifolia,CC_BY,Daniel Patterson,iNaturalist,https://inaturalist-open-data.s3.amazonaws.com/photos/505061012/original.jpg,https://www.gbif.org/occurrence/5167255653
79,0,Arnica latifolia,CC0,Sarah Angulo,iNaturalist,https://inaturalist-open-data.s3.amazonaws.com/photos/513161211/original.jpg,https://www.gbif.org/occurrence/5177037618
79,1,Arnica latifolia,CC_BY,Kieran Hanrahan,iNaturalist,https://inaturalist-open-data.s3.amazonaws.com/photos/561188218/original.jpg,https://www.gbif.org/occurrence/5838176188
79,2,Arnica latifolia,CC0,Eugene I,iNaturalist,https://inaturalist-open-data.s3.amazonaws.com/photos/571634009/original.jpg,https://www.gbif.org/occurrence/5838295635
80,0,Artemisia arbuscula,CC_BY,Rachel Werling,iNaturalist,https://inaturalist-open-data.s3.amazonaws.com/photos/690530964/original.jpg,https://www.gbif.org/occurrence/6441688645
80,1,Artemisia arbuscula,CC_BY,Mark Pollock,iNaturalist,https://inaturalist-open-data.s3.amazonaws.com/photos/480277504/original.jpg,https://www.gbif.org/occurrence/5108230525
80,2,Artemisia arbuscula,CC_BY,Steve Matson,iNaturalist,https://inaturalist-open-data.s3.amazonaws.com/photos/532299623/original.jpg,https://www.gbif.org/occurrence/5920156430
81,0,Artemisia ludoviciana,CC_BY,Daniel Patterson,iNaturalist,https://inaturalist-open-data.s3.amazonaws.com/photos/644609332/original.jpg,https://www.gbif.org/occurrence/6236324733
81,1,Artemisia ludoviciana,CC0,Aaron Liston,iNaturalist,https://inaturalist-open-data.s3.amazonaws.com/photos/683160752/original.jpg,https://www.gbif.org/occurrence/6422123912
81,2,Artemisia ludoviciana,CC_BY,Daniel Patterson,iNaturalist,https://inaturalist-open-data.s3.amazonaws.com/photos/513832750/original.jpg,https://www.gbif.org/occurrence/5176678026
82,0,Artemisia tridentata,CC_BY,Zach Earl,iNaturalist,https://inaturalist-open-data.s3.amazonaws.com/photos/617788794/original.jpg,https://www.gbif.org/occurrence/6162900593
82,1,Artemisia tridentata,CC_BY,Zach Earl,iNaturalist,https://inaturalist-open-data.s3.amazonaws.com/photos/616656827/original.jpg,https://www.gbif.org/occurrence/6163073792
82,2,Artemisia tridentata,CC_BY,Daniel Patterson,iNaturalist,https://inaturalist-open-data.s3.amazonaws.com/photos/649127199/original.jpg,https://www.gbif.org/occurrence/6251454043
83,0,Arum italicum,CC_BY,Tom and T Herman,iNaturalist,https://inaturalist-open-data.s3.amazonaws.com/photos/621933877/original.jpg,https://www.gbif.org/occurrence/6178859631
83,1,Arum italicum,CC_BY,Jacobb L. Foster II,iNaturalist,https://inaturalist-open-data.s3.amazonaws.com/photos/625458604/original.jpg,https://www.gbif.org/occurrence/6184796993
83,2,Arum italicum,CC0,Barbara L. Wilson,iNaturalist,https://inaturalist-open-data.s3.amazonaws.com/photos/626687515/original.jpg,https://www.gbif.org/occurrence/6184924701
84,0,Aruncus dioicus,CC0,Barbara L. Wilson,iNaturalist,https://inaturalist-open-data.s3.amazonaws.com/photos/634187967/original.jpg,https://www.gbif.org/occurrence/6188261933
84,1,Aruncus dioicus,CC_BY,Kieran Hanrahan,iNaturalist,https://inaturalist-open-data.s3.amazonaws.com/photos/657629019/original.jpg,https://www.gbif.org/occurrence/6273540469
84,2,Aruncus dioicus,CC_BY,Michele Karmartsang,iNaturalist,https://inaturalist-open-data.s3.amazonaws.com/photos/655528334/original.jpg,https://www.gbif.org/occurrence/6274284600
85,0,Asarum caudatum,CC_BY,Andrew Still,iNaturalist,https://inaturalist-open-data.s3.amazonaws.com/photos/609131404/original.jpg,https://www.gbif.org/occurrence/6129812813
85,1,Asarum caudatum,CC_BY,Judi Sanders,iNaturalist,https://inaturalist-open-data.s3.amazonaws.com/photos/612824549/original.jpg,https://www.gbif.org/occurrence/6147489980
85,2,Asarum caudatum,CC_BY,David Anderson,iNaturalist,https://inaturalist-open-data.s3.amazonaws.com/photos/620063702/original.jpg,https://www.gbif.org/occurrence/6171050022
86,0,Asarum marmoratum,CC_BY,Judi Sanders,iNaturalist,https://inaturalist-open-data.s3.amazonaws.com/photos/647111512/original.jpg,https://www.gbif.org/occurrence/6251552600
86,1,Asarum marmoratum,CC_BY,Judi Sanders,iNaturalist,https://inaturalist-open-data.s3.amazonaws.com/photos/647102138/original.jpg,https://www.gbif.org/occurrence/6253351795
86,2,Asarum marmoratum,CC0,Drew Meyer,iNaturalist,https://inaturalist-open-data.s3.amazonaws.com/photos/666292570/original.jpg,https://www.gbif.org/occurrence/6422541053
87,0,Asclepias fascicularis,CC_BY,Brodie Cass Talbott,iNaturalist,https://inaturalist-open-data.s3.amazonaws.com/photos/676543347/original.jpg,https://www.gbif.org/occurrence/6400056753
87,1,Asclepias fascicularis,CC0,Aaron Liston,iNaturalist,https://inaturalist-open-data.s3.amazonaws.com/photos/683152364/original.jpg,https://www.gbif.org/occurrence/6413246538
87,2,Asclepias fascicularis,CC_BY,Brodie Cass Talbott,iNaturalist,https://inaturalist-open-data.s3.amazonaws.com/photos/686721209/original.jpg,https://www.gbif.org/occurrence/6422788920
88,0,Asclepias speciosa,CC0,Barbara L. Wilson,iNaturalist,https://inaturalist-open-data.s3.amazonaws.com/photos/662460091/original.jpg,https://www.gbif.org/occurrence/6334499024
88,1,Asclepias speciosa,CC_BY,Jeff Ward,iNaturalist,https://inaturalist-open-data.s3.amazonaws.com/photos/655044533/original.jpg,https://www.gbif.org/occurrence/6273284136
88,2,Asclepias speciosa,CC0,Barbara L. Wilson,iNaturalist,https://inaturalist-open-data.s3.amazonaws.com/photos/666778081/original.jpg,https://www.gbif.org/occurrence/6353330709
89,0,Aspidotis densa,CC_BY,Jeff Ward,iNaturalist,https://inaturalist-open-data.s3.amazonaws.com/photos/630441366/original.jpg,https://www.gbif.org/occurrence/6184812145
89,1,Aspidotis densa,CC_BY,Jeff Ward,iNaturalist,https://inaturalist-open-data.s3.amazonaws.com/photos/630437513/original.jpg,https://www.gbif.org/occurrence/6184895640
89,2,Aspidotis densa,CC_BY,Jeff Ward,iNaturalist,https://inaturalist-open-data.s3.amazonaws.com/photos/630437497/original.jpg,https://www.gbif.org/occurrence/6185046030
90,0,Astragalus conjunctus,CC_BY,Adam Schneider,iNaturalist,https://inaturalist-open-data.s3.amazonaws.com/photos/640574463/original.jpg,https://www.gbif.org/occurrence/6499180859
90,1,Astragalus conjunctus,CC_BY,Adam Schneider,iNaturalist,https://inaturalist-open-data.s3.amazonaws.com/photos/642802403/original.jpg,https://www.gbif.org/occurrence/6499701234
90,2,Astragalus conjunctus,CC_BY,Adam Schneider,iNaturalist,https://inaturalist-open-data.s3.amazonaws.com/photos/642802415/original.jpg,https://www.gbif.org/occurrence/6499954529
91,0,Astragalus curvicarpus,CC_BY,Adam Schneider,iNaturalist,https://inaturalist-open-data.s3.amazonaws.com/photos/665610643/original.jpg,https://www.gbif.org/occurrence/6333854304
91,1,Astragalus curvicarpus,CC_BY,Adam Schneider,iNaturalist,https://inaturalist-open-data.s3.amazonaws.com/photos/665610658/original.jpg,https://www.gbif.org/occurrence/6334249644
91,2,Astragalus curvicarpus,CC_BY,James H. Thomas,iNaturalist,https://inaturalist-open-data.s3.amazonaws.com/photos/501419520/original.jpeg,https://www.gbif.org/occurrence/6130946174
92,0,Astragalus filipes,CC_BY,Michael O'Loughlin,iNaturalist,https://inaturalist-open-data.s3.amazonaws.com/photos/665358762/original.jpg,https://www.gbif.org/occurrence/6519042999
92,1,Astragalus filipes,CC_BY,James H. Thomas,iNaturalist,https://inaturalist-open-data.s3.amazonaws.com/photos/657981167/original.jpg,https://www.gbif.org/occurrence/6519108834
92,2,Astragalus filipes,CC_BY,James H. Thomas,iNaturalist,https://inaturalist-open-data.s3.amazonaws.com/photos/657326516/original.jpg,https://www.gbif.org/occurrence/6519708805
93,0,Astragalus lentiginosus,CC_BY,Adam Schneider,iNaturalist,https://inaturalist-open-data.s3.amazonaws.com/photos/642793535/original.jpg,https://www.gbif.org/occurrence/6500021339
93,1,Astragalus lentiginosus,CC_BY,Adam Schneider,iNaturalist,https://inaturalist-open-data.s3.amazonaws.com/photos/665607522/original.jpg,https://www.gbif.org/occurrence/6352900782
93,2,Astragalus lentiginosus,CC_BY,Michael O'Loughlin,iNaturalist,https://inaturalist-open-data.s3.amazonaws.com/photos/678668173/original.jpg,https://www.gbif.org/occurrence/6499024872
94,0,Astragalus purshii,CC_BY,Zach Earl,iNaturalist,https://inaturalist-open-data.s3.amazonaws.com/photos/616829338/original.jpg,https://www.gbif.org/occurrence/6178453091
94,1,Astragalus purshii,CC_BY,Michael O'Loughlin,iNaturalist,https://inaturalist-open-data.s3.amazonaws.com/photos/637642226/original.jpg,https://www.gbif.org/occurrence/6195391815
94,2,Astragalus purshii,CC_BY,Adam Schneider,iNaturalist,https://inaturalist-open-data.s3.amazonaws.com/photos/642788805/original.jpg,https://www.gbif.org/occurrence/6500244377
95,0,Astragalus whitneyi,CC0,Drew Meyer,iNaturalist,https://inaturalist-open-data.s3.amazonaws.com/photos/662514896/original.jpg,https://www.gbif.org/occurrence/6399448349
95,1,Astragalus whitneyi,CC_BY,Parker James Lloyd,iNaturalist,https://inaturalist-open-data.s3.amazonaws.com/photos/696954826/original.jpg,https://www.gbif.org/occurrence/6498125971
95,2,Astragalus whitneyi,CC_BY,Parker James Lloyd,iNaturalist,https://inaturalist-open-data.s3.amazonaws.com/photos/696954600/original.jpg,https://www.gbif.org/occurrence/6498698773
96,0,Athyrium cyclosorum,CC_BY,Tser,iNaturalist,https://inaturalist-open-data.s3.amazonaws.com/photos/697801534/original.jpg,https://www.gbif.org/occurrence/6452252492
96,1,Athyrium cyclosorum,CC_BY,Tser,iNaturalist,https://inaturalist-open-data.s3.amazonaws.com/photos/720737724/original.jpg,https://www.gbif.org/occurrence/6498620525
96,2,Athyrium cyclosorum,CC0,Alan Weakley,iNaturalist,https://inaturalist-open-data.s3.amazonaws.com/photos/509638921/original.jpg,https://www.gbif.org/occurrence/5167481249
97,0,Athyrium filix-femina,CC0,Barbara L. Wilson,iNaturalist,https://inaturalist-open-data.s3.amazonaws.com/photos/625372479/original.jpg,https://www.gbif.org/occurrence/6178298169
97,1,Athyrium filix-femina,CC_BY,Jacobb L. Foster II,iNaturalist,https://inaturalist-open-data.s3.amazonaws.com/photos/633856420/original.jpg,https://www.gbif.org/occurrence/6188186579
97,2,Athyrium filix-femina,CC0,Barbara L. Wilson,iNaturalist,https://inaturalist-open-data.s3.amazonaws.com/photos/634188452/original.jpg,https://www.gbif.org/occurrence/6188189896
98,0,Aulacomnium androgynum,CC_BY,Jeff Ward,iNaturalist,https://inaturalist-open-data.s3.amazonaws.com/photos/621827961/original.jpg,https://www.gbif.org/occurrence/6178960045
98,1,Aulacomnium androgynum,CC0,Deniz Wilson,iNaturalist,https://inaturalist-open-data.s3.amazonaws.com/photos/477461790/original.jpeg,https://www.gbif.org/occurrence/5108157866
98,2,Aulacomnium androgynum,CC0,Barbara L. Wilson,iNaturalist,https://inaturalist-open-data.s3.amazonaws.com/photos/373652466/original.jpeg,https://www.gbif.org/occurrence/4867732144
99,0,Baccharis pilularis,CC0,Barbara L. Wilson,iNaturalist,https://inaturalist-open-data.s3.amazonaws.com/photos/608982728/original.jpg,https://www.gbif.org/occurrence/6131149708
99,1,Baccharis pilularis,CC0,Barbara L. Wilson,iNaturalist,https://inaturalist-open-data.s3.amazonaws.com/photos/618312754/original.jpg,https://www.gbif.org/occurrence/6163415650
99,2,Baccharis pilularis,CC0,Barbara L. Wilson,iNaturalist,https://inaturalist-open-data.s3.amazonaws.com/photos/625346609/original.jpg,https://www.gbif.org/occurrence/6178450410
100,0,Balsamorhiza careyana,CC0,Tom Wainwright,iNaturalist,https://inaturalist-open-data.s3.amazonaws.com/photos/632983418/original.jpg,https://www.gbif.org/occurrence/6353224664
100,1,Balsamorhiza careyana,CC_BY,Adam Schneider,iNaturalist,https://inaturalist-open-data.s3.amazonaws.com/photos/665458382/original.jpg,https://www.gbif.org/occurrence/6334126780
100,2,Balsamorhiza careyana,CC_BY,Adam Schneider,iNaturalist,https://inaturalist-open-data.s3.amazonaws.com/photos/473750420/original.jpg,https://www.gbif.org/occurrence/5087357024
101,0,Balsamorhiza deltoidea,CC_BY,Dee Shea Himes,iNaturalist,https://inaturalist-open-data.s3.amazonaws.com/photos/630233152/original.jpg,https://www.gbif.org/occurrence/6185058097
101,1,Balsamorhiza deltoidea,CC_BY,Dee Shea Himes,iNaturalist,https://inaturalist-open-data.s3.amazonaws.com/photos/627884371/original.jpg,https://www.gbif.org/occurrence/6185815202
101,2,Balsamorhiza deltoidea,CC_BY,Jeff Ward,iNaturalist,https://inaturalist-open-data.s3.amazonaws.com/photos/629391440/original.jpg,https://www.gbif.org/occurrence/6186082808
102,0,Balsamorhiza serrata,CC_BY,Konshau Duman,iNaturalist,https://inaturalist-open-data.s3.amazonaws.com/photos/610560941/original.jpg,https://www.gbif.org/occurrence/6130848631
102,1,Balsamorhiza serrata,CC_BY,James H. Thomas,iNaturalist,https://inaturalist-open-data.s3.amazonaws.com/photos/501209619/original.jpeg,https://www.gbif.org/occurrence/5153122053
102,2,Balsamorhiza serrata,CC0,Drew Meyer,iNaturalist,https://inaturalist-open-data.s3.amazonaws.com/photos/349961149/original.jpeg,https://www.gbif.org/occurrence/4535575064
103,0,Bellardia viscosa,CC_BY,Cris Waller,iNaturalist,https://inaturalist-open-data.s3.amazonaws.com/photos/668512140/original.jpg,https://www.gbif.org/occurrence/6352398924
103,1,Bellardia viscosa,CC0,Nancy Clogston,iNaturalist,https://inaturalist-open-data.s3.amazonaws.com/photos/667793364/original.jpg,https://www.gbif.org/occurrence/6400456153
103,2,Bellardia viscosa,CC0,Barbara L. Wilson,iNaturalist,https://inaturalist-open-data.s3.amazonaws.com/photos/673627770/original.jpg,https://www.gbif.org/occurrence/6398964896
104,0,Bellis perennis,CC0,Barbara L. Wilson,iNaturalist,https://inaturalist-open-data.s3.amazonaws.com/photos/608175406/original.jpg,https://www.gbif.org/occurrence/6129854891
104,1,Bellis perennis,CC_BY,Aden Sommerville,iNaturalist,https://inaturalist-open-data.s3.amazonaws.com/photos/607314149/original.jpg,https://www.gbif.org/occurrence/6129907910
104,2,Bellis perennis,CC0,Barbara L. Wilson,iNaturalist,https://inaturalist-open-data.s3.amazonaws.com/photos/608744196/original.jpg,https://www.gbif.org/occurrence/6131328809
105,0,Bidens cernua,CC_BY,Jeff Ward,iNaturalist,https://inaturalist-open-data.s3.amazonaws.com/photos/728622886/original.jpg,https://www.gbif.org/occurrence/6519037574
105,1,Bidens cernua,CC_BY,Jeff Ward,iNaturalist,https://inaturalist-open-data.s3.amazonaws.com/photos/560148706/original.jpg,https://www.gbif.org/occurrence/5760201619
105,2,Bidens cernua,CC0,Barbara L. Wilson,iNaturalist,https://inaturalist-open-data.s3.amazonaws.com/photos/561519348/original.jpg,https://www.gbif.org/occurrence/5760734889
106,0,Bistorta bistortoides,CC0,Drew Meyer,iNaturalist,https://inaturalist-open-data.s3.amazonaws.com/photos/662496227/original.jpg,https://www.gbif.org/occurrence/6334206390
106,1,Bistorta bistortoides,CC0,Drew Meyer,iNaturalist,https://inaturalist-open-data.s3.amazonaws.com/photos/666600633/original.jpg,https://www.gbif.org/occurrence/6334724762
106,2,Bistorta bistortoides,CC_BY,Kieran Hanrahan,iNaturalist,https://inaturalist-open-data.s3.amazonaws.com/photos/682512219/original.jpg,https://www.gbif.org/occurrence/6414096742
107,0,Blepharipappus scaber,CC_BY,Dee Shea Himes,iNaturalist,https://inaturalist-open-data.s3.amazonaws.com/photos/640353957/original.jpg,https://www.gbif.org/occurrence/6234578122
107,1,Blepharipappus scaber,CC_BY,James H. Thomas,iNaturalist,https://inaturalist-open-data.s3.amazonaws.com/photos/657423988/original.jpg,https://www.gbif.org/occurrence/6273804695
107,2,Blepharipappus scaber,CC_BY,James H. Thomas,iNaturalist,https://inaturalist-open-data.s3.amazonaws.com/photos/657427491/original.jpg,https://www.gbif.org/occurrence/6274197802
108,0,Borago officinalis,CC0,Barbara L. Wilson,iNaturalist,https://inaturalist-open-data.s3.amazonaws.com/photos/607852011/original.jpg,https://www.gbif.org/occurrence/6130860198
108,1,Borago officinalis,CC_BY,Aden Sommerville,iNaturalist,https://inaturalist-open-data.s3.amazonaws.com/photos/634599704/original.jpg,https://www.gbif.org/occurrence/6195717274
108,2,Borago officinalis,CC0,Drew Meyer,iNaturalist,https://inaturalist-open-data.s3.amazonaws.com/photos/639395612/original.jpg,https://www.gbif.org/occurrence/6234696056
109,0,Boykinia occidentalis,CC_BY,Kieran Hanrahan,iNaturalist,https://inaturalist-open-data.s3.amazonaws.com/photos/670025086/original.jpg,https://www.gbif.org/occurrence/6353262859
109,1,Boykinia occidentalis,CC0,Drew Meyer,iNaturalist,https://inaturalist-open-data.s3.amazonaws.com/photos/666645258/original.jpg,https://www.gbif.org/occurrence/6422547395
109,2,Boykinia occidentalis,CC_BY,Judi Sanders,iNaturalist,https://inaturalist-open-data.s3.amazonaws.com/photos/685004414/original.jpg,https://www.gbif.org/occurrence/6422922542
110,0,Brachypodium sylvaticum,CC0,Barbara L. Wilson,iNaturalist,https://inaturalist-open-data.s3.amazonaws.com/photos/626046662/original.jpg,https://www.gbif.org/occurrence/6184948994
110,1,Brachypodium sylvaticum,CC0,Barbara L. Wilson,iNaturalist,https://inaturalist-open-data.s3.amazonaws.com/photos/626691921/original.jpg,https://www.gbif.org/occurrence/6185055717
110,2,Brachypodium sylvaticum,CC0,Barbara L. Wilson,iNaturalist,https://inaturalist-open-data.s3.amazonaws.com/photos/636839911/original.jpg,https://www.gbif.org/occurrence/6273313401
111,0,Brassica rapa,CC0,Nancy Clogston,iNaturalist,https://inaturalist-open-data.s3.amazonaws.com/photos/640797774/original.jpg,https://www.gbif.org/occurrence/6398869535
111,1,Brassica rapa,CC0,mourningdoveenthusiast,iNaturalist,https://inaturalist-open-data.s3.amazonaws.com/photos/486977497/original.png,https://www.gbif.org/occurrence/5133808844
111,2,Brassica rapa,CC0,Craig Martin,iNaturalist,https://inaturalist-open-data.s3.amazonaws.com/photos/526894135/original.jpg,https://www.gbif.org/occurrence/5889548063
112,0,Brewerimitella ovalis,CC_BY,Parker James Lloyd,iNaturalist,https://inaturalist-open-data.s3.amazonaws.com/photos/650160814/original.jpg,https://www.gbif.org/occurrence/6251814120
112,1,Brewerimitella ovalis,CC_BY,harrii,iNaturalist,https://inaturalist-open-data.s3.amazonaws.com/photos/664228720/original.jpg,https://www.gbif.org/occurrence/6333899392
112,2,Brewerimitella ovalis,CC_BY,Judi Sanders,iNaturalist,https://inaturalist-open-data.s3.amazonaws.com/photos/661488646/original.jpg,https://www.gbif.org/occurrence/6334069467
113,0,Briza maxima,CC0,Barbara L. Wilson,iNaturalist,https://inaturalist-open-data.s3.amazonaws.com/photos/651467614/original.jpg,https://www.gbif.org/occurrence/6252103847
113,1,Briza maxima,CC_BY,Therese Phillips,iNaturalist,https://inaturalist-open-data.s3.amazonaws.com/photos/678717284/original.jpg,https://www.gbif.org/occurrence/6400448534
113,2,Briza maxima,CC_BY,Therese Phillips,iNaturalist,https://inaturalist-open-data.s3.amazonaws.com/photos/678718240/original.jpg,https://www.gbif.org/occurrence/6400716664
114,0,Brodiaea elegans,CC0,John Kemner,iNaturalist,https://inaturalist-open-data.s3.amazonaws.com/photos/671203397/original.jpg,https://www.gbif.org/occurrence/6352626948
114,1,Brodiaea elegans,CC0,John Kemner,iNaturalist,https://inaturalist-open-data.s3.amazonaws.com/photos/675015286/original.jpg,https://www.gbif.org/occurrence/6399127303
114,2,Brodiaea elegans,CC0,Nancy Clogston,iNaturalist,https://inaturalist-open-data.s3.amazonaws.com/photos/667820342/original.jpg,https://www.gbif.org/occurrence/6479635392
115,0,Bromus carinatus,CC_BY,Ed Alverson,iNaturalist,https://inaturalist-open-data.s3.amazonaws.com/photos/689486434/original.jpg,https://www.gbif.org/occurrence/6431053839
115,1,Bromus carinatus,CC0,Barbara L. Wilson,iNaturalist,https://inaturalist-open-data.s3.amazonaws.com/photos/515961225/original.jpg,https://www.gbif.org/occurrence/5187546257
115,2,Bromus carinatus,CC0,Barbara L. Wilson,iNaturalist,https://inaturalist-open-data.s3.amazonaws.com/photos/515961818/original.jpg,https://www.gbif.org/occurrence/5187783468
116,0,Bromus hordeaceus,CC0,Barbara L. Wilson,iNaturalist,https://inaturalist-open-data.s3.amazonaws.com/photos/655768542/original.jpg,https://www.gbif.org/occurrence/6273349482
116,1,Bromus hordeaceus,CC0,Barbara L. Wilson,iNaturalist,https://inaturalist-open-data.s3.amazonaws.com/photos/667586368/original.jpg,https://www.gbif.org/occurrence/6353236432
116,2,Bromus hordeaceus,CC0,Kate Manning,iNaturalist,https://inaturalist-open-data.s3.amazonaws.com/photos/694927764/original.jpg,https://www.gbif.org/occurrence/6441574835
117,0,Bromus marginatus,CC0,Barbara L. Wilson,iNaturalist,https://inaturalist-open-data.s3.amazonaws.com/photos/681917244/original.jpg,https://www.gbif.org/occurrence/6469875616
117,1,Bromus marginatus,CC0,Barbara L. Wilson,iNaturalist,https://inaturalist-open-data.s3.amazonaws.com/photos/304269282/original.jpeg,https://www.gbif.org/occurrence/4506421991
117,2,Bromus marginatus,CC0,Barbara L. Wilson,iNaturalist,https://inaturalist-open-data.s3.amazonaws.com/photos/302626594/original.jpeg,https://www.gbif.org/occurrence/4512053016
118,0,Bromus tectorum,CC0,Barbara L. Wilson,iNaturalist,https://inaturalist-open-data.s3.amazonaws.com/photos/631310612/original.jpg,https://www.gbif.org/occurrence/6188250410
118,1,Bromus tectorum,CC0,Barbara L. Wilson,iNaturalist,https://inaturalist-open-data.s3.amazonaws.com/photos/630333679/original.jpg,https://www.gbif.org/occurrence/6399695890
118,2,Bromus tectorum,CC0,Barbara L. Wilson,iNaturalist,https://inaturalist-open-data.s3.amazonaws.com/photos/630333431/original.jpg,https://www.gbif.org/occurrence/6400680667
119,0,Bromus vulgaris,CC_BY,Aden Sommerville,iNaturalist,https://inaturalist-open-data.s3.amazonaws.com/photos/684420793/original.jpg,https://www.gbif.org/occurrence/6422213431
119,1,Bromus vulgaris,CC_BY,Ed Alverson,iNaturalist,https://inaturalist-open-data.s3.amazonaws.com/photos/696802958/original.jpg,https://www.gbif.org/occurrence/6440937038
119,2,Bromus vulgaris,CC0,Alan Weakley,iNaturalist,https://inaturalist-open-data.s3.amazonaws.com/photos/510092857/original.jpg,https://www.gbif.org/occurrence/6163277618
120,0,Buddleja davidii,CC0,Barbara L. Wilson,iNaturalist,https://inaturalist-open-data.s3.amazonaws.com/photos/620763771/original.jpg,https://www.gbif.org/occurrence/6178821499
120,1,Buddleja davidii,CC0,Barbara L. Wilson,iNaturalist,https://inaturalist-open-data.s3.amazonaws.com/photos/620763959/original.jpg,https://www.gbif.org/occurrence/6179139702
120,2,Buddleja davidii,CC0,Barbara L. Wilson,iNaturalist,https://inaturalist-open-data.s3.amazonaws.com/photos/663082820/original.jpg,https://www.gbif.org/occurrence/6334753732
121,0,Cacaliopsis nardosmia,CC_BY,Dee Shea Himes,iNaturalist,https://inaturalist-open-data.s3.amazonaws.com/photos/632929926/original.jpg,https://www.gbif.org/occurrence/6188129816
121,1,Cacaliopsis nardosmia,CC_BY,Jeff Ward,iNaturalist,https://inaturalist-open-data.s3.amazonaws.com/photos/632895039/original.jpg,https://www.gbif.org/occurrence/6188338607
121,2,Cacaliopsis nardosmia,CC_BY,Dee Shea Himes,iNaturalist,https://inaturalist-open-data.s3.amazonaws.com/photos/640274713/original.jpg,https://www.gbif.org/occurrence/6234640642
122,0,Cakile edentula,CC0,Barbara L. Wilson,iNaturalist,https://inaturalist-open-data.s3.amazonaws.com/photos/615065178/original.jpg,https://www.gbif.org/occurrence/6159193345
122,1,Cakile edentula,CC_BY,Brad Grimm,iNaturalist,https://inaturalist-open-data.s3.amazonaws.com/photos/681101584/original.jpg,https://www.gbif.org/occurrence/6413106986
122,2,Cakile edentula,CC_BY,Therese Phillips,iNaturalist,https://inaturalist-open-data.s3.amazonaws.com/photos/681246871/original.jpg,https://www.gbif.org/occurrence/6413678670
123,0,Cakile maritima,CC0,Barbara L. Wilson,iNaturalist,https://inaturalist-open-data.s3.amazonaws.com/photos/615065245/original.jpg,https://www.gbif.org/occurrence/6159325929
123,1,Cakile maritima,CC0,Barbara L. Wilson,iNaturalist,https://inaturalist-open-data.s3.amazonaws.com/photos/621641243/original.jpg,https://www.gbif.org/occurrence/6179564678
123,2,Cakile maritima,CC_BY,Laura Gaudette,iNaturalist,https://inaturalist-open-data.s3.amazonaws.com/photos/667512645/original.jpg,https://www.gbif.org/occurrence/6353180931
124,0,Calamagrostis arenaria,CC0,Barbara L. Wilson,iNaturalist,https://inaturalist-open-data.s3.amazonaws.com/photos/608744771/original.jpg,https://www.gbif.org/occurrence/6129984272
124,1,Calamagrostis arenaria,CC0,Barbara L. Wilson,iNaturalist,https://inaturalist-open-data.s3.amazonaws.com/photos/608986142/original.jpg,https://www.gbif.org/occurrence/6130890547
124,2,Calamagrostis arenaria,CC0,Barbara L. Wilson,iNaturalist,https://inaturalist-open-data.s3.amazonaws.com/photos/608530112/original.jpg,https://www.gbif.org/occurrence/6131228398
125,0,Calocedrus decurrens,CC0,Barbara L. Wilson,iNaturalist,https://inaturalist-open-data.s3.amazonaws.com/photos/627410340/original.jpg,https://www.gbif.org/occurrence/6184872257
125,1,Calocedrus decurrens,CC_BY,Rodamu,iNaturalist,https://inaturalist-open-data.s3.amazonaws.com/photos/630520621/original.jpg,https://www.gbif.org/occurrence/6185235603
125,2,Calocedrus decurrens,CC0,Barbara L. Wilson,iNaturalist,https://inaturalist-open-data.s3.amazonaws.com/photos/646418395/original.jpg,https://www.gbif.org/occurrence/6252596714
126,0,Calochortus elegans,CC_BY,Dee Shea Himes,iNaturalist,https://inaturalist-open-data.s3.amazonaws.com/photos/655594498/original.jpg,https://www.gbif.org/occurrence/6274102301
126,1,Calochortus elegans,CC_BY,Mark Pollock,iNaturalist,https://inaturalist-open-data.s3.amazonaws.com/photos/669492451/original.jpg,https://www.gbif.org/occurrence/6353091631
126,2,Calochortus elegans,CC0,Jon Eilers,iNaturalist,https://inaturalist-open-data.s3.amazonaws.com/photos/671045225/original.jpg,https://www.gbif.org/occurrence/6353273439
127,0,Calochortus eurycarpus,CC0,Paul McClellan,iNaturalist,https://inaturalist-open-data.s3.amazonaws.com/photos/546684798/original.jpg,https://www.gbif.org/occurrence/5282589545
127,1,Calochortus eurycarpus,CC0,Kate Manning,iNaturalist,https://inaturalist-open-data.s3.amazonaws.com/photos/396744441/original.jpg,https://www.gbif.org/occurrence/4901382347
127,2,Calochortus eurycarpus,CC_BY,Peter Brastow,iNaturalist,https://inaturalist-open-data.s3.amazonaws.com/photos/406118525/original.jpeg,https://www.gbif.org/occurrence/4908296849
128,0,Calochortus macrocarpus,CC_BY,John Clonce,iNaturalist,https://inaturalist-open-data.s3.amazonaws.com/photos/675034651/original.jpg,https://www.gbif.org/occurrence/6398617733
128,1,Calochortus macrocarpus,CC_BY,John Clonce,iNaturalist,https://inaturalist-open-data.s3.amazonaws.com/photos/683901534/original.jpg,https://www.gbif.org/occurrence/6413219893
128,2,Calochortus macrocarpus,CC_BY,Adam Pierce,iNaturalist,https://inaturalist-open-data.s3.amazonaws.com/photos/679937112/original.jpg,https://www.gbif.org/occurrence/6413777467
129,0,Calochortus subalpinus,CC_BY,David Anderson,iNaturalist,https://inaturalist-open-data.s3.amazonaws.com/photos/679415557/original.jpg,https://www.gbif.org/occurrence/6399192231
129,1,Calochortus subalpinus,CC0,Kate Manning,iNaturalist,https://inaturalist-open-data.s3.amazonaws.com/photos/678667329/original.jpg,https://www.gbif.org/occurrence/6399644370
129,2,Calochortus subalpinus,CC_BY,David Anderson,iNaturalist,https://inaturalist-open-data.s3.amazonaws.com/photos/675450035/original.jpg,https://www.gbif.org/occurrence/6400427607
130,0,Calochortus tolmiei,CC_BY,Dee Shea Himes,iNaturalist,https://inaturalist-open-data.s3.amazonaws.com/photos/625247094/original.jpg,https://www.gbif.org/occurrence/6179325598
130,1,Calochortus tolmiei,CC_BY,Konshau Duman,iNaturalist,https://inaturalist-open-data.s3.amazonaws.com/photos/629003024/original.jpg,https://www.gbif.org/occurrence/6184740891
130,2,Calochortus tolmiei,CC_BY,Dee Shea Himes,iNaturalist,https://inaturalist-open-data.s3.amazonaws.com/photos/629826161/original.jpg,https://www.gbif.org/occurrence/6185100030
131,0,Caltha biflora,CC_BY,Merlla McLaughlin,iNaturalist,https://inaturalist-open-data.s3.amazonaws.com/photos/664738500/original.jpg,https://www.gbif.org/occurrence/6431061928
131,1,Caltha biflora,CC_BY,Kieran Hanrahan,iNaturalist,https://inaturalist-open-data.s3.amazonaws.com/photos/682804088/original.jpg,https://www.gbif.org/occurrence/6412988394
131,2,Caltha biflora,CC_BY,David Anderson,iNaturalist,https://inaturalist-open-data.s3.amazonaws.com/photos/525425633/original.jpg,https://www.gbif.org/occurrence/5206763594
132,0,Calypso bulbosa,CC_BY,Dee Shea Himes,iNaturalist,https://inaturalist-open-data.s3.amazonaws.com/photos/630968200/original.jpg,https://www.gbif.org/occurrence/6184902016
132,1,Calypso bulbosa,CC_BY,Dee Shea Himes,iNaturalist,https://inaturalist-open-data.s3.amazonaws.com/photos/630968684/original.jpg,https://www.gbif.org/occurrence/6185092183
132,2,Calypso bulbosa,CC_BY,Dee Shea Himes,iNaturalist,https://inaturalist-open-data.s3.amazonaws.com/photos/630225928/original.jpg,https://www.gbif.org/occurrence/6185115171
133,0,Calyptridium umbellatum,CC_BY,Mrs. T,iNaturalist,https://inaturalist-open-data.s3.amazonaws.com/photos/659959630/original.jpg,https://www.gbif.org/occurrence/6321179322
133,1,Calyptridium umbellatum,CC_BY,Brodie Cass Talbott,iNaturalist,https://inaturalist-open-data.s3.amazonaws.com/photos/680237719/original.jpg,https://www.gbif.org/occurrence/6413440320
133,2,Calyptridium umbellatum,CC0,Tom Wainwright,iNaturalist,https://inaturalist-open-data.s3.amazonaws.com/photos/681921453/original.jpg,https://www.gbif.org/occurrence/6413845509
134,0,Calystegia soldanella,CC0,Barbara L. Wilson,iNaturalist,https://inaturalist-open-data.s3.amazonaws.com/photos/633850383/original.jpg,https://www.gbif.org/occurrence/6234364035
134,1,Calystegia soldanella,CC_BY,harrii,iNaturalist,https://inaturalist-open-data.s3.amazonaws.com/photos/664228619/original.jpg,https://www.gbif.org/occurrence/6334441059
134,2,Calystegia soldanella,CC_BY,Kierstin Thompson,iNaturalist,https://inaturalist-open-data.s3.amazonaws.com/photos/679918958/original.jpg,https://www.gbif.org/occurrence/6413611976
135,0,Camassia leichtlinii,CC0,Kate Manning,iNaturalist,https://inaturalist-open-data.s3.amazonaws.com/photos/627056846/original.jpg,https://www.gbif.org/occurrence/6185822059
135,1,Camassia leichtlinii,CC_BY,Judi Sanders,iNaturalist,https://inaturalist-open-data.s3.amazonaws.com/photos/631580702/original.jpg,https://www.gbif.org/occurrence/6399703248
135,2,Camassia leichtlinii,CC_BY,Gail A Baker,iNaturalist,https://inaturalist-open-data.s3.amazonaws.com/photos/634965921/original.jpg,https://www.gbif.org/occurrence/6195454324
136,0,Camassia quamash,CC_BY,Michele Karmartsang,iNaturalist,https://inaturalist-open-data.s3.amazonaws.com/photos/636341447/original.jpg,https://www.gbif.org/occurrence/6195286389
136,1,Camassia quamash,CC_BY,Kendall Core,iNaturalist,https://inaturalist-open-data.s3.amazonaws.com/photos/636296070/original.jpg,https://www.gbif.org/occurrence/6195681567
136,2,Camassia quamash,CC0,Barbara L. Wilson,iNaturalist,https://inaturalist-open-data.s3.amazonaws.com/photos/641211481/original.jpg,https://www.gbif.org/occurrence/6234245536
137,0,Campanula scouleri,CC_BY,Kieran Hanrahan,iNaturalist,https://inaturalist-open-data.s3.amazonaws.com/photos/670012539/original.jpg,https://www.gbif.org/occurrence/6352596863
137,1,Campanula scouleri,CC_BY,Kieran Hanrahan,iNaturalist,https://inaturalist-open-data.s3.amazonaws.com/photos/683808874/original.jpg,https://www.gbif.org/occurrence/6413618529
137,2,Campanula scouleri,CC0,Barbara L. Wilson,iNaturalist,https://inaturalist-open-data.s3.amazonaws.com/photos/683079087/original.jpg,https://www.gbif.org/occurrence/6413993569
138,0,Canadanthus modestus,CC_BY,Cody Hinchliff,iNaturalist,https://inaturalist-open-data.s3.amazonaws.com/photos/697426480/original.jpg,https://www.gbif.org/occurrence/6470437837
138,1,Canadanthus modestus,CC_BY,Jeff Ward,iNaturalist,https://inaturalist-open-data.s3.amazonaws.com/photos/721357383/original.jpg,https://www.gbif.org/occurrence/6499256166
138,2,Canadanthus modestus,CC_BY,Barbara Banfield,iNaturalist,https://inaturalist-open-data.s3.amazonaws.com/photos/725588294/original.jpg,https://www.gbif.org/occurrence/6519792228
139,0,Capsella bursa-pastoris,CC0,Barbara L. Wilson,iNaturalist,https://inaturalist-open-data.s3.amazonaws.com/photos/622688492/original.jpg,https://www.gbif.org/occurrence/6179014645
139,1,Capsella bursa-pastoris,CC0,Barbara L. Wilson,iNaturalist,https://inaturalist-open-data.s3.amazonaws.com/photos/639919286/original.jpg,https://www.gbif.org/occurrence/6234444928
139,2,Capsella bursa-pastoris,CC0,Barbara L. Wilson,iNaturalist,https://inaturalist-open-data.s3.amazonaws.com/photos/639919208/original.jpg,https://www.gbif.org/occurrence/6234763479
140,0,Cardamine angulata,CC0,Drew Meyer,iNaturalist,https://inaturalist-open-data.s3.amazonaws.com/photos/613833648/original.jpg,https://www.gbif.org/occurrence/6195933083
140,1,Cardamine angulata,CC0,Barbara L. Wilson,iNaturalist,https://inaturalist-open-data.s3.amazonaws.com/photos/625375783/original.jpg,https://www.gbif.org/occurrence/6195522307
140,2,Cardamine angulata,CC_BY,Judi Sanders,iNaturalist,https://inaturalist-open-data.s3.amazonaws.com/photos/642696206/original.jpg,https://www.gbif.org/occurrence/6235829619
141,0,Cardamine hirsuta,CC0,Barbara L. Wilson,iNaturalist,https://inaturalist-open-data.s3.amazonaws.com/photos/608060940/original.jpg,https://www.gbif.org/occurrence/6131081880
141,1,Cardamine hirsuta,CC0,Barbara L. Wilson,iNaturalist,https://inaturalist-open-data.s3.amazonaws.com/photos/608064849/original.jpg,https://www.gbif.org/occurrence/6131272474
141,2,Cardamine hirsuta,CC_BY,Aden Sommerville,iNaturalist,https://inaturalist-open-data.s3.amazonaws.com/photos/611982768/original.jpg,https://www.gbif.org/occurrence/6162817346
142,0,Cardamine nuttallii,CC_BY,Judi Sanders,iNaturalist,https://inaturalist-open-data.s3.amazonaws.com/photos/613530238/original.jpg,https://www.gbif.org/occurrence/6147608623
142,1,Cardamine nuttallii,CC_BY,Don Boucher,iNaturalist,https://inaturalist-open-data.s3.amazonaws.com/photos/620033241/original.jpg,https://www.gbif.org/occurrence/6171301371
142,2,Cardamine nuttallii,CC_BY,David Anderson,iNaturalist,https://inaturalist-open-data.s3.amazonaws.com/photos/620414175/original.jpg,https://www.gbif.org/occurrence/6171162798
143,0,Cardamine oligosperma,CC0,Barbara L. Wilson,iNaturalist,https://inaturalist-open-data.s3.amazonaws.com/photos/625253784/original.jpg,https://www.gbif.org/occurrence/6186089490
143,1,Cardamine oligosperma,CC0,Drew Meyer,iNaturalist,https://inaturalist-open-data.s3.amazonaws.com/photos/632699316/original.jpg,https://www.gbif.org/occurrence/6188094353
143,2,Cardamine oligosperma,CC0,Barbara L. Wilson,iNaturalist,https://inaturalist-open-data.s3.amazonaws.com/photos/625251912/original.jpg,https://www.gbif.org/occurrence/6195254572
144,0,Cardamine penduliflora,CC0,Barbara L. Wilson,iNaturalist,https://inaturalist-open-data.s3.amazonaws.com/photos/629193432/original.jpg,https://www.gbif.org/occurrence/6184730438
144,1,Cardamine penduliflora,CC0,Barbara L. Wilson,iNaturalist,https://inaturalist-open-data.s3.amazonaws.com/photos/629194248/original.jpg,https://www.gbif.org/occurrence/6185643682
144,2,Cardamine penduliflora,CC0,Drew Meyer,iNaturalist,https://inaturalist-open-data.s3.amazonaws.com/photos/632700911/original.jpg,https://www.gbif.org/occurrence/6187968962
145,0,Cardionema ramosissima,CC0,Barbara L. Wilson,iNaturalist,https://inaturalist-open-data.s3.amazonaws.com/photos/620781914/original.jpg,https://www.gbif.org/occurrence/6179139712
145,1,Cardionema ramosissima,CC0,Barbara L. Wilson,iNaturalist,https://inaturalist-open-data.s3.amazonaws.com/photos/621642103/original.jpg,https://www.gbif.org/occurrence/6179172811
145,2,Cardionema ramosissima,CC0,Barbara L. Wilson,iNaturalist,https://inaturalist-open-data.s3.amazonaws.com/photos/621642144/original.jpg,https://www.gbif.org/occurrence/6179201924
146,0,Carduus nutans,CC0,Aaron Liston,iNaturalist,https://inaturalist-open-data.s3.amazonaws.com/photos/526344428/original.jpg,https://www.gbif.org/occurrence/5215708944
146,1,Carduus nutans,CC_BY,Gabriel Campbell-Martinez,iNaturalist,https://inaturalist-open-data.s3.amazonaws.com/photos/417446058/original.jpeg,https://www.gbif.org/occurrence/4925994349
146,2,Carduus nutans,CC_BY,Michael O'Loughlin,iNaturalist,https://inaturalist-open-data.s3.amazonaws.com/photos/150670339/original.jpg,https://www.gbif.org/occurrence/4936714011
147,0,Carduus pycnocephalus,CC0,Barbara L. Wilson,iNaturalist,https://inaturalist-open-data.s3.amazonaws.com/photos/613447760/original.jpg,https://www.gbif.org/occurrence/6147405205
147,1,Carduus pycnocephalus,CC0,Barbara L. Wilson,iNaturalist,https://inaturalist-open-data.s3.amazonaws.com/photos/618307877/original.jpg,https://www.gbif.org/occurrence/6163217580
147,2,Carduus pycnocephalus,CC0,Barbara L. Wilson,iNaturalist,https://inaturalist-open-data.s3.amazonaws.com/photos/618312692/original.jpg,https://www.gbif.org/occurrence/6163245958
148,0,Carex aquatilis,CC_BY,Kieran Hanrahan,iNaturalist,https://inaturalist-open-data.s3.amazonaws.com/photos/682511978/original.jpg,https://www.gbif.org/occurrence/6413947668
148,1,Carex aquatilis,CC_BY,Cody Hinchliff,iNaturalist,https://inaturalist-open-data.s3.amazonaws.com/photos/696148834/original.jpg,https://www.gbif.org/occurrence/6441661596
148,2,Carex aquatilis,CC_BY,Merlla McLaughlin,iNaturalist,https://inaturalist-open-data.s3.amazonaws.com/photos/696498904/original.jpg,https://www.gbif.org/occurrence/6452687632
149,0,Carex athrostachya,CC0,Barbara L. Wilson,iNaturalist,https://inaturalist-open-data.s3.amazonaws.com/photos/382303388/original.jpeg,https://www.gbif.org/occurrence/4867874221
149,1,Carex athrostachya,CC0,Kate Manning,iNaturalist,https://inaturalist-open-data.s3.amazonaws.com/photos/417947056/original.jpeg,https://www.gbif.org/occurrence/5062805336
149,2,Carex athrostachya,CC_BY,Nate Martineau,iNaturalist,https://inaturalist-open-data.s3.amazonaws.com/photos/306037542/original.jpg,https://www.gbif.org/occurrence/4442401824
150,0,Carex densa,CC0,Barbara L. Wilson,iNaturalist,https://inaturalist-open-data.s3.amazonaws.com/photos/629192339/original.jpg,https://www.gbif.org/occurrence/6185116510
150,1,Carex densa,CC0,Barbara L. Wilson,iNaturalist,https://inaturalist-open-data.s3.amazonaws.com/photos/650521385/original.jpg,https://www.gbif.org/occurrence/6252588432
150,2,Carex densa,CC_BY,Parker James Lloyd,iNaturalist,https://inaturalist-open-data.s3.amazonaws.com/photos/650166832/original.jpg,https://www.gbif.org/occurrence/6441150411
151,0,Carex echinata,CC_BY,Adam Schneider,iNaturalist,https://inaturalist-open-data.s3.amazonaws.com/photos/523811891/original.jpg,https://www.gbif.org/occurrence/6131045548
151,1,Carex echinata,CC_BY,Matt Berger,iNaturalist,https://inaturalist-open-data.s3.amazonaws.com/photos/598826355/original.jpg,https://www.gbif.org/occurrence/5932283793
151,2,Carex echinata,CC_BY,Matt Berger,iNaturalist,https://inaturalist-open-data.s3.amazonaws.com/photos/536383824/original.jpg,https://www.gbif.org/occurrence/6423027694
152,0,Carex hendersonii,CC0,Barbara L. Wilson,iNaturalist,https://inaturalist-open-data.s3.amazonaws.com/photos/608758368/original.jpg,https://www.gbif.org/occurrence/6130717814
152,1,Carex hendersonii,CC0,Barbara L. Wilson,iNaturalist,https://inaturalist-open-data.s3.amazonaws.com/photos/633606095/original.jpg,https://www.gbif.org/occurrence/6188386356
152,2,Carex hendersonii,CC_BY,Jeff Ward,iNaturalist,https://inaturalist-open-data.s3.amazonaws.com/photos/636345584/original.jpg,https://www.gbif.org/occurrence/6195472172
153,0,Carex inops,CC0,Barbara L. Wilson,iNaturalist,https://inaturalist-open-data.s3.amazonaws.com/photos/526447108/original.jpg,https://www.gbif.org/occurrence/6130743938
153,1,Carex inops,CC_BY,Bryce,iNaturalist,https://inaturalist-open-data.s3.amazonaws.com/photos/409723915/original.jpeg,https://www.gbif.org/occurrence/5076803694
153,2,Carex inops,CC_BY,Bryce,iNaturalist,https://inaturalist-open-data.s3.amazonaws.com/photos/409263769/original.jpeg,https://www.gbif.org/occurrence/5076837598
154,0,Carex kelloggii,CC_BY,Matt Berger,iNaturalist,https://inaturalist-open-data.s3.amazonaws.com/photos/599347794/original.jpg,https://www.gbif.org/occurrence/5938251393
154,1,Carex kelloggii,CC_BY,Noah Strycker,iNaturalist,https://inaturalist-open-data.s3.amazonaws.com/photos/562041444/original.jpg,https://www.gbif.org/occurrence/5828690510
154,2,Carex kelloggii,CC_BY,Jeff Ward,iNaturalist,https://inaturalist-open-data.s3.amazonaws.com/photos/437119400/original.jpeg,https://www.gbif.org/occurrence/4974041967
155,0,Carex leptopoda,CC_BY,Jeffrey Lee (he/him/his),iNaturalist,https://inaturalist-open-data.s3.amazonaws.com/photos/636201599/original.jpg,https://www.gbif.org/occurrence/6195518657
155,1,Carex leptopoda,CC_BY,David Anderson,iNaturalist,https://inaturalist-open-data.s3.amazonaws.com/photos/647121212/original.jpg,https://www.gbif.org/occurrence/6234392360
155,2,Carex leptopoda,CC_BY,Ed Alverson,iNaturalist,https://inaturalist-open-data.s3.amazonaws.com/photos/696802426/original.jpg,https://www.gbif.org/occurrence/6441658470
156,0,Carex luzulina,CC_BY,Cody Hinchliff,iNaturalist,https://inaturalist-open-data.s3.amazonaws.com/photos/697425717/original.jpg,https://www.gbif.org/occurrence/6441470777
156,1,Carex luzulina,CC_BY,Kieran Hanrahan,iNaturalist,https://inaturalist-open-data.s3.amazonaws.com/photos/532092008/original.jpg,https://www.gbif.org/occurrence/5890121147
156,2,Carex luzulina,CC_BY,Nate Martineau,iNaturalist,https://inaturalist-open-data.s3.amazonaws.com/photos/306372421/original.jpg,https://www.gbif.org/occurrence/4901409711
157,0,Carex mertensii,CC_BY,Jeff Ward,iNaturalist,https://inaturalist-open-data.s3.amazonaws.com/photos/659242568/original.jpg,https://www.gbif.org/occurrence/6320573630
157,1,Carex mertensii,CC_BY,Dee Shea Himes,iNaturalist,https://inaturalist-open-data.s3.amazonaws.com/photos/670769597/original.jpg,https://www.gbif.org/occurrence/6353183552
157,2,Carex mertensii,CC_BY,Judi Sanders,iNaturalist,https://inaturalist-open-data.s3.amazonaws.com/photos/675368598/original.jpg,https://www.gbif.org/occurrence/6400267311
158,0,Carex microptera,CC_BY,David Anderson,iNaturalist,https://inaturalist-open-data.s3.amazonaws.com/photos/395338448/original.jpeg,https://www.gbif.org/occurrence/4935662201
158,1,Carex microptera,CC_BY,Bryce,iNaturalist,https://inaturalist-open-data.s3.amazonaws.com/photos/409269097/original.jpeg,https://www.gbif.org/occurrence/5076790636
158,2,Carex microptera,CC_BY,Bryce,iNaturalist,https://inaturalist-open-data.s3.amazonaws.com/photos/409269477/original.jpeg,https://www.gbif.org/occurrence/5076825601
159,0,Carex nudata,CC0,Barbara L. Wilson,iNaturalist,https://inaturalist-open-data.s3.amazonaws.com/photos/503699341/original.jpeg,https://www.gbif.org/occurrence/5153330363
159,1,Carex nudata,CC0,Barbara L. Wilson,iNaturalist,https://inaturalist-open-data.s3.amazonaws.com/photos/528983725/original.jpg,https://www.gbif.org/occurrence/6131145331
159,2,Carex nudata,CC0,Barbara L. Wilson,iNaturalist,https://inaturalist-open-data.s3.amazonaws.com/photos/546251018/original.jpg,https://www.gbif.org/occurrence/5889527772
160,0,Carex obnupta,CC_BY,Jeff Ward,iNaturalist,https://inaturalist-open-data.s3.amazonaws.com/photos/613290149/original.jpg,https://www.gbif.org/occurrence/6147598825
160,1,Carex obnupta,CC_BY,Zach Earl,iNaturalist,https://inaturalist-open-data.s3.amazonaws.com/photos/616660014/original.jpg,https://www.gbif.org/occurrence/6162876590
160,2,Carex obnupta,CC0,Barbara L. Wilson,iNaturalist,https://inaturalist-open-data.s3.amazonaws.com/photos/621641755/original.jpg,https://www.gbif.org/occurrence/6179130917
161,0,Carex pachystachya,CC0,Barbara L. Wilson,iNaturalist,https://inaturalist-open-data.s3.amazonaws.com/photos/514811053/original.jpg,https://www.gbif.org/occurrence/5938301320
161,1,Carex pachystachya,CC0,Barbara L. Wilson,iNaturalist,https://inaturalist-open-data.s3.amazonaws.com/photos/513823982/original.jpg,https://www.gbif.org/occurrence/5938415766
161,2,Carex pachystachya,CC_BY,Daniel Patterson,iNaturalist,https://inaturalist-open-data.s3.amazonaws.com/photos/526430995/original.jpg,https://www.gbif.org/occurrence/5938163377
162,0,Carex pellita,CC_BY,Cody Hinchliff,iNaturalist,https://inaturalist-open-data.s3.amazonaws.com/photos/697425477/original.jpg,https://www.gbif.org/occurrence/6441602870
162,1,Carex pellita,CC_BY,Gabriel Campbell-Martinez,iNaturalist,https://inaturalist-open-data.s3.amazonaws.com/photos/405791397/original.jpeg,https://www.gbif.org/occurrence/4908942972
162,2,Carex pellita,CC_BY,Gabriel Campbell-Martinez,iNaturalist,https://inaturalist-open-data.s3.amazonaws.com/photos/416050659/original.jpeg,https://www.gbif.org/occurrence/4923597535
163,0,Carex rossii,CC_BY,Ed Alverson,iNaturalist,https://inaturalist-open-data.s3.amazonaws.com/photos/628294973/original.jpg,https://www.gbif.org/occurrence/6185857322
163,1,Carex rossii,CC0,Barbara L. Wilson,iNaturalist,https://inaturalist-open-data.s3.amazonaws.com/photos/650936878/original.jpg,https://www.gbif.org/occurrence/6470220319
163,2,Carex rossii,CC0,Barbara L. Wilson,iNaturalist,https://inaturalist-open-data.s3.amazonaws.com/photos/524600633/original.jpg,https://www.gbif.org/occurrence/5938285781
164,0,Carex utriculata,CC_BY,Cody Hinchliff,iNaturalist,https://inaturalist-open-data.s3.amazonaws.com/photos/697425406/original.jpg,https://www.gbif.org/occurrence/6442012097
164,1,Carex utriculata,CC0,Barbara L. Wilson,iNaturalist,https://inaturalist-open-data.s3.amazonaws.com/photos/523437223/original.jpg,https://www.gbif.org/occurrence/5206550011
164,2,Carex utriculata,CC0,Barbara L. Wilson,iNaturalist,https://inaturalist-open-data.s3.amazonaws.com/photos/523456962/original.jpg,https://www.gbif.org/occurrence/5206603990
165,0,Castilleja applegatei,CC_BY,Brodie Cass Talbott,iNaturalist,https://inaturalist-open-data.s3.amazonaws.com/photos/671013095/original.jpg,https://www.gbif.org/occurrence/6353411558
165,1,Castilleja applegatei,CC_BY,Parker James Lloyd,iNaturalist,https://inaturalist-open-data.s3.amazonaws.com/photos/699088839/original.jpg,https://www.gbif.org/occurrence/6451586745
165,2,Castilleja applegatei,CC_BY,Adam Schneider,iNaturalist,https://inaturalist-open-data.s3.amazonaws.com/photos/712785559/original.jpg,https://www.gbif.org/occurrence/6479391519
166,0,Castilleja arachnoidea,CC_BY,Parker James Lloyd,iNaturalist,https://inaturalist-open-data.s3.amazonaws.com/photos/696972185/original.jpg,https://www.gbif.org/occurrence/6441188152
166,1,Castilleja arachnoidea,CC_BY,Parker James Lloyd,iNaturalist,https://inaturalist-open-data.s3.amazonaws.com/photos/696972131/original.jpg,https://www.gbif.org/occurrence/6441239416
166,2,Castilleja arachnoidea,CC_BY,Parker James Lloyd,iNaturalist,https://inaturalist-open-data.s3.amazonaws.com/photos/696972085/original.jpg,https://www.gbif.org/occurrence/6442073729
167,0,Castilleja attenuata,CC_BY,Dee Shea Himes,iNaturalist,https://inaturalist-open-data.s3.amazonaws.com/photos/630235463/original.jpg,https://www.gbif.org/occurrence/6184877323
167,1,Castilleja attenuata,CC_BY,Jeff Ward,iNaturalist,https://inaturalist-open-data.s3.amazonaws.com/photos/653132513/original.jpg,https://www.gbif.org/occurrence/6398862359
167,2,Castilleja attenuata,CC_BY,Jeff Ward,iNaturalist,https://inaturalist-open-data.s3.amazonaws.com/photos/634600377/original.jpg,https://www.gbif.org/occurrence/6195687582
168,0,Castilleja chromosa,CC_BY,Adam Schneider,iNaturalist,https://inaturalist-open-data.s3.amazonaws.com/photos/648626228/original.jpg,https://www.gbif.org/occurrence/6274253041
168,1,Castilleja chromosa,CC_BY,James H. Thomas,iNaturalist,https://inaturalist-open-data.s3.amazonaws.com/photos/658011579/original.jpg,https://www.gbif.org/occurrence/6273571744
168,2,Castilleja chromosa,CC_BY,Brodie Cass Talbott,iNaturalist,https://inaturalist-open-data.s3.amazonaws.com/photos/671016421/original.jpg,https://www.gbif.org/occurrence/6353104885
169,0,Castilleja chrysantha,CC_BY,Peter Brastow,iNaturalist,https://inaturalist-open-data.s3.amazonaws.com/photos/703592306/original.jpg,https://www.gbif.org/occurrence/6469959181
169,1,Castilleja chrysantha,CC_BY,Matt Berger,iNaturalist,https://inaturalist-open-data.s3.amazonaws.com/photos/599375284/original.jpg,https://www.gbif.org/occurrence/5932535891
169,2,Castilleja chrysantha,CC_BY,Matt Berger,iNaturalist,https://inaturalist-open-data.s3.amazonaws.com/photos/599386411/original.jpg,https://www.gbif.org/occurrence/6518603567
170,0,Castilleja hispida,CC_BY,Daniel Patterson,iNaturalist,https://inaturalist-open-data.s3.amazonaws.com/photos/647408784/original.jpg,https://www.gbif.org/occurrence/6234273434
170,1,Castilleja hispida,CC_BY,Parker James Lloyd,iNaturalist,https://inaturalist-open-data.s3.amazonaws.com/photos/650160572/original.jpg,https://www.gbif.org/occurrence/6251463549
170,2,Castilleja hispida,CC_BY,Adam Schneider,iNaturalist,https://inaturalist-open-data.s3.amazonaws.com/photos/647623497/original.jpg,https://www.gbif.org/occurrence/6252364319
171,0,Castilleja levisecta,CC_BY,Adam Schneider,iNaturalist,https://inaturalist-open-data.s3.amazonaws.com/photos/632971542/original.jpg,https://www.gbif.org/occurrence/6188111592
171,1,Castilleja levisecta,CC_BY,Judi Sanders,iNaturalist,https://inaturalist-open-data.s3.amazonaws.com/photos/636210352/original.jpg,https://www.gbif.org/occurrence/6195498440
171,2,Castilleja levisecta,CC0,Drew Meyer,iNaturalist,https://inaturalist-open-data.s3.amazonaws.com/photos/639395318/original.jpg,https://www.gbif.org/occurrence/6235599769
172,0,Castilleja litoralis,CC_BY,Michele Karmartsang,iNaturalist,https://inaturalist-open-data.s3.amazonaws.com/photos/536866647/original.jpg,https://www.gbif.org/occurrence/5230160118
172,1,Castilleja litoralis,CC_BY,Jared Lincenberg,iNaturalist,https://inaturalist-open-data.s3.amazonaws.com/photos/534757276/original.jpg,https://www.gbif.org/occurrence/5231067436
172,2,Castilleja litoralis,CC_BY,Jared Lincenberg,iNaturalist,https://inaturalist-open-data.s3.amazonaws.com/photos/534759907/original.jpg,https://www.gbif.org/occurrence/5231135379
173,0,Castilleja miniata,CC_BY,Jeff Ward,iNaturalist,https://inaturalist-open-data.s3.amazonaws.com/photos/659242777/original.jpg,https://www.gbif.org/occurrence/6320761696
173,1,Castilleja miniata,CC0,Robert Pennington,iNaturalist,https://inaturalist-open-data.s3.amazonaws.com/photos/685956541/original.jpg,https://www.gbif.org/occurrence/6423105941
173,2,Castilleja miniata,CC_BY,Peter Brastow,iNaturalist,https://inaturalist-open-data.s3.amazonaws.com/photos/703591416/original.jpg,https://www.gbif.org/occurrence/6470519658
174,0,Castilleja parviflora,CC_BY,Loren Hadley,iNaturalist,https://inaturalist-open-data.s3.amazonaws.com/photos/692113248/original.jpg,https://www.gbif.org/occurrence/6431482068
174,1,Castilleja parviflora,CC_BY,Curt Newton,iNaturalist,https://inaturalist-open-data.s3.amazonaws.com/photos/703959909/original.jpg,https://www.gbif.org/occurrence/6470773027
174,2,Castilleja parviflora,CC_BY,Adam Kamal,iNaturalist,https://inaturalist-open-data.s3.amazonaws.com/photos/723609143/original.jpg,https://www.gbif.org/occurrence/6520686399
175,0,Castilleja peckiana,CC_BY,Adam Schneider,iNaturalist,https://inaturalist-open-data.s3.amazonaws.com/photos/666761927/original.jpg,https://www.gbif.org/occurrence/6352364735
175,1,Castilleja peckiana,CC0,Craig Martin,iNaturalist,https://inaturalist-open-data.s3.amazonaws.com/photos/556680367/original.jpg,https://www.gbif.org/occurrence/5760032291
175,2,Castilleja peckiana,CC_BY,Adam Schneider,iNaturalist,https://inaturalist-open-data.s3.amazonaws.com/photos/522589224/original.jpg,https://www.gbif.org/occurrence/5760136282
176,0,Castilleja pilosa,CC_BY,Parker James Lloyd,iNaturalist,https://inaturalist-open-data.s3.amazonaws.com/photos/694597532/original.jpg,https://www.gbif.org/occurrence/6441010650
176,1,Castilleja pilosa,CC_BY,Parker James Lloyd,iNaturalist,https://inaturalist-open-data.s3.amazonaws.com/photos/698293458/original.jpg,https://www.gbif.org/occurrence/6451542422
176,2,Castilleja pilosa,CC_BY,Adam Schneider,iNaturalist,https://inaturalist-open-data.s3.amazonaws.com/photos/519141725/original.jpg,https://www.gbif.org/occurrence/5198348737
177,0,Castilleja pruinosa,CC_BY,Dee Shea Himes,iNaturalist,https://inaturalist-open-data.s3.amazonaws.com/photos/625241424/original.jpg,https://www.gbif.org/occurrence/6178314416
177,1,Castilleja pruinosa,CC_BY,Dee Shea Himes,iNaturalist,https://inaturalist-open-data.s3.amazonaws.com/photos/625244549/original.jpg,https://www.gbif.org/occurrence/6178541308
177,2,Castilleja pruinosa,CC_BY,Dee Shea Himes,iNaturalist,https://inaturalist-open-data.s3.amazonaws.com/photos/625244759/original.jpg,https://www.gbif.org/occurrence/6179243478
178,0,Castilleja suksdorfii,CC_BY,Dee Shea Himes,iNaturalist,https://inaturalist-open-data.s3.amazonaws.com/photos/670741579/original.jpg,https://www.gbif.org/occurrence/6400127406
178,1,Castilleja suksdorfii,CC_BY,Brodie Cass Talbott,iNaturalist,https://inaturalist-open-data.s3.amazonaws.com/photos/676373434/original.jpg,https://www.gbif.org/occurrence/6400687365
178,2,Castilleja suksdorfii,CC_BY,Kieran Hanrahan,iNaturalist,https://inaturalist-open-data.s3.amazonaws.com/photos/682459554/original.jpg,https://www.gbif.org/occurrence/6441847976
179,0,Castilleja tenuis,CC_BY,Dee Shea Himes,iNaturalist,https://inaturalist-open-data.s3.amazonaws.com/photos/684195702/original.jpg,https://www.gbif.org/occurrence/6413642345
179,1,Castilleja tenuis,CC_BY,Mark Pollock,iNaturalist,https://inaturalist-open-data.s3.amazonaws.com/photos/672359890/original.jpg,https://www.gbif.org/occurrence/6422328339
179,2,Castilleja tenuis,CC_BY,Gail A Baker,iNaturalist,https://inaturalist-open-data.s3.amazonaws.com/photos/506180057/original.jpg,https://www.gbif.org/occurrence/5167109504
180,0,Ceanothus cuneatus,CC_BY,Jeff Ward,iNaturalist,https://inaturalist-open-data.s3.amazonaws.com/photos/629795273/original.jpg,https://www.gbif.org/occurrence/6185046703
180,1,Ceanothus cuneatus,CC_BY,Jeff Ward,iNaturalist,https://inaturalist-open-data.s3.amazonaws.com/photos/628288159/original.jpg,https://www.gbif.org/occurrence/6185758489
180,2,Ceanothus cuneatus,CC_BY,Jeff Ward,iNaturalist,https://inaturalist-open-data.s3.amazonaws.com/photos/628650037/original.jpg,https://www.gbif.org/occurrence/6185862347
181,0,Ceanothus integerrimus,CC_BY,Jeff Ward,iNaturalist,https://inaturalist-open-data.s3.amazonaws.com/photos/637865273/original.jpg,https://www.gbif.org/occurrence/6234218732
181,1,Ceanothus integerrimus,CC_BY,David Anderson,iNaturalist,https://inaturalist-open-data.s3.amazonaws.com/photos/463440695/original.jpeg,https://www.gbif.org/occurrence/5062974786
181,2,Ceanothus integerrimus,CC0,Barbara L. Wilson,iNaturalist,https://inaturalist-open-data.s3.amazonaws.com/photos/490008621/original.jpeg,https://www.gbif.org/occurrence/5140035653
182,0,Ceanothus prostratus,CC0,Barbara L. Wilson,iNaturalist,https://inaturalist-open-data.s3.amazonaws.com/photos/507090163/original.jpg,https://www.gbif.org/occurrence/5168205694
182,1,Ceanothus prostratus,CC_BY,John Sullivan,iNaturalist,https://inaturalist-open-data.s3.amazonaws.com/photos/511678111/original.jpg,https://www.gbif.org/occurrence/6159636767
182,2,Ceanothus prostratus,CC_BY,Alice Pence,iNaturalist,https://inaturalist-open-data.s3.amazonaws.com/photos/514241013/original.jpg,https://www.gbif.org/occurrence/6185085067
183,0,Ceanothus pumilus,CC_BY,Jeff Ward,iNaturalist,https://inaturalist-open-data.s3.amazonaws.com/photos/629391534/original.jpg,https://www.gbif.org/occurrence/6185126837
183,1,Ceanothus pumilus,CC_BY,Jeff Ward,iNaturalist,https://inaturalist-open-data.s3.amazonaws.com/photos/631594590/original.jpg,https://www.gbif.org/occurrence/6188554582
183,2,Ceanothus pumilus,CC0,Barbara L. Wilson,iNaturalist,https://inaturalist-open-data.s3.amazonaws.com/photos/659730477/original.jpg,https://www.gbif.org/occurrence/6320318677
184,0,Ceanothus sanguineus,CC_BY,Kieran Hanrahan,iNaturalist,https://inaturalist-open-data.s3.amazonaws.com/photos/637288578/original.jpg,https://www.gbif.org/occurrence/6195832858
184,1,Ceanothus sanguineus,CC_BY,calendula089,iNaturalist,https://inaturalist-open-data.s3.amazonaws.com/photos/646043885/original.jpg,https://www.gbif.org/occurrence/6431193363
184,2,Ceanothus sanguineus,CC0,Michael Bunsen,iNaturalist,https://inaturalist-open-data.s3.amazonaws.com/photos/653276885/original.jpg,https://www.gbif.org/occurrence/6252477848
185,0,Ceanothus velutinus,CC_BY,Merlla McLaughlin,iNaturalist,https://inaturalist-open-data.s3.amazonaws.com/photos/614048655/original.jpg,https://www.gbif.org/occurrence/6147271087
185,1,Ceanothus velutinus,CC_BY,Ed Alverson,iNaturalist,https://inaturalist-open-data.s3.amazonaws.com/photos/640592090/original.jpg,https://www.gbif.org/occurrence/6235252153
185,2,Ceanothus velutinus,CC0,Barbara L. Wilson,iNaturalist,https://inaturalist-open-data.s3.amazonaws.com/photos/646419723/original.jpg,https://www.gbif.org/occurrence/6235619080
186,0,Centaurea cyanus,CC0,mourningdoveenthusiast,iNaturalist,https://inaturalist-open-data.s3.amazonaws.com/photos/633402055/original.jpg,https://www.gbif.org/occurrence/6188300529
186,1,Centaurea cyanus,CC_BY,John Leszczynski,iNaturalist,https://inaturalist-open-data.s3.amazonaws.com/photos/656209830/original.jpg,https://www.gbif.org/occurrence/6273259075
186,2,Centaurea cyanus,CC0,Max Farver,iNaturalist,https://inaturalist-open-data.s3.amazonaws.com/photos/662328775/original.jpg,https://www.gbif.org/occurrence/6320621102
187,0,Centaurea diffusa,CC_BY,Parker James Lloyd,iNaturalist,https://inaturalist-open-data.s3.amazonaws.com/photos/699223393/original.jpg,https://www.gbif.org/occurrence/6452252058
187,1,Centaurea diffusa,CC_BY,Jeff Ward,iNaturalist,https://inaturalist-open-data.s3.amazonaws.com/photos/502101838/original.jpg,https://www.gbif.org/occurrence/6130372881
187,2,Centaurea diffusa,CC_BY,Jeff Ward,iNaturalist,https://inaturalist-open-data.s3.amazonaws.com/photos/541008154/original.jpg,https://www.gbif.org/occurrence/5237531664
188,0,Centaurea moncktonii,CC_BY,Gabriel Campbell-Martinez,iNaturalist,https://inaturalist-open-data.s3.amazonaws.com/photos/433166119/original.jpeg,https://www.gbif.org/occurrence/5008255442
188,1,Centaurea moncktonii,CC_BY,David Anderson,iNaturalist,https://inaturalist-open-data.s3.amazonaws.com/photos/213473067/original.jpeg,https://www.gbif.org/occurrence/4936983353
188,2,Centaurea moncktonii,CC_BY,Jared Shorma,iNaturalist,https://inaturalist-open-data.s3.amazonaws.com/photos/141401126/original.jpg,https://www.gbif.org/occurrence/3325693209
189,0,Centaurea solstitialis,CC_BY,Rodamu,iNaturalist,https://inaturalist-open-data.s3.amazonaws.com/photos/724892382/original.jpg,https://www.gbif.org/occurrence/6519461991
189,1,Centaurea solstitialis,CC_BY,Rodamu,iNaturalist,https://inaturalist-open-data.s3.amazonaws.com/photos/724917420/original.jpg,https://www.gbif.org/occurrence/6520443445
189,2,Centaurea solstitialis,CC_BY,Rodamu,iNaturalist,https://inaturalist-open-data.s3.amazonaws.com/photos/521001021/original.jpg,https://www.gbif.org/occurrence/5281917634
190,0,Centaurea stoebe,CC_BY,Brodie Cass Talbott,iNaturalist,https://inaturalist-open-data.s3.amazonaws.com/photos/621261296/original.jpg,https://www.gbif.org/occurrence/6178710321
190,1,Centaurea stoebe,CC_BY,Jeff Ward,iNaturalist,https://inaturalist-open-data.s3.amazonaws.com/photos/520030823/original.jpg,https://www.gbif.org/occurrence/6131095021
190,2,Centaurea stoebe,CC_BY,brettaugust,iNaturalist,https://inaturalist-open-data.s3.amazonaws.com/photos/536026937/original.jpg,https://www.gbif.org/occurrence/5230132833
191,0,Centaurium erythraea,CC0,Mary Lynn Roush,iNaturalist,https://inaturalist-open-data.s3.amazonaws.com/photos/682180266/original.jpg,https://www.gbif.org/occurrence/6413914093
191,1,Centaurium erythraea,CC0,Jann Vendetti,iNaturalist,https://inaturalist-open-data.s3.amazonaws.com/photos/685946600/original.jpg,https://www.gbif.org/occurrence/6422257510
191,2,Centaurium erythraea,CC_BY,Aden Sommerville,iNaturalist,https://inaturalist-open-data.s3.amazonaws.com/photos/686235018/original.jpg,https://www.gbif.org/occurrence/6422685022
192,0,Centranthus ruber,CC0,Barbara L. Wilson,iNaturalist,https://inaturalist-open-data.s3.amazonaws.com/photos/636892692/original.jpg,https://www.gbif.org/occurrence/6334430890
192,1,Centranthus ruber,CC0,Barbara L. Wilson,iNaturalist,https://inaturalist-open-data.s3.amazonaws.com/photos/663197953/original.jpg,https://www.gbif.org/occurrence/6334207084
192,2,Centranthus ruber,CC0,Barbara L. Wilson,iNaturalist,https://inaturalist-open-data.s3.amazonaws.com/photos/665533777/original.jpg,https://www.gbif.org/occurrence/6334319647
193,0,Cephalanthera austiniae,CC_BY,Matt D'Agrosa,iNaturalist,https://inaturalist-open-data.s3.amazonaws.com/photos/658996796/original.jpg,https://www.gbif.org/occurrence/6320697380
193,1,Cephalanthera austiniae,CC0,Ellen Watrous,iNaturalist,https://inaturalist-open-data.s3.amazonaws.com/photos/704420246/original.jpg,https://www.gbif.org/occurrence/6480046526
193,2,Cephalanthera austiniae,CC_BY,Jeff Ward,iNaturalist,https://inaturalist-open-data.s3.amazonaws.com/photos/676906226/original.jpg,https://www.gbif.org/occurrence/6399119205
194,0,Cerastium glomeratum,CC0,Barbara L. Wilson,iNaturalist,https://inaturalist-open-data.s3.amazonaws.com/photos/633851945/original.jpg,https://www.gbif.org/occurrence/6188442386
194,1,Cerastium glomeratum,CC0,Barbara L. Wilson,iNaturalist,https://inaturalist-open-data.s3.amazonaws.com/photos/662473421/original.jpg,https://www.gbif.org/occurrence/6334662041
194,2,Cerastium glomeratum,CC0,Barbara L. Wilson,iNaturalist,https://inaturalist-open-data.s3.amazonaws.com/photos/667589368/original.jpg,https://www.gbif.org/occurrence/6352738892
195,0,Ceratocephala orthoceras,CC0,Barbara L. Wilson,iNaturalist,https://inaturalist-open-data.s3.amazonaws.com/photos/630540570/original.jpg,https://www.gbif.org/occurrence/6234785600
195,1,Ceratocephala orthoceras,CC0,Barbara L. Wilson,iNaturalist,https://inaturalist-open-data.s3.amazonaws.com/photos/630540572/original.jpg,https://www.gbif.org/occurrence/6235266261
195,2,Ceratocephala orthoceras,CC0,Barbara L. Wilson,iNaturalist,https://inaturalist-open-data.s3.amazonaws.com/photos/630540568/original.jpg,https://www.gbif.org/occurrence/6236213588
196,0,Ceratodon purpureus,CC_BY,Daughter Dad,iNaturalist,https://inaturalist-open-data.s3.amazonaws.com/photos/482329950/original.jpg,https://www.gbif.org/occurrence/5935197072
196,1,Ceratodon purpureus,CC0,Barbara L. Wilson,iNaturalist,https://inaturalist-open-data.s3.amazonaws.com/photos/259905904/original.jpeg,https://www.gbif.org/occurrence/4062916830
196,2,Ceratodon purpureus,CC0,Barbara L. Wilson,iNaturalist,https://inaturalist-open-data.s3.amazonaws.com/photos/181251858/original.jpeg,https://www.gbif.org/occurrence/3705737870
197,0,Cercocarpus betuloides,CC_BY,Jeff Ward,iNaturalist,https://inaturalist-open-data.s3.amazonaws.com/photos/629797465/original.jpg,https://www.gbif.org/occurrence/6184792732
197,1,Cercocarpus betuloides,CC_BY,Jeff Ward,iNaturalist,https://inaturalist-open-data.s3.amazonaws.com/photos/628287837/original.jpg,https://www.gbif.org/occurrence/6184804255
197,2,Cercocarpus betuloides,CC_BY,Dee Shea Himes,iNaturalist,https://inaturalist-open-data.s3.amazonaws.com/photos/627385441/original.jpg,https://www.gbif.org/occurrence/6185054558
198,0,Cercocarpus ledifolius,CC_BY,Dee Shea Himes,iNaturalist,https://inaturalist-open-data.s3.amazonaws.com/photos/655592983/original.jpg,https://www.gbif.org/occurrence/6273700499
198,1,Cercocarpus ledifolius,CC0,Kate Manning,iNaturalist,https://inaturalist-open-data.s3.amazonaws.com/photos/485124274/original.jpg,https://www.gbif.org/occurrence/5133131290
198,2,Cercocarpus ledifolius,CC0,Zachary S.L. Foster,iNaturalist,https://inaturalist-open-data.s3.amazonaws.com/photos/513696617/original.jpg,https://www.gbif.org/occurrence/5760053603
199,0,Chaenactis douglasii,CC_BY,Zach Earl,iNaturalist,https://inaturalist-open-data.s3.amazonaws.com/photos/616656852/original.jpg,https://www.gbif.org/occurrence/6163179754
199,1,Chaenactis douglasii,CC0,Barbara L. Wilson,iNaturalist,https://inaturalist-open-data.s3.amazonaws.com/photos/630801902/original.jpg,https://www.gbif.org/occurrence/6185543950
199,2,Chaenactis douglasii,CC0,Barbara L. Wilson,iNaturalist,https://inaturalist-open-data.s3.amazonaws.com/photos/630801882/original.jpg,https://www.gbif.org/occurrence/6185609589
200,0,Chamaecyparis lawsoniana,CC0,Barbara L. Wilson,iNaturalist,https://inaturalist-open-data.s3.amazonaws.com/photos/636844339/original.jpg,https://www.gbif.org/occurrence/6195989506
200,1,Chamaecyparis lawsoniana,CC_BY,jonsense,iNaturalist,https://inaturalist-open-data.s3.amazonaws.com/photos/686709178/original.jpg,https://www.gbif.org/occurrence/6422122375
200,2,Chamaecyparis lawsoniana,CC_BY,jonsense,iNaturalist,https://inaturalist-open-data.s3.amazonaws.com/photos/685609268/original.jpg,https://www.gbif.org/occurrence/6423017615
201,0,Chamaenerion angustifolium,CC0,Barbara L. Wilson,iNaturalist,https://inaturalist-open-data.s3.amazonaws.com/photos/618312617/original.jpg,https://www.gbif.org/occurrence/6163418853
201,1,Chamaenerion angustifolium,CC_BY,Judi Sanders,iNaturalist,https://inaturalist-open-data.s3.amazonaws.com/photos/642688218/original.jpg,https://www.gbif.org/occurrence/6274274858
201,2,Chamaenerion angustifolium,CC_BY,RockCollector,iNaturalist,https://inaturalist-open-data.s3.amazonaws.com/photos/636195153/original.jpg,https://www.gbif.org/occurrence/6334178373
202,0,Chenopodium album,CC_BY,Brodie Cass Talbott,iNaturalist,https://inaturalist-open-data.s3.amazonaws.com/photos/669248658/original.jpg,https://www.gbif.org/occurrence/6352787763
202,1,Chenopodium album,CC0,Barbara L. Wilson,iNaturalist,https://inaturalist-open-data.s3.amazonaws.com/photos/667588900/original.jpg,https://www.gbif.org/occurrence/6353087848
202,2,Chenopodium album,CC_BY,Aden Sommerville,iNaturalist,https://inaturalist-open-data.s3.amazonaws.com/photos/686233028/original.jpg,https://www.gbif.org/occurrence/6422381491
203,0,Chimaphila menziesii,CC_BY,Jeff Ward,iNaturalist,https://inaturalist-open-data.s3.amazonaws.com/photos/630485767/original.jpg,https://www.gbif.org/occurrence/6185131867
203,1,Chimaphila menziesii,CC_BY,RockCollector,iNaturalist,https://inaturalist-open-data.s3.amazonaws.com/photos/666033499/original.jpg,https://www.gbif.org/occurrence/6334119305
203,2,Chimaphila menziesii,CC_BY,Dee Shea Himes,iNaturalist,https://inaturalist-open-data.s3.amazonaws.com/photos/664827426/original.jpg,https://www.gbif.org/occurrence/6334253720
204,0,Chimaphila umbellata,CC_BY,Dee Shea Himes,iNaturalist,https://inaturalist-open-data.s3.amazonaws.com/photos/606464296/original.jpg,https://www.gbif.org/occurrence/6130049757
204,1,Chimaphila umbellata,CC_BY,Dee Shea Himes,iNaturalist,https://inaturalist-open-data.s3.amazonaws.com/photos/606464202/original.jpg,https://www.gbif.org/occurrence/6130788610
204,2,Chimaphila umbellata,CC_BY,Zach Earl,iNaturalist,https://inaturalist-open-data.s3.amazonaws.com/photos/617497080/original.jpg,https://www.gbif.org/occurrence/6163033650
205,0,Chondrilla juncea,CC_BY,Rodamu,iNaturalist,https://inaturalist-open-data.s3.amazonaws.com/photos/674716244/original.jpg,https://www.gbif.org/occurrence/6400759679
205,1,Chondrilla juncea,CC_BY,Michael O'Loughlin,iNaturalist,https://inaturalist-open-data.s3.amazonaws.com/photos/704774493/original.jpg,https://www.gbif.org/occurrence/6469624590
205,2,Chondrilla juncea,CC_BY,Jeff Ward,iNaturalist,https://inaturalist-open-data.s3.amazonaws.com/photos/719431547/original.jpg,https://www.gbif.org/occurrence/6499263026
206,0,Chorispora tenella,CC0,Tom Wainwright,iNaturalist,https://inaturalist-open-data.s3.amazonaws.com/photos/632983469/original.jpg,https://www.gbif.org/occurrence/6518828356
206,1,Chorispora tenella,CC_BY,Daniel Patterson,iNaturalist,https://inaturalist-open-data.s3.amazonaws.com/photos/488479205/original.jpg,https://www.gbif.org/occurrence/5134724857
206,2,Chorispora tenella,CC_BY,Darren Schack,iNaturalist,https://inaturalist-open-data.s3.amazonaws.com/photos/487663471/original.jpeg,https://www.gbif.org/occurrence/5139991905
207,0,Chrysolepis chrysophylla,CC_BY,Ed Alverson,iNaturalist,https://inaturalist-open-data.s3.amazonaws.com/photos/628294123/original.jpg,https://www.gbif.org/occurrence/6185689752
207,1,Chrysolepis chrysophylla,CC_BY,Dee Shea Himes,iNaturalist,https://inaturalist-open-data.s3.amazonaws.com/photos/627886465/original.jpg,https://www.gbif.org/occurrence/6185880631
207,2,Chrysolepis chrysophylla,CC0,Barbara L. Wilson,iNaturalist,https://inaturalist-open-data.s3.amazonaws.com/photos/646419079/original.jpg,https://www.gbif.org/occurrence/6234301244
208,0,Chrysothamnus viscidiflorus,CC_BY,pigeonquestions,iNaturalist,https://inaturalist-open-data.s3.amazonaws.com/photos/682505885/original.jpg,https://www.gbif.org/occurrence/6413505333
208,1,Chrysothamnus viscidiflorus,CC_BY,Daniel Patterson,iNaturalist,https://inaturalist-open-data.s3.amazonaws.com/photos/699145545/original.jpg,https://www.gbif.org/occurrence/6451796464
208,2,Chrysothamnus viscidiflorus,CC0,Ellen Watrous,iNaturalist,https://inaturalist-open-data.s3.amazonaws.com/photos/704422019/original.jpg,https://www.gbif.org/occurrence/6479638960
209,0,Cichorium intybus,CC_BY,Jeff Ward,iNaturalist,https://inaturalist-open-data.s3.amazonaws.com/photos/650394741/original.jpg,https://www.gbif.org/occurrence/6431708733
209,1,Cichorium intybus,CC0,Nancy Clogston,iNaturalist,https://inaturalist-open-data.s3.amazonaws.com/photos/684241786/original.jpg,https://www.gbif.org/occurrence/6413197699
209,2,Cichorium intybus,CC0,Mary Lynn Roush,iNaturalist,https://inaturalist-open-data.s3.amazonaws.com/photos/682184389/original.jpg,https://www.gbif.org/occurrence/6430827045
210,0,Cicuta douglasii,CC0,Aaron Liston,iNaturalist,https://inaturalist-open-data.s3.amazonaws.com/photos/679446980/original.jpg,https://www.gbif.org/occurrence/6400647457
210,1,Cicuta douglasii,CC0,Luke Benjamin,iNaturalist,https://inaturalist-open-data.s3.amazonaws.com/photos/697327636/original.jpg,https://www.gbif.org/occurrence/6451999858
210,2,Cicuta douglasii,CC0,Barbara L. Wilson,iNaturalist,https://inaturalist-open-data.s3.amazonaws.com/photos/702551459/original.jpg,https://www.gbif.org/occurrence/6469951946
211,0,Circaea alpina,CC_BY,Judi Sanders,iNaturalist,https://inaturalist-open-data.s3.amazonaws.com/photos/633992657/original.jpg,https://www.gbif.org/occurrence/6187955665
211,1,Circaea alpina,CC_BY,Judi Sanders,iNaturalist,https://inaturalist-open-data.s3.amazonaws.com/photos/644494530/original.jpg,https://www.gbif.org/occurrence/6235162821
211,2,Circaea alpina,CC_BY,Kieran Hanrahan,iNaturalist,https://inaturalist-open-data.s3.amazonaws.com/photos/657632584/original.jpg,https://www.gbif.org/occurrence/6273732001
212,0,Cirsium arvense,CC0,Barbara L. Wilson,iNaturalist,https://inaturalist-open-data.s3.amazonaws.com/photos/639410427/original.jpg,https://www.gbif.org/occurrence/6235610922
212,1,Cirsium arvense,CC0,Barbara L. Wilson,iNaturalist,https://inaturalist-open-data.s3.amazonaws.com/photos/637556053/original.jpg,https://www.gbif.org/occurrence/6518762592
212,2,Cirsium arvense,CC0,Barbara L. Wilson,iNaturalist,https://inaturalist-open-data.s3.amazonaws.com/photos/664790177/original.jpg,https://www.gbif.org/occurrence/6334403671
213,0,Cirsium edule,CC0,Aaron Liston,iNaturalist,https://inaturalist-open-data.s3.amazonaws.com/photos/664722966/original.jpg,https://www.gbif.org/occurrence/6334766812
213,1,Cirsium edule,CC_BY,Therese Phillips,iNaturalist,https://inaturalist-open-data.s3.amazonaws.com/photos/681260048/original.jpg,https://www.gbif.org/occurrence/6413046832
213,2,Cirsium edule,CC_BY,Kieran Hanrahan,iNaturalist,https://inaturalist-open-data.s3.amazonaws.com/photos/683819947/original.jpg,https://www.gbif.org/occurrence/6413286552
214,0,Cirsium remotifolium,CC_BY,Dee Shea Himes,iNaturalist,https://inaturalist-open-data.s3.amazonaws.com/photos/676247262/original.jpg,https://www.gbif.org/occurrence/6399694462
214,1,Cirsium remotifolium,CC_BY,jonsense,iNaturalist,https://inaturalist-open-data.s3.amazonaws.com/photos/688161073/original.jpg,https://www.gbif.org/occurrence/6422695559
214,2,Cirsium remotifolium,CC_BY,Kieran Hanrahan,iNaturalist,https://inaturalist-open-data.s3.amazonaws.com/photos/696952299/original.jpg,https://www.gbif.org/occurrence/6441009930
215,0,Cirsium vulgare,CC0,moater,iNaturalist,https://inaturalist-open-data.s3.amazonaws.com/photos/605153930/original.jpg,https://www.gbif.org/occurrence/5938435917
215,1,Cirsium vulgare,CC0,moater,iNaturalist,https://inaturalist-open-data.s3.amazonaws.com/photos/607552664/original.jpg,https://www.gbif.org/occurrence/6130410928
215,2,Cirsium vulgare,CC0,moater,iNaturalist,https://inaturalist-open-data.s3.amazonaws.com/photos/610506924/original.jpg,https://www.gbif.org/occurrence/6131061514
216,0,Cladophora columbiana,CC0,Chuck Sexton,iNaturalist,https://inaturalist-open-data.s3.amazonaws.com/photos/230881144/original.jpg,https://www.gbif.org/occurrence/3923567642
216,1,Cladophora columbiana,CC_BY,Jared Shorma,iNaturalist,https://inaturalist-open-data.s3.amazonaws.com/photos/143766293/original.jpg,https://www.gbif.org/occurrence/3330432602
216,2,Cladophora columbiana,CC_BY,Brodie Cass Talbott,iNaturalist,https://inaturalist-open-data.s3.amazonaws.com/photos/98043743/original.jpeg,https://www.gbif.org/occurrence/2874035793
217,0,Clarkia amoena,CC_BY,Adam Schneider,iNaturalist,https://inaturalist-open-data.s3.amazonaws.com/photos/672594825/original.jpg,https://www.gbif.org/occurrence/6400777997
217,1,Clarkia amoena,CC0,Mary Lynn Roush,iNaturalist,https://inaturalist-open-data.s3.amazonaws.com/photos/682189489/original.jpg,https://www.gbif.org/occurrence/6412952005
217,2,Clarkia amoena,CC_BY,jonsense,iNaturalist,https://inaturalist-open-data.s3.amazonaws.com/photos/687513350/original.jpg,https://www.gbif.org/occurrence/6423194454
218,0,Clarkia pulchella,CC0,Jon Eilers,iNaturalist,https://inaturalist-open-data.s3.amazonaws.com/photos/671018065/original.jpg,https://www.gbif.org/occurrence/6352893703
218,1,Clarkia pulchella,CC_BY,Daniel Patterson,iNaturalist,https://inaturalist-open-data.s3.amazonaws.com/photos/677237578/original.jpg,https://www.gbif.org/occurrence/6400327318
218,2,Clarkia pulchella,CC_BY,Kieran Hanrahan,iNaturalist,https://inaturalist-open-data.s3.amazonaws.com/photos/503425079/original.jpg,https://www.gbif.org/occurrence/5153257350
219,0,Clarkia purpurea,CC_BY,Aden Sommerville,iNaturalist,https://inaturalist-open-data.s3.amazonaws.com/photos/689376080/original.jpg,https://www.gbif.org/occurrence/6430838400
219,1,Clarkia purpurea,CC_BY,Judi Sanders,iNaturalist,https://inaturalist-open-data.s3.amazonaws.com/photos/508282552/original.jpg,https://www.gbif.org/occurrence/5168512538
219,2,Clarkia purpurea,CC0,Aaron Liston,iNaturalist,https://inaturalist-open-data.s3.amazonaws.com/photos/510643845/original.jpg,https://www.gbif.org/occurrence/5168558530
220,0,Clarkia rhomboidea,CC0,Shaheen Page,iNaturalist,https://inaturalist-open-data.s3.amazonaws.com/photos/679197571/original.jpg,https://www.gbif.org/occurrence/6400843614
220,1,Clarkia rhomboidea,CC0,caseyhh,iNaturalist,https://inaturalist-open-data.s3.amazonaws.com/photos/681068763/original.jpg,https://www.gbif.org/occurrence/6413421996
220,2,Clarkia rhomboidea,CC_BY,Adam Schneider,iNaturalist,https://inaturalist-open-data.s3.amazonaws.com/photos/672594824/original.jpg,https://www.gbif.org/occurrence/6413714675
221,0,Claytonia exigua,CC0,Stephanie McFarlane,iNaturalist,https://inaturalist-open-data.s3.amazonaws.com/photos/635029957/original.jpg,https://www.gbif.org/occurrence/6234207410
221,1,Claytonia exigua,CC_BY,Jeff Ward,iNaturalist,https://inaturalist-open-data.s3.amazonaws.com/photos/633116229/original.jpg,https://www.gbif.org/occurrence/6234361573
221,2,Claytonia exigua,CC_BY,Adam Schneider,iNaturalist,https://inaturalist-open-data.s3.amazonaws.com/photos/651941841/original.jpg,https://www.gbif.org/occurrence/6251833994
222,0,Claytonia lanceolata,CC_BY,Merlla McLaughlin,iNaturalist,https://inaturalist-open-data.s3.amazonaws.com/photos/384626836/original.jpeg,https://www.gbif.org/occurrence/4946499062
222,1,Claytonia lanceolata,CC0,Kate Manning,iNaturalist,https://inaturalist-open-data.s3.amazonaws.com/photos/377173805/original.jpg,https://www.gbif.org/occurrence/4980700511
222,2,Claytonia lanceolata,CC_BY,Brodie Cass Talbott,iNaturalist,https://inaturalist-open-data.s3.amazonaws.com/photos/388060112/original.jpeg,https://www.gbif.org/occurrence/5076781339
223,0,Claytonia parviflora,CC_BY,Zach Earl,iNaturalist,https://inaturalist-open-data.s3.amazonaws.com/photos/616660802/original.jpg,https://www.gbif.org/occurrence/6163294070
223,1,Claytonia parviflora,CC0,Barbara L. Wilson,iNaturalist,https://inaturalist-open-data.s3.amazonaws.com/photos/630800879/original.jpg,https://www.gbif.org/occurrence/6184740016
223,2,Claytonia parviflora,CC_BY,Adam Schneider,iNaturalist,https://inaturalist-open-data.s3.amazonaws.com/photos/626182411/original.jpg,https://www.gbif.org/occurrence/6184989775
224,0,Claytonia perfoliata,CC_BY,John Leszczynski,iNaturalist,https://inaturalist-open-data.s3.amazonaws.com/photos/617636897/original.jpg,https://www.gbif.org/occurrence/6162935135
224,1,Claytonia perfoliata,CC_BY,Aden Sommerville,iNaturalist,https://inaturalist-open-data.s3.amazonaws.com/photos/620049508/original.jpg,https://www.gbif.org/occurrence/6170840896
224,2,Claytonia perfoliata,CC0,Aaron Liston,iNaturalist,https://inaturalist-open-data.s3.amazonaws.com/photos/620399141/original.jpg,https://www.gbif.org/occurrence/6178542484
225,0,Claytonia rubra,CC0,Barbara L. Wilson,iNaturalist,https://inaturalist-open-data.s3.amazonaws.com/photos/625392231/original.jpg,https://www.gbif.org/occurrence/6178811822
225,1,Claytonia rubra,CC_BY,Daniel Patterson,iNaturalist,https://inaturalist-open-data.s3.amazonaws.com/photos/635831680/original.jpg,https://www.gbif.org/occurrence/6234206359
225,2,Claytonia rubra,CC_BY,Noah Strycker,iNaturalist,https://inaturalist-open-data.s3.amazonaws.com/photos/635662647/original.jpg,https://www.gbif.org/occurrence/6234237629
226,0,Claytonia sibirica,CC_BY,Zach Earl,iNaturalist,https://inaturalist-open-data.s3.amazonaws.com/photos/616663111/original.jpg,https://www.gbif.org/occurrence/6163413587
226,1,Claytonia sibirica,CC_BY,Ryan McMinds,iNaturalist,https://inaturalist-open-data.s3.amazonaws.com/photos/622690461/original.jpg,https://www.gbif.org/occurrence/6178583859
226,2,Claytonia sibirica,CC0,Barbara L. Wilson,iNaturalist,https://inaturalist-open-data.s3.amazonaws.com/photos/625375066/original.jpg,https://www.gbif.org/occurrence/6178609504
227,0,Clematis vitalba,CC0,Najah Bowlby,iNaturalist,https://inaturalist-open-data.s3.amazonaws.com/photos/620631587/original.jpg,https://www.gbif.org/occurrence/6171058061
227,1,Clematis vitalba,CC_BY,tkr421,iNaturalist,https://inaturalist-open-data.s3.amazonaws.com/photos/706954478/original.jpg,https://www.gbif.org/occurrence/6479221923
227,2,Clematis vitalba,CC_BY,Jeff Ward,iNaturalist,https://inaturalist-open-data.s3.amazonaws.com/photos/489349903/original.jpg,https://www.gbif.org/occurrence/5154086863
228,0,Clintonia uniflora,CC_BY,Judi Sanders,iNaturalist,https://inaturalist-open-data.s3.amazonaws.com/photos/647102383/original.jpg,https://www.gbif.org/occurrence/6235687773
228,1,Clintonia uniflora,CC_BY,Judi Sanders,iNaturalist,https://inaturalist-open-data.s3.amazonaws.com/photos/675355585/original.jpg,https://www.gbif.org/occurrence/6398730961
228,2,Clintonia uniflora,CC_BY,Brodie Cass Talbott,iNaturalist,https://inaturalist-open-data.s3.amazonaws.com/photos/676373106/original.jpg,https://www.gbif.org/occurrence/6398830984
229,0,Collinsia grandiflora,CC_BY,Jeff Ward,iNaturalist,https://inaturalist-open-data.s3.amazonaws.com/photos/626587871/original.jpg,https://www.gbif.org/occurrence/6185595618
229,1,Collinsia grandiflora,CC_BY,Konshau Duman,iNaturalist,https://inaturalist-open-data.s3.amazonaws.com/photos/629005122/original.jpg,https://www.gbif.org/occurrence/6186104311
229,2,Collinsia grandiflora,CC_BY,Dee Shea Himes,iNaturalist,https://inaturalist-open-data.s3.amazonaws.com/photos/485694501/original.jpg,https://www.gbif.org/occurrence/5133374950
230,0,Collinsia linearis,CC_BY,Jeff Ward,iNaturalist,https://inaturalist-open-data.s3.amazonaws.com/photos/629797526/original.jpg,https://www.gbif.org/occurrence/6185415250
230,1,Collinsia linearis,CC_BY,Dee Shea Himes,iNaturalist,https://inaturalist-open-data.s3.amazonaws.com/photos/629823970/original.jpg,https://www.gbif.org/occurrence/6235491522
230,2,Collinsia linearis,CC_BY,Dee Shea Himes,iNaturalist,https://inaturalist-open-data.s3.amazonaws.com/photos/636570349/original.jpg,https://www.gbif.org/occurrence/6235761728
231,0,Collinsia parviflora,CC0,Drew Meyer,iNaturalist,https://inaturalist-open-data.s3.amazonaws.com/photos/626201558/original.jpg,https://www.gbif.org/occurrence/6185063068
231,1,Collinsia parviflora,CC0,Barbara L. Wilson,iNaturalist,https://inaturalist-open-data.s3.amazonaws.com/photos/630271539/original.jpg,https://www.gbif.org/occurrence/6185573299
231,2,Collinsia parviflora,CC0,Barbara L. Wilson,iNaturalist,https://inaturalist-open-data.s3.amazonaws.com/photos/630270735/original.jpg,https://www.gbif.org/occurrence/6186056771
232,0,Collomia grandiflora,CC_BY,Jeff Ward,iNaturalist,https://inaturalist-open-data.s3.amazonaws.com/photos/667545866/original.jpg,https://www.gbif.org/occurrence/6352337303
232,1,Collomia grandiflora,CC_BY,Dee Shea Himes,iNaturalist,https://inaturalist-open-data.s3.amazonaws.com/photos/679065019/original.jpg,https://www.gbif.org/occurrence/6399830602
232,2,Collomia grandiflora,CC_BY,Dee Shea Himes,iNaturalist,https://inaturalist-open-data.s3.amazonaws.com/photos/684196515/original.jpg,https://www.gbif.org/occurrence/6414097612
233,0,Collomia heterophylla,CC_BY,Dee Shea Himes,iNaturalist,https://inaturalist-open-data.s3.amazonaws.com/photos/639830214/original.jpg,https://www.gbif.org/occurrence/6235971359
233,1,Collomia heterophylla,CC0,Barbara L. Wilson,iNaturalist,https://inaturalist-open-data.s3.amazonaws.com/photos/659709314/original.jpg,https://www.gbif.org/occurrence/6320435581
233,2,Collomia heterophylla,CC0,Barbara L. Wilson,iNaturalist,https://inaturalist-open-data.s3.amazonaws.com/photos/660963554/original.jpg,https://www.gbif.org/occurrence/6320662827
234,0,Collomia linearis,CC_BY,Gabriel Campbell-Martinez,iNaturalist,https://inaturalist-open-data.s3.amazonaws.com/photos/565595340/original.jpg,https://www.gbif.org/occurrence/6130347517
234,1,Collomia linearis,CC_BY,Jeff Ward,iNaturalist,https://inaturalist-open-data.s3.amazonaws.com/photos/530470439/original.jpg,https://www.gbif.org/occurrence/5216104391
234,2,Collomia linearis,CC_BY,Gabriel Campbell-Martinez,iNaturalist,https://inaturalist-open-data.s3.amazonaws.com/photos/537764270/original.jpg,https://www.gbif.org/occurrence/5231329428
235,0,Comandra umbellata,CC0,Drew Meyer,iNaturalist,https://inaturalist-open-data.s3.amazonaws.com/photos/641748633/original.jpg,https://www.gbif.org/occurrence/6234354362
235,1,Comandra umbellata,CC_BY,Judi Sanders,iNaturalist,https://inaturalist-open-data.s3.amazonaws.com/photos/637868850/original.jpg,https://www.gbif.org/occurrence/6235279917
235,2,Comandra umbellata,CC_BY,Dee Shea Himes,iNaturalist,https://inaturalist-open-data.s3.amazonaws.com/photos/637962635/original.jpg,https://www.gbif.org/occurrence/6235660213
236,0,Comarum palustre,CC0,Drew Meyer,iNaturalist,https://inaturalist-open-data.s3.amazonaws.com/photos/666642631/original.jpg,https://www.gbif.org/occurrence/6400760694
236,1,Comarum palustre,CC_BY,Cody Hinchliff,iNaturalist,https://inaturalist-open-data.s3.amazonaws.com/photos/696148625/original.jpg,https://www.gbif.org/occurrence/6441546630
236,2,Comarum palustre,CC_BY,Parker James Lloyd,iNaturalist,https://inaturalist-open-data.s3.amazonaws.com/photos/697640028/original.jpg,https://www.gbif.org/occurrence/6469920544
237,0,Conium maculatum,CC_BY,Brodie Cass Talbott,iNaturalist,https://inaturalist-open-data.s3.amazonaws.com/photos/619960534/original.jpg,https://www.gbif.org/occurrence/6170962863
237,1,Conium maculatum,CC_BY,Jeff Ward,iNaturalist,https://inaturalist-open-data.s3.amazonaws.com/photos/621596121/original.jpg,https://www.gbif.org/occurrence/6178820272
237,2,Conium maculatum,CC0,Barbara L. Wilson,iNaturalist,https://inaturalist-open-data.s3.amazonaws.com/photos/627422261/original.jpg,https://www.gbif.org/occurrence/6185075908
238,0,Convolvulus arvensis,CC0,Barbara L. Wilson,iNaturalist,https://inaturalist-open-data.s3.amazonaws.com/photos/658312634/original.jpg,https://www.gbif.org/occurrence/6320905071
238,1,Convolvulus arvensis,CC0,Jann Vendetti,iNaturalist,https://inaturalist-open-data.s3.amazonaws.com/photos/685946236/original.jpg,https://www.gbif.org/occurrence/6422439960
238,2,Convolvulus arvensis,CC_BY,John Clonce,iNaturalist,https://inaturalist-open-data.s3.amazonaws.com/photos/696867762/original.jpg,https://www.gbif.org/occurrence/6441701072
239,0,Coptis laciniata,CC_BY,Judi Sanders,iNaturalist,https://inaturalist-open-data.s3.amazonaws.com/photos/626864792/original.jpg,https://www.gbif.org/occurrence/6185508941
239,1,Coptis laciniata,CC_BY,Adam Schneider,iNaturalist,https://inaturalist-open-data.s3.amazonaws.com/photos/632981662/original.jpg,https://www.gbif.org/occurrence/6188184016
239,2,Coptis laciniata,CC_BY,Judi Sanders,iNaturalist,https://inaturalist-open-data.s3.amazonaws.com/photos/635805539/original.jpg,https://www.gbif.org/occurrence/6195282545
240,0,Corallorhiza maculata,CC_BY,Matt D'Agrosa,iNaturalist,https://inaturalist-open-data.s3.amazonaws.com/photos/650714212/original.jpg,https://www.gbif.org/occurrence/6251988530
240,1,Corallorhiza maculata,CC_BY,Dee Shea Himes,iNaturalist,https://inaturalist-open-data.s3.amazonaws.com/photos/660512116/original.jpg,https://www.gbif.org/occurrence/6320145609
240,2,Corallorhiza maculata,CC_BY,Tser,iNaturalist,https://inaturalist-open-data.s3.amazonaws.com/photos/660354052/original.jpg,https://www.gbif.org/occurrence/6320352972
241,0,Corallorhiza mertensiana,CC_BY,Matt D'Agrosa,iNaturalist,https://inaturalist-open-data.s3.amazonaws.com/photos/650713978/original.jpg,https://www.gbif.org/occurrence/6252413927
241,1,Corallorhiza mertensiana,CC_BY,Matt D'Agrosa,iNaturalist,https://inaturalist-open-data.s3.amazonaws.com/photos/650050799/original.jpg,https://www.gbif.org/occurrence/6274332905
241,2,Corallorhiza mertensiana,CC_BY,Dee Shea Himes,iNaturalist,https://inaturalist-open-data.s3.amazonaws.com/photos/671398190/original.jpg,https://www.gbif.org/occurrence/6399245060
242,0,Corallorhiza striata,CC_BY,Gail A Baker,iNaturalist,https://inaturalist-open-data.s3.amazonaws.com/photos/634915691/original.jpg,https://www.gbif.org/occurrence/6195299880
242,1,Corallorhiza striata,CC_BY,Judi Sanders,iNaturalist,https://inaturalist-open-data.s3.amazonaws.com/photos/649767282/original.jpg,https://www.gbif.org/occurrence/6253034187
242,2,Corallorhiza striata,CC_BY,Dee Shea Himes,iNaturalist,https://inaturalist-open-data.s3.amazonaws.com/photos/654527458/original.jpg,https://www.gbif.org/occurrence/6274224857
243,0,Cornus nuttallii,CC_BY,Dee Shea Himes,iNaturalist,https://inaturalist-open-data.s3.amazonaws.com/photos/625003269/original.jpg,https://www.gbif.org/occurrence/6178666527
243,1,Cornus nuttallii,CC_BY,Dee Shea Himes,iNaturalist,https://inaturalist-open-data.s3.amazonaws.com/photos/630969098/original.jpg,https://www.gbif.org/occurrence/6185363142
243,2,Cornus nuttallii,CC_BY,Dee Shea Himes,iNaturalist,https://inaturalist-open-data.s3.amazonaws.com/photos/630968102/original.jpg,https://www.gbif.org/occurrence/6185778693
244,0,Cornus sericea,CC0,Drew Meyer,iNaturalist,https://inaturalist-open-data.s3.amazonaws.com/photos/613831583/original.jpg,https://www.gbif.org/occurrence/6147656201
244,1,Cornus sericea,CC_BY,Sorrel,iNaturalist,https://inaturalist-open-data.s3.amazonaws.com/photos/614452405/original.jpg,https://www.gbif.org/occurrence/6159237976
244,2,Cornus sericea,CC_BY,Tser,iNaturalist,https://inaturalist-open-data.s3.amazonaws.com/photos/616440357/original.jpg,https://www.gbif.org/occurrence/6159419543
245,0,Cornus unalaschkensis,CC0,Barbara L. Wilson,iNaturalist,https://inaturalist-open-data.s3.amazonaws.com/photos/646035356/original.jpg,https://www.gbif.org/occurrence/6236079015
245,1,Cornus unalaschkensis,CC_BY,RockCollector,iNaturalist,https://inaturalist-open-data.s3.amazonaws.com/photos/666046690/original.jpg,https://www.gbif.org/occurrence/6334480076
245,2,Cornus unalaschkensis,CC_BY,RockCollector,iNaturalist,https://inaturalist-open-data.s3.amazonaws.com/photos/666037250/original.jpg,https://www.gbif.org/occurrence/6334498924
246,0,Corydalis scouleri,CC_BY,Patricia Teague,iNaturalist,https://inaturalist-open-data.s3.amazonaws.com/photos/650484852/original.jpg,https://www.gbif.org/occurrence/6251868582
246,1,Corydalis scouleri,CC_BY,Lance Hale,iNaturalist,https://inaturalist-open-data.s3.amazonaws.com/photos/653925642/original.jpg,https://www.gbif.org/occurrence/6273209949
246,2,Corydalis scouleri,CC_BY,Michele Karmartsang,iNaturalist,https://inaturalist-open-data.s3.amazonaws.com/photos/655559598/original.jpg,https://www.gbif.org/occurrence/6273387313
247,0,Corylus avellana,CC0,Barbara L. Wilson,iNaturalist,https://inaturalist-open-data.s3.amazonaws.com/photos/615067785/original.jpg,https://www.gbif.org/occurrence/6159544745
247,1,Corylus avellana,CC0,Barbara L. Wilson,iNaturalist,https://inaturalist-open-data.s3.amazonaws.com/photos/462447708/original.jpeg,https://www.gbif.org/occurrence/5037068873
247,2,Corylus avellana,CC_BY,David Anderson,iNaturalist,https://inaturalist-open-data.s3.amazonaws.com/photos/464212039/original.jpeg,https://www.gbif.org/occurrence/5063033097
248,0,Corylus cornuta,CC_BY,Dee Shea Himes,iNaturalist,https://inaturalist-open-data.s3.amazonaws.com/photos/604637381/original.jpg,https://www.gbif.org/occurrence/5938171564
248,1,Corylus cornuta,CC_BY,Judi Sanders,iNaturalist,https://inaturalist-open-data.s3.amazonaws.com/photos/633991862/original.jpg,https://www.gbif.org/occurrence/6188055102
248,2,Corylus cornuta,CC_BY,Judi Sanders,iNaturalist,https://inaturalist-open-data.s3.amazonaws.com/photos/644490911/original.jpg,https://www.gbif.org/occurrence/6235487806
249,0,Crataegus douglasii,CC_BY,Rachel Werling,iNaturalist,https://inaturalist-open-data.s3.amazonaws.com/photos/650908799/original.jpg,https://www.gbif.org/occurrence/6253336918
249,1,Crataegus douglasii,CC_BY,Daniel Patterson,iNaturalist,https://inaturalist-open-data.s3.amazonaws.com/photos/651065703/original.jpg,https://www.gbif.org/occurrence/6273386659
249,2,Crataegus douglasii,CC_BY,Adam Schneider,iNaturalist,https://inaturalist-open-data.s3.amazonaws.com/photos/523810896/original.jpg,https://www.gbif.org/occurrence/5216498863
250,0,Crataegus gaylussacia,CC_BY,Mike Unger,iNaturalist,https://inaturalist-open-data.s3.amazonaws.com/photos/374099604/original.jpg,https://www.gbif.org/occurrence/4937146987
250,1,Crataegus gaylussacia,CC0,Barbara L. Wilson,iNaturalist,https://inaturalist-open-data.s3.amazonaws.com/photos/150186321/original.jpeg,https://www.gbif.org/occurrence/3337818924
250,2,Crataegus gaylussacia,CC0,Barbara L. Wilson,iNaturalist,https://inaturalist-open-data.s3.amazonaws.com/photos/98102846/original.jpeg,https://www.gbif.org/occurrence/2883119528
251,0,Crataegus monogyna,CC_BY,Rodamu,iNaturalist,https://inaturalist-open-data.s3.amazonaws.com/photos/630518726/original.jpg,https://www.gbif.org/occurrence/6185728802
251,1,Crataegus monogyna,CC_BY,Judi Sanders,iNaturalist,https://inaturalist-open-data.s3.amazonaws.com/photos/633988623/original.jpg,https://www.gbif.org/occurrence/6188558123
251,2,Crataegus monogyna,CC_BY,Aden Sommerville,iNaturalist,https://inaturalist-open-data.s3.amazonaws.com/photos/645183370/original.jpg,https://www.gbif.org/occurrence/6234251371
252,0,Crepis acuminata,CC_BY,James H. Thomas,iNaturalist,https://inaturalist-open-data.s3.amazonaws.com/photos/658005104/original.jpg,https://www.gbif.org/occurrence/6274321060
252,1,Crepis acuminata,CC_BY,Hannah K. Maielua,iNaturalist,https://inaturalist-open-data.s3.amazonaws.com/photos/517886244/original.jpg,https://www.gbif.org/occurrence/5231032724
252,2,Crepis acuminata,CC0,Drew Meyer,iNaturalist,https://inaturalist-open-data.s3.amazonaws.com/photos/130768617/original.jpeg,https://www.gbif.org/occurrence/3301814718
253,0,Crepis occidentalis,CC_BY,Adam Schneider,iNaturalist,https://inaturalist-open-data.s3.amazonaws.com/photos/642627228/original.jpg,https://www.gbif.org/occurrence/6252478059
253,1,Crepis occidentalis,CC_BY,Michael O'Loughlin,iNaturalist,https://inaturalist-open-data.s3.amazonaws.com/photos/657319839/original.jpg,https://www.gbif.org/occurrence/6273343197
253,2,Crepis occidentalis,CC_BY,Michael O'Loughlin,iNaturalist,https://inaturalist-open-data.s3.amazonaws.com/photos/657328414/original.jpg,https://www.gbif.org/occurrence/6273759596
254,0,Crocidium multicaule,CC_BY,Zach Earl,iNaturalist,https://inaturalist-open-data.s3.amazonaws.com/photos/616665516/original.jpg,https://www.gbif.org/occurrence/6163339882
254,1,Crocidium multicaule,CC_BY,Jeff Ward,iNaturalist,https://inaturalist-open-data.s3.amazonaws.com/photos/623044358/original.jpg,https://www.gbif.org/occurrence/6179513368
254,2,Crocidium multicaule,CC0,Drew Meyer,iNaturalist,https://inaturalist-open-data.s3.amazonaws.com/photos/626201360/original.jpg,https://www.gbif.org/occurrence/6185797803
255,0,Crocosmia crocosmiiflora,CC_BY,Therese Phillips,iNaturalist,https://inaturalist-open-data.s3.amazonaws.com/photos/681276942/original.jpg,https://www.gbif.org/occurrence/6498699146
255,1,Crocosmia crocosmiiflora,CC0,Barbara L. Wilson,iNaturalist,https://inaturalist-open-data.s3.amazonaws.com/photos/709350421/original.jpg,https://www.gbif.org/occurrence/6479677029
255,2,Crocosmia crocosmiiflora,CC_BY,Tara Severns,iNaturalist,https://inaturalist-open-data.s3.amazonaws.com/photos/707018327/original.jpg,https://www.gbif.org/occurrence/6481035715
256,0,Cryptantha intermedia,CC_BY,Jeff Ward,iNaturalist,https://inaturalist-open-data.s3.amazonaws.com/photos/196695466/original.jpeg,https://www.gbif.org/occurrence/3773602269
256,1,Cryptantha intermedia,CC0,Ellen Watrous,iNaturalist,https://inaturalist-open-data.s3.amazonaws.com/photos/214759249/original.jpeg,https://www.gbif.org/occurrence/6481266814
256,2,Cryptantha intermedia,CC0,Drew Meyer,iNaturalist,https://inaturalist-open-data.s3.amazonaws.com/photos/132619697/original.jpeg,https://www.gbif.org/occurrence/4981924341
257,0,Cryptogramma acrostichoides,CC_BY,Jeff Ward,iNaturalist,https://inaturalist-open-data.s3.amazonaws.com/photos/619744024/original.jpg,https://www.gbif.org/occurrence/6178951202
257,1,Cryptogramma acrostichoides,CC_BY,David Anderson,iNaturalist,https://inaturalist-open-data.s3.amazonaws.com/photos/653244810/original.jpg,https://www.gbif.org/occurrence/6251627230
257,2,Cryptogramma acrostichoides,CC0,Kate Manning,iNaturalist,https://inaturalist-open-data.s3.amazonaws.com/photos/657451790/original.jpg,https://www.gbif.org/occurrence/6273874704
258,0,Cryptosiphonia woodii,CC_BY,Lee Cain,iNaturalist,https://inaturalist-open-data.s3.amazonaws.com/photos/207292545/original.jpg,https://www.gbif.org/occurrence/3858571269
258,1,Cryptosiphonia woodii,CC_BY,Jeff Ward,iNaturalist,https://inaturalist-open-data.s3.amazonaws.com/photos/132732895/original.jpeg,https://www.gbif.org/occurrence/3301953564
258,2,Cryptosiphonia woodii,CC_BY,Jeff Ward,iNaturalist,https://inaturalist-open-data.s3.amazonaws.com/photos/132732913/original.jpeg,https://www.gbif.org/occurrence/3301953564
259,0,Cyclamen hederifolium,CC0,Barbara L. Wilson,iNaturalist,https://inaturalist-open-data.s3.amazonaws.com/photos/620462316/original.jpg,https://www.gbif.org/occurrence/6171242817
259,1,Cyclamen hederifolium,CC0,Barbara L. Wilson,iNaturalist,https://inaturalist-open-data.s3.amazonaws.com/photos/631666224/original.jpg,https://www.gbif.org/occurrence/6188122406
259,2,Cyclamen hederifolium,CC0,Barbara L. Wilson,iNaturalist,https://inaturalist-open-data.s3.amazonaws.com/photos/631666208/original.jpg,https://www.gbif.org/occurrence/6188545493
260,0,Cymbalaria muralis,CC0,Barbara L. Wilson,iNaturalist,https://inaturalist-open-data.s3.amazonaws.com/photos/625250405/original.jpg,https://www.gbif.org/occurrence/6178936718
260,1,Cymbalaria muralis,CC0,Barbara L. Wilson,iNaturalist,https://inaturalist-open-data.s3.amazonaws.com/photos/620765054/original.jpg,https://www.gbif.org/occurrence/6179226131
260,2,Cymbalaria muralis,CC_BY,Jeffrey Lee (he/him/his),iNaturalist,https://inaturalist-open-data.s3.amazonaws.com/photos/629351090/original.jpg,https://www.gbif.org/occurrence/6184947553
261,0,Cynoglossum officinale,CC_BY,Daniel Patterson,iNaturalist,https://inaturalist-open-data.s3.amazonaws.com/photos/644449708/original.jpg,https://www.gbif.org/occurrence/6235458973
261,1,Cynoglossum officinale,CC_BY,Jeff Ward,iNaturalist,https://inaturalist-open-data.s3.amazonaws.com/photos/662971811/original.jpg,https://www.gbif.org/occurrence/6451694195
261,2,Cynoglossum officinale,CC0,William Proebsting,iNaturalist,https://inaturalist-open-data.s3.amazonaws.com/photos/480277368/original.jpeg,https://www.gbif.org/occurrence/6130110931
262,0,Cynosurus echinatus,CC_BY,carbapple,iNaturalist,https://inaturalist-open-data.s3.amazonaws.com/photos/666216700/original.jpg,https://www.gbif.org/occurrence/6334137978
262,1,Cynosurus echinatus,CC_BY,Judi Sanders,iNaturalist,https://inaturalist-open-data.s3.amazonaws.com/photos/670265461/original.jpg,https://www.gbif.org/occurrence/6431441920
262,2,Cynosurus echinatus,CC_BY,Rodamu,iNaturalist,https://inaturalist-open-data.s3.amazonaws.com/photos/674756238/original.jpg,https://www.gbif.org/occurrence/6412979388
263,0,Cypripedium californicum,CC_BY,Dee Shea Himes,iNaturalist,https://inaturalist-open-data.s3.amazonaws.com/photos/664493625/original.jpg,https://www.gbif.org/occurrence/6334401072
263,1,Cypripedium californicum,CC_BY,Dee Shea Himes,iNaturalist,https://inaturalist-open-data.s3.amazonaws.com/photos/676110668/original.jpg,https://www.gbif.org/occurrence/6399733199
263,2,Cypripedium californicum,CC_BY,Dee Shea Himes,iNaturalist,https://inaturalist-open-data.s3.amazonaws.com/photos/675526013/original.jpg,https://www.gbif.org/occurrence/6400623135
264,0,Cypripedium montanum,CC_BY,Adam Schneider,iNaturalist,https://inaturalist-open-data.s3.amazonaws.com/photos/664876524/original.jpg,https://www.gbif.org/occurrence/6334126073
264,1,Cypripedium montanum,CC_BY,Daniel Patterson,iNaturalist,https://inaturalist-open-data.s3.amazonaws.com/photos/675679200/original.jpg,https://www.gbif.org/occurrence/6398852712
264,2,Cypripedium montanum,CC_BY,Mark Pollock,iNaturalist,https://inaturalist-open-data.s3.amazonaws.com/photos/672362252/original.jpg,https://www.gbif.org/occurrence/6399229772
265,0,Cystopteris fragilis,CC_BY,Dee Shea Himes,iNaturalist,https://inaturalist-open-data.s3.amazonaws.com/photos/624247824/original.jpg,https://www.gbif.org/occurrence/6178499481
265,1,Cystopteris fragilis,CC_BY,Dee Shea Himes,iNaturalist,https://inaturalist-open-data.s3.amazonaws.com/photos/634500765/original.jpg,https://www.gbif.org/occurrence/6188015137
265,2,Cystopteris fragilis,CC_BY,David Anderson,iNaturalist,https://inaturalist-open-data.s3.amazonaws.com/photos/653337573/original.jpg,https://www.gbif.org/occurrence/6251590597
266,0,Cytisus scoparius,CC0,Bryce Maxell,iNaturalist,https://inaturalist-open-data.s3.amazonaws.com/photos/604525815/original.jpg,https://www.gbif.org/occurrence/5938249928
266,1,Cytisus scoparius,CC0,moater,iNaturalist,https://inaturalist-open-data.s3.amazonaws.com/photos/610506346/original.jpg,https://www.gbif.org/occurrence/6131402136
266,2,Cytisus scoparius,CC0,Dave Miller,iNaturalist,https://inaturalist-open-data.s3.amazonaws.com/photos/620493784/original.jpg,https://www.gbif.org/occurrence/6171090168
267,0,Dactylis glomerata,CC_BY,Aden Sommerville,iNaturalist,https://inaturalist-open-data.s3.amazonaws.com/photos/607315861/original.jpg,https://www.gbif.org/occurrence/6130499285
267,1,Dactylis glomerata,CC0,Barbara L. Wilson,iNaturalist,https://inaturalist-open-data.s3.amazonaws.com/photos/615062351/original.jpg,https://www.gbif.org/occurrence/6159613664
267,2,Dactylis glomerata,CC0,Barbara L. Wilson,iNaturalist,https://inaturalist-open-data.s3.amazonaws.com/photos/620780760/original.jpg,https://www.gbif.org/occurrence/6178927506
268,0,Dalea ornata,CC_BY,John Clonce,iNaturalist,https://inaturalist-open-data.s3.amazonaws.com/photos/675047614/original.jpg,https://www.gbif.org/occurrence/6399361813
268,1,Dalea ornata,CC_BY,jonsense,iNaturalist,https://inaturalist-open-data.s3.amazonaws.com/photos/688293189/original.jpg,https://www.gbif.org/occurrence/6422170711
268,2,Dalea ornata,CC_BY,Jeff Ward,iNaturalist,https://inaturalist-open-data.s3.amazonaws.com/photos/502102920/original.jpg,https://www.gbif.org/occurrence/5167687762
269,0,Danthonia californica,CC_BY,Ed Alverson,iNaturalist,https://inaturalist-open-data.s3.amazonaws.com/photos/629508210/original.jpg,https://www.gbif.org/occurrence/6185364258
269,1,Danthonia californica,CC_BY,Ed Alverson,iNaturalist,https://inaturalist-open-data.s3.amazonaws.com/photos/628293565/original.jpg,https://www.gbif.org/occurrence/6185388600
269,2,Danthonia californica,CC_BY,Ed Alverson,iNaturalist,https://inaturalist-open-data.s3.amazonaws.com/photos/629506044/original.jpg,https://www.gbif.org/occurrence/6186073740
270,0,Darlingtonia californica,CC_BY,harrii,iNaturalist,https://inaturalist-open-data.s3.amazonaws.com/photos/623468539/original.jpg,https://www.gbif.org/occurrence/6179445135
270,1,Darlingtonia californica,CC_BY,Jeff Ward,iNaturalist,https://inaturalist-open-data.s3.amazonaws.com/photos/628285892/original.jpg,https://www.gbif.org/occurrence/6185164386
270,2,Darlingtonia californica,CC_BY,Dee Shea Himes,iNaturalist,https://inaturalist-open-data.s3.amazonaws.com/photos/632947772/original.jpg,https://www.gbif.org/occurrence/6188630724
271,0,Darmera peltata,CC_BY,Dee Shea Himes,iNaturalist,https://inaturalist-open-data.s3.amazonaws.com/photos/647482095/original.jpg,https://www.gbif.org/occurrence/6234668093
271,1,Darmera peltata,CC_BY,Dee Shea Himes,iNaturalist,https://inaturalist-open-data.s3.amazonaws.com/photos/647484350/original.jpg,https://www.gbif.org/occurrence/6235292621
271,2,Darmera peltata,CC0,Barbara L. Wilson,iNaturalist,https://inaturalist-open-data.s3.amazonaws.com/photos/663214403/original.jpg,https://www.gbif.org/occurrence/6333913440
272,0,Datura stramonium,CC0,Aaron Liston,iNaturalist,https://inaturalist-open-data.s3.amazonaws.com/photos/546707757/original.jpg,https://www.gbif.org/occurrence/5282415722
272,1,Datura stramonium,CC0,Barbara L. Wilson,iNaturalist,https://inaturalist-open-data.s3.amazonaws.com/photos/561381068/original.jpg,https://www.gbif.org/occurrence/5760163415
272,2,Datura stramonium,CC_BY,Jeffrey Lee (he/him/his),iNaturalist,https://inaturalist-open-data.s3.amazonaws.com/photos/551427470/original.jpg,https://www.gbif.org/occurrence/5844050698
273,0,Daucus carota,CC0,Barbara L. Wilson,iNaturalist,https://inaturalist-open-data.s3.amazonaws.com/photos/605910421/original.jpg,https://www.gbif.org/occurrence/6129936332
273,1,Daucus carota,CC0,Barbara L. Wilson,iNaturalist,https://inaturalist-open-data.s3.amazonaws.com/photos/605910419/original.jpg,https://www.gbif.org/occurrence/6130069829
273,2,Daucus carota,CC0,Barbara L. Wilson,iNaturalist,https://inaturalist-open-data.s3.amazonaws.com/photos/605910415/original.jpg,https://www.gbif.org/occurrence/6130341738
274,0,Delphinium andersonii,CC_BY,Michele Wiseman,iNaturalist,https://inaturalist-open-data.s3.amazonaws.com/photos/281152102/original.jpg,https://www.gbif.org/occurrence/4127282768
274,1,Delphinium andersonii,CC_BY,Daniel Kennedy,iNaturalist,https://inaturalist-open-data.s3.amazonaws.com/photos/282896359/original.jpg,https://www.gbif.org/occurrence/4133600640
274,2,Delphinium andersonii,CC_BY,Daniel Kennedy,iNaturalist,https://inaturalist-open-data.s3.amazonaws.com/photos/284299446/original.jpg,https://www.gbif.org/occurrence/4171172746
275,0,Delphinium menziesii,CC_BY,Judi Sanders,iNaturalist,https://inaturalist-open-data.s3.amazonaws.com/photos/626867654/original.jpg,https://www.gbif.org/occurrence/6185817828
275,1,Delphinium menziesii,CC_BY,Adam Schneider,iNaturalist,https://inaturalist-open-data.s3.amazonaws.com/photos/632972591/original.jpg,https://www.gbif.org/occurrence/6188031230
275,2,Delphinium menziesii,CC_BY,Gail A Baker,iNaturalist,https://inaturalist-open-data.s3.amazonaws.com/photos/661411607/original.jpg,https://www.gbif.org/occurrence/6320487093
276,0,Delphinium nuttallianum,CC0,Barbara L. Wilson,iNaturalist,https://inaturalist-open-data.s3.amazonaws.com/photos/631305347/original.jpg,https://www.gbif.org/occurrence/6188180476
276,1,Delphinium nuttallianum,CC_BY,Daniel Patterson,iNaturalist,https://inaturalist-open-data.s3.amazonaws.com/photos/650465371/original.jpg,https://www.gbif.org/occurrence/6334350836
276,2,Delphinium nuttallianum,CC0,Barbara L. Wilson,iNaturalist,https://inaturalist-open-data.s3.amazonaws.com/photos/490460116/original.jpeg,https://www.gbif.org/occurrence/5140105809
277,0,Delphinium nuttallii,CC_BY,Kieran Hanrahan,iNaturalist,https://inaturalist-open-data.s3.amazonaws.com/photos/488523901/original.jpg,https://www.gbif.org/occurrence/5134340845
277,1,Delphinium nuttallii,CC_BY,Jeff Ward,iNaturalist,https://inaturalist-open-data.s3.amazonaws.com/photos/508056994/original.jpg,https://www.gbif.org/occurrence/5167411622
277,2,Delphinium nuttallii,CC_BY,Jeff Ward,iNaturalist,https://inaturalist-open-data.s3.amazonaws.com/photos/509338959/original.jpg,https://www.gbif.org/occurrence/5167872051
278,0,Delphinium trolliifolium,CC_BY,Jeff Ward,iNaturalist,https://inaturalist-open-data.s3.amazonaws.com/photos/611056066/original.jpg,https://www.gbif.org/occurrence/6131313525
278,1,Delphinium trolliifolium,CC_BY,Jeff Ward,iNaturalist,https://inaturalist-open-data.s3.amazonaws.com/photos/615599724/original.jpg,https://www.gbif.org/occurrence/6159349161
278,2,Delphinium trolliifolium,CC0,Barbara L. Wilson,iNaturalist,https://inaturalist-open-data.s3.amazonaws.com/photos/626047142/original.jpg,https://www.gbif.org/occurrence/6185077219
279,0,Dendroalsia abietina,CC_BY,Tser,iNaturalist,https://inaturalist-open-data.s3.amazonaws.com/photos/614260010/original.jpg,https://www.gbif.org/occurrence/6147564212
279,1,Dendroalsia abietina,CC0,Barbara L. Wilson,iNaturalist,https://inaturalist-open-data.s3.amazonaws.com/photos/626054740/original.jpg,https://www.gbif.org/occurrence/6399487659
279,2,Dendroalsia abietina,CC0,Barbara L. Wilson,iNaturalist,https://inaturalist-open-data.s3.amazonaws.com/photos/647065161/original.jpg,https://www.gbif.org/occurrence/6235449980
280,0,Deschampsia cespitosa,CC0,Barbara L. Wilson,iNaturalist,https://inaturalist-open-data.s3.amazonaws.com/photos/625392311/original.jpg,https://www.gbif.org/occurrence/6179501895
280,1,Deschampsia cespitosa,CC0,Barbara L. Wilson,iNaturalist,https://inaturalist-open-data.s3.amazonaws.com/photos/475633015/original.jpeg,https://www.gbif.org/occurrence/5087837908
280,2,Deschampsia cespitosa,CC0,kunstmanl,iNaturalist,https://inaturalist-open-data.s3.amazonaws.com/photos/527189676/original.jpg,https://www.gbif.org/occurrence/6133590572
281,0,Deschampsia elongata,CC_BY,Dee Shea Himes,iNaturalist,https://inaturalist-open-data.s3.amazonaws.com/photos/687499591/original.jpg,https://www.gbif.org/occurrence/6430782502
281,1,Deschampsia elongata,CC_BY,Ed Alverson,iNaturalist,https://inaturalist-open-data.s3.amazonaws.com/photos/399248961/original.jpg,https://www.gbif.org/occurrence/4904012346
281,2,Deschampsia elongata,CC_BY,Gabriel Campbell-Martinez,iNaturalist,https://inaturalist-open-data.s3.amazonaws.com/photos/413689509/original.jpeg,https://www.gbif.org/occurrence/4946632195
282,0,Dianthus armeria,CC0,Joshua Morris,iNaturalist,https://inaturalist-open-data.s3.amazonaws.com/photos/675472042/original.jpg,https://www.gbif.org/occurrence/6423156637
282,1,Dianthus armeria,CC_BY,Ed Alverson,iNaturalist,https://inaturalist-open-data.s3.amazonaws.com/photos/689485405/original.jpg,https://www.gbif.org/occurrence/6431022602
282,2,Dianthus armeria,CC0,Paul Rose,iNaturalist,https://inaturalist-open-data.s3.amazonaws.com/photos/696106396/original.jpg,https://www.gbif.org/occurrence/6441007132
283,0,Dicentra formosa,CC_BY,Jeff Ward,iNaturalist,https://inaturalist-open-data.s3.amazonaws.com/photos/623043997/original.jpg,https://www.gbif.org/occurrence/6178430911
283,1,Dicentra formosa,CC_BY,Tom and T Herman,iNaturalist,https://inaturalist-open-data.s3.amazonaws.com/photos/621844183/original.jpg,https://www.gbif.org/occurrence/6178625998
283,2,Dicentra formosa,CC_BY,Ryan McMinds,iNaturalist,https://inaturalist-open-data.s3.amazonaws.com/photos/622689980/original.jpg,https://www.gbif.org/occurrence/6178702287
284,0,Dichelostemma congestum,CC_BY,Gail A Baker,iNaturalist,https://inaturalist-open-data.s3.amazonaws.com/photos/657679146/original.jpg,https://www.gbif.org/occurrence/6273727439
284,1,Dichelostemma congestum,CC_BY,Kieran Hanrahan,iNaturalist,https://inaturalist-open-data.s3.amazonaws.com/photos/657641114/original.jpg,https://www.gbif.org/occurrence/6274052734
284,2,Dichelostemma congestum,CC_BY,Rodamu,iNaturalist,https://inaturalist-open-data.s3.amazonaws.com/photos/658327390/original.jpg,https://www.gbif.org/occurrence/6320401430
285,0,Dieteria canescens,CC_BY,John Clonce,iNaturalist,https://inaturalist-open-data.s3.amazonaws.com/photos/696169599/original.jpg,https://www.gbif.org/occurrence/6441704631
285,1,Dieteria canescens,CC0,Ethan Robison,iNaturalist,https://inaturalist-open-data.s3.amazonaws.com/photos/715108149/original.jpg,https://www.gbif.org/occurrence/6499957394
285,2,Dieteria canescens,CC_BY,carbapple,iNaturalist,https://inaturalist-open-data.s3.amazonaws.com/photos/729368946/original.jpg,https://www.gbif.org/occurrence/6518876959
286,0,Digitalis purpurea,CC0,Max Farver,iNaturalist,https://inaturalist-open-data.s3.amazonaws.com/photos/605460858/original.jpg,https://www.gbif.org/occurrence/5938468154
286,1,Digitalis purpurea,CC_BY,David Anderson,iNaturalist,https://inaturalist-open-data.s3.amazonaws.com/photos/612273940/original.jpg,https://www.gbif.org/occurrence/6133258435
286,2,Digitalis purpurea,CC0,Barbara L. Wilson,iNaturalist,https://inaturalist-open-data.s3.amazonaws.com/photos/625344957/original.jpg,https://www.gbif.org/occurrence/6178663475
287,0,Diplacus nanus,CC_BY,Rachel Werling,iNaturalist,https://inaturalist-open-data.s3.amazonaws.com/photos/503108446/original.jpg,https://www.gbif.org/occurrence/5215721622
287,1,Diplacus nanus,CC_BY,Casey H. Richart,iNaturalist,https://inaturalist-open-data.s3.amazonaws.com/photos/530973421/original.jpg,https://www.gbif.org/occurrence/5216440587
287,2,Diplacus nanus,CC_BY,Casey H. Richart,iNaturalist,https://inaturalist-open-data.s3.amazonaws.com/photos/530973373/original.jpg,https://www.gbif.org/occurrence/5216520599
288,0,Dipsacus fullonum,CC0,moater,iNaturalist,https://inaturalist-open-data.s3.amazonaws.com/photos/604901132/original.jpg,https://www.gbif.org/occurrence/5938271528
288,1,Dipsacus fullonum,CC0,Bryce Maxell,iNaturalist,https://inaturalist-open-data.s3.amazonaws.com/photos/604526008/original.jpg,https://www.gbif.org/occurrence/5938403692
288,2,Dipsacus fullonum,CC_BY,Hannah K. Maielua,iNaturalist,https://inaturalist-open-data.s3.amazonaws.com/photos/608245132/original.jpg,https://www.gbif.org/occurrence/6130560258
289,0,Dipterostemon capitatus,CC_BY,Jeff Ward,iNaturalist,https://inaturalist-open-data.s3.amazonaws.com/photos/628648708/original.jpg,https://www.gbif.org/occurrence/6185189913
289,1,Dipterostemon capitatus,CC_BY,Rodamu,iNaturalist,https://inaturalist-open-data.s3.amazonaws.com/photos/637225504/original.jpg,https://www.gbif.org/occurrence/6195747408
289,2,Dipterostemon capitatus,CC0,Deniz Wilson,iNaturalist,https://inaturalist-open-data.s3.amazonaws.com/photos/511699283/original.jpg,https://www.gbif.org/occurrence/5176793809
290,0,Distichlis spicata,CC0,Barbara L. Wilson,iNaturalist,https://inaturalist-open-data.s3.amazonaws.com/photos/620871555/original.jpg,https://www.gbif.org/occurrence/6178731197
290,1,Distichlis spicata,CC0,Barbara L. Wilson,iNaturalist,https://inaturalist-open-data.s3.amazonaws.com/photos/709376466/original.jpg,https://www.gbif.org/occurrence/6479489024
290,2,Distichlis spicata,CC0,Barbara L. Wilson,iNaturalist,https://inaturalist-open-data.s3.amazonaws.com/photos/709376071/original.jpg,https://www.gbif.org/occurrence/6480615731
291,0,Dodecatheon conjugens,CC_BY,Adam Schneider,iNaturalist,https://inaturalist-open-data.s3.amazonaws.com/photos/374294860/original.jpg,https://www.gbif.org/occurrence/4852335865
291,1,Dodecatheon conjugens,CC0,Kate Manning,iNaturalist,https://inaturalist-open-data.s3.amazonaws.com/photos/377675901/original.jpg,https://www.gbif.org/occurrence/4863481619
291,2,Dodecatheon conjugens,CC_BY,Daniel Kennedy,iNaturalist,https://inaturalist-open-data.s3.amazonaws.com/photos/283394698/original.jpg,https://www.gbif.org/occurrence/4127456407
292,0,Dodecatheon hendersonii,CC0,Andy Kleinhesselink,iNaturalist,https://inaturalist-open-data.s3.amazonaws.com/photos/618245179/original.jpg,https://www.gbif.org/occurrence/6163046540
292,1,Dodecatheon hendersonii,CC_BY,Dee Shea Himes,iNaturalist,https://inaturalist-open-data.s3.amazonaws.com/photos/622912892/original.jpg,https://www.gbif.org/occurrence/6178573206
292,2,Dodecatheon hendersonii,CC_BY,Dee Shea Himes,iNaturalist,https://inaturalist-open-data.s3.amazonaws.com/photos/622911552/original.jpg,https://www.gbif.org/occurrence/6178670893
293,0,Dodecatheon jeffreyanum,CC_BY,John Powers,iNaturalist,https://inaturalist-open-data.s3.amazonaws.com/photos/522548559/original.jpg,https://www.gbif.org/occurrence/5198757877
293,1,Dodecatheon jeffreyanum,CC_BY,Hilary Rose Dawson,iNaturalist,https://inaturalist-open-data.s3.amazonaws.com/photos/389280357/original.jpg,https://www.gbif.org/occurrence/4875558112
293,2,Dodecatheon jeffreyanum,CC_BY,Gabriel Campbell-Martinez,iNaturalist,https://inaturalist-open-data.s3.amazonaws.com/photos/417689146/original.jpeg,https://www.gbif.org/occurrence/4925892663
294,0,Dodecatheon pulchellum,CC_BY,Jeff Ward,iNaturalist,https://inaturalist-open-data.s3.amazonaws.com/photos/628286121/original.jpg,https://www.gbif.org/occurrence/6186081599
294,1,Dodecatheon pulchellum,CC_BY,harrii,iNaturalist,https://inaturalist-open-data.s3.amazonaws.com/photos/488887720/original.jpg,https://www.gbif.org/occurrence/5134612813
294,2,Dodecatheon pulchellum,CC_BY,Daniel Patterson,iNaturalist,https://inaturalist-open-data.s3.amazonaws.com/photos/505052209/original.jpg,https://www.gbif.org/occurrence/5166884716
295,0,Downingia bacigalupii,CC_BY,Dee Shea Himes,iNaturalist,https://inaturalist-open-data.s3.amazonaws.com/photos/673906663/original.jpg,https://www.gbif.org/occurrence/6398829389
295,1,Downingia bacigalupii,CC_BY,Arvel Hernandez,iNaturalist,https://inaturalist-open-data.s3.amazonaws.com/photos/695132510/original.jpg,https://www.gbif.org/occurrence/6441001105
295,2,Downingia bacigalupii,CC_BY,Parker James Lloyd,iNaturalist,https://inaturalist-open-data.s3.amazonaws.com/photos/696950287/original.jpg,https://www.gbif.org/occurrence/6441453498
296,0,Downingia elegans,CC_BY,Bruce Bailey,iNaturalist,https://inaturalist-open-data.s3.amazonaws.com/photos/674338972/original.jpg,https://www.gbif.org/occurrence/6398914439
296,1,Downingia elegans,CC_BY,Adam Schneider,iNaturalist,https://inaturalist-open-data.s3.amazonaws.com/photos/699979585/original.jpg,https://www.gbif.org/occurrence/6452498318
296,2,Downingia elegans,CC_BY,Don Boucher,iNaturalist,https://inaturalist-open-data.s3.amazonaws.com/photos/521514698/original.jpg,https://www.gbif.org/occurrence/5199019490
297,0,Draba verna,CC0,Barbara L. Wilson,iNaturalist,https://inaturalist-open-data.s3.amazonaws.com/photos/608064712/original.jpg,https://www.gbif.org/occurrence/6171107128
297,1,Draba verna,CC_BY,David Anderson,iNaturalist,https://inaturalist-open-data.s3.amazonaws.com/photos/605195298/original.jpg,https://www.gbif.org/occurrence/6179452730
297,2,Draba verna,CC_BY,Jeff Ward,iNaturalist,https://inaturalist-open-data.s3.amazonaws.com/photos/615066734/original.jpg,https://www.gbif.org/occurrence/6159597421
298,0,Drosera rotundifolia,CC_BY,Kieran Hanrahan,iNaturalist,https://inaturalist-open-data.s3.amazonaws.com/photos/682493532/original.jpg,https://www.gbif.org/occurrence/6413920737
298,1,Drosera rotundifolia,CC_BY,Sam Bucciarelli,iNaturalist,https://inaturalist-open-data.s3.amazonaws.com/photos/696798283/original.jpg,https://www.gbif.org/occurrence/6441775058
298,2,Drosera rotundifolia,CC_BY,Parker James Lloyd,iNaturalist,https://inaturalist-open-data.s3.amazonaws.com/photos/697638902/original.jpg,https://www.gbif.org/occurrence/6451717653
299,0,Drymocallis glandulosa,CC_BY,Daniel Patterson,iNaturalist,https://inaturalist-open-data.s3.amazonaws.com/photos/647499478/original.jpg,https://www.gbif.org/occurrence/6235018872
299,1,Drymocallis glandulosa,CC_BY,Kieran Hanrahan,iNaturalist,https://inaturalist-open-data.s3.amazonaws.com/photos/647349007/original.jpg,https://www.gbif.org/occurrence/6236066804
299,2,Drymocallis glandulosa,CC_BY,Rodamu,iNaturalist,https://inaturalist-open-data.s3.amazonaws.com/photos/648242544/original.jpg,https://www.gbif.org/occurrence/6413346465
300,0,Dryopteris arguta,CC0,Barbara L. Wilson,iNaturalist,https://inaturalist-open-data.s3.amazonaws.com/photos/626063172/original.jpg,https://www.gbif.org/occurrence/6184998156
300,1,Dryopteris arguta,CC_BY,Jeff Ward,iNaturalist,https://inaturalist-open-data.s3.amazonaws.com/photos/627819843/original.jpg,https://www.gbif.org/occurrence/6185483499
300,2,Dryopteris arguta,CC0,Barbara L. Wilson,iNaturalist,https://inaturalist-open-data.s3.amazonaws.com/photos/626063193/original.jpg,https://www.gbif.org/occurrence/6185755638
301,0,Dryopteris expansa,CC0,Barbara L. Wilson,iNaturalist,https://inaturalist-open-data.s3.amazonaws.com/photos/625375793/original.jpg,https://www.gbif.org/occurrence/6178524177
301,1,Dryopteris expansa,CC_BY,Merlla McLaughlin,iNaturalist,https://inaturalist-open-data.s3.amazonaws.com/photos/682557375/original.jpg,https://www.gbif.org/occurrence/6412966892
301,2,Dryopteris expansa,CC_BY,jonsense,iNaturalist,https://inaturalist-open-data.s3.amazonaws.com/photos/686873366/original.jpg,https://www.gbif.org/occurrence/6423034458
302,0,Echinochloa crus-galli,CC_BY,Jeff Ward,iNaturalist,https://inaturalist-open-data.s3.amazonaws.com/photos/720448480/original.jpg,https://www.gbif.org/occurrence/6498213919
302,1,Echinochloa crus-galli,CC_BY,Lee Cain,iNaturalist,https://inaturalist-open-data.s3.amazonaws.com/photos/730373236/original.jpg,https://www.gbif.org/occurrence/6519196356
302,2,Echinochloa crus-galli,CC_BY,Jeffrey Lee (he/him/his),iNaturalist,https://inaturalist-open-data.s3.amazonaws.com/photos/545549109/original.jpg,https://www.gbif.org/occurrence/5281871251
303,0,Elaeagnus angustifolia,CC0,Barbara L. Wilson,iNaturalist,https://inaturalist-open-data.s3.amazonaws.com/photos/491136594/original.jpeg,https://www.gbif.org/occurrence/5140228547
303,1,Elaeagnus angustifolia,CC_BY,Adam Schneider,iNaturalist,https://inaturalist-open-data.s3.amazonaws.com/photos/519173901/original.jpg,https://www.gbif.org/occurrence/6129821899
303,2,Elaeagnus angustifolia,CC_BY,Hannah K. Maielua,iNaturalist,https://inaturalist-open-data.s3.amazonaws.com/photos/547802913/original.jpg,https://www.gbif.org/occurrence/5282330381
304,0,Elymus elymoides,CC0,Barbara L. Wilson,iNaturalist,https://inaturalist-open-data.s3.amazonaws.com/photos/681912176/original.jpg,https://www.gbif.org/occurrence/6469818353
304,1,Elymus elymoides,CC_BY,harrii,iNaturalist,https://inaturalist-open-data.s3.amazonaws.com/photos/697630676/original.jpg,https://www.gbif.org/occurrence/6470690956
304,2,Elymus elymoides,CC0,Robbie Hannawacker,iNaturalist,https://inaturalist-open-data.s3.amazonaws.com/photos/722804730/original.jpg,https://www.gbif.org/occurrence/6520162681
305,0,Endocladia muricata,CC0,Jessica Utrup,iNaturalist,https://inaturalist-open-data.s3.amazonaws.com/photos/718804341/original.jpg,https://www.gbif.org/occurrence/6500126331
305,1,Endocladia muricata,CC0,Barbara L. Wilson,iNaturalist,https://inaturalist-open-data.s3.amazonaws.com/photos/486550812/original.jpeg,https://www.gbif.org/occurrence/5133776605
305,2,Endocladia muricata,CC0,Barbara L. Wilson,iNaturalist,https://inaturalist-open-data.s3.amazonaws.com/photos/486549421/original.jpeg,https://www.gbif.org/occurrence/5133903562
306,0,Epilobium brachycarpum,CC0,Barbara L. Wilson,iNaturalist,https://inaturalist-open-data.s3.amazonaws.com/photos/665274695/original.jpg,https://www.gbif.org/occurrence/6333841936
306,1,Epilobium brachycarpum,CC_BY,Parker James Lloyd,iNaturalist,https://inaturalist-open-data.s3.amazonaws.com/photos/696169893/original.jpg,https://www.gbif.org/occurrence/6470248662
306,2,Epilobium brachycarpum,CC_BY,Parker James Lloyd,iNaturalist,https://inaturalist-open-data.s3.amazonaws.com/photos/696954634/original.jpg,https://www.gbif.org/occurrence/6470630710
307,0,Epilobium ciliatum,CC0,Barbara L. Wilson,iNaturalist,https://inaturalist-open-data.s3.amazonaws.com/photos/615064179/original.jpg,https://www.gbif.org/occurrence/6159524797
307,1,Epilobium ciliatum,CC0,Barbara L. Wilson,iNaturalist,https://inaturalist-open-data.s3.amazonaws.com/photos/620765000/original.jpg,https://www.gbif.org/occurrence/6178672802
307,2,Epilobium ciliatum,CC0,Barbara L. Wilson,iNaturalist,https://inaturalist-open-data.s3.amazonaws.com/photos/622325617/original.jpg,https://www.gbif.org/occurrence/6179202707
308,0,Epilobium densiflorum,CC_BY,Dee Shea Himes,iNaturalist,https://inaturalist-open-data.s3.amazonaws.com/photos/686785736/original.jpg,https://www.gbif.org/occurrence/6422756566
308,1,Epilobium densiflorum,CC_BY,Parker James Lloyd,iNaturalist,https://inaturalist-open-data.s3.amazonaws.com/photos/696950175/original.jpg,https://www.gbif.org/occurrence/6470174879
308,2,Epilobium densiflorum,CC_BY,Judi Sanders,iNaturalist,https://inaturalist-open-data.s3.amazonaws.com/photos/531433638/original.jpg,https://www.gbif.org/occurrence/5229967921
309,0,Epipactis gigantea,CC_BY,Dee Shea Himes,iNaturalist,https://inaturalist-open-data.s3.amazonaws.com/photos/675525449/original.jpg,https://www.gbif.org/occurrence/6399747278
309,1,Epipactis gigantea,CC_BY,Dee Shea Himes,iNaturalist,https://inaturalist-open-data.s3.amazonaws.com/photos/675418115/original.jpg,https://www.gbif.org/occurrence/6400105617
309,2,Epipactis gigantea,CC0,Rob Cuthrell,iNaturalist,https://inaturalist-open-data.s3.amazonaws.com/photos/681923058/original.jpg,https://www.gbif.org/occurrence/6413287722
310,0,Equisetum arvense,CC0,Rob Cuthrell,iNaturalist,https://inaturalist-open-data.s3.amazonaws.com/photos/651877760/original.jpg,https://www.gbif.org/occurrence/6273448055
310,1,Equisetum arvense,CC_BY,jayjt,iNaturalist,https://inaturalist-open-data.s3.amazonaws.com/photos/682850161/original.jpg,https://www.gbif.org/occurrence/6413273762
310,2,Equisetum arvense,CC_BY,Judi Sanders,iNaturalist,https://inaturalist-open-data.s3.amazonaws.com/photos/651064763/original.jpg,https://www.gbif.org/occurrence/6252967029
311,0,Equisetum braunii,CC0,Barbara L. Wilson,iNaturalist,https://inaturalist-open-data.s3.amazonaws.com/photos/625350081/original.jpg,https://www.gbif.org/occurrence/6179135213
311,1,Equisetum braunii,CC0,Barbara L. Wilson,iNaturalist,https://inaturalist-open-data.s3.amazonaws.com/photos/633824423/original.jpg,https://www.gbif.org/occurrence/6195294848
311,2,Equisetum braunii,CC0,Barbara L. Wilson,iNaturalist,https://inaturalist-open-data.s3.amazonaws.com/photos/633824255/original.jpg,https://www.gbif.org/occurrence/6195381942
312,0,Equisetum hyemale,CC0,Aaron Liston,iNaturalist,https://inaturalist-open-data.s3.amazonaws.com/photos/473521084/original.jpg,https://www.gbif.org/occurrence/5087407185
312,1,Equisetum hyemale,CC0,Barbara L. Wilson,iNaturalist,https://inaturalist-open-data.s3.amazonaws.com/photos/477997761/original.jpeg,https://www.gbif.org/occurrence/5104377843
312,2,Equisetum hyemale,CC_BY,Lee Cain,iNaturalist,https://inaturalist-open-data.s3.amazonaws.com/photos/479632126/original.jpg,https://www.gbif.org/occurrence/5108097035
313,0,Equisetum praealtum,CC0,Barbara L. Wilson,iNaturalist,https://inaturalist-open-data.s3.amazonaws.com/photos/658303913/original.jpg,https://www.gbif.org/occurrence/6320658442
313,1,Equisetum praealtum,CC0,Drew Meyer,iNaturalist,https://inaturalist-open-data.s3.amazonaws.com/photos/666635558/original.jpg,https://www.gbif.org/occurrence/6334849658
313,2,Equisetum praealtum,CC_BY,David Anderson,iNaturalist,https://inaturalist-open-data.s3.amazonaws.com/photos/506886640/original.jpg,https://www.gbif.org/occurrence/5167669706
314,0,Equisetum telmateia,CC_BY,Alice Pence,iNaturalist,https://inaturalist-open-data.s3.amazonaws.com/photos/627915270/original.jpg,https://www.gbif.org/occurrence/6185427353
314,1,Equisetum telmateia,CC0,moater,iNaturalist,https://inaturalist-open-data.s3.amazonaws.com/photos/627856298/original.jpg,https://www.gbif.org/occurrence/6185985827
314,2,Equisetum telmateia,CC_BY,Michele Karmartsang,iNaturalist,https://inaturalist-open-data.s3.amazonaws.com/photos/629402960/original.jpg,https://www.gbif.org/occurrence/6273201334
315,0,Eremogone aculeata,CC_BY,Matt Berger,iNaturalist,https://inaturalist-open-data.s3.amazonaws.com/photos/149260009/original.jpeg,https://www.gbif.org/occurrence/3337696369
315,1,Eremogone aculeata,CC0,Drew Meyer,iNaturalist,https://inaturalist-open-data.s3.amazonaws.com/photos/146012378/original.jpeg,https://www.gbif.org/occurrence/6451848301
315,2,Eremogone aculeata,CC0,Barbara L. Wilson,iNaturalist,https://inaturalist-open-data.s3.amazonaws.com/photos/28854609/original.jpeg,https://www.gbif.org/occurrence/3902619327
316,0,Eremogone congesta,CC_BY,James H. Thomas,iNaturalist,https://inaturalist-open-data.s3.amazonaws.com/photos/501128826/original.jpeg,https://www.gbif.org/occurrence/5152996945
316,1,Eremogone congesta,CC0,Kate Manning,iNaturalist,https://inaturalist-open-data.s3.amazonaws.com/photos/396744805/original.jpg,https://www.gbif.org/occurrence/5133553349
316,2,Eremogone congesta,CC_BY,Ryan Sorrells,iNaturalist,https://inaturalist-open-data.s3.amazonaws.com/photos/298962797/original.jpg,https://www.gbif.org/occurrence/4442395743
317,0,Ericameria bloomeri,CC_BY,Adam Schneider,iNaturalist,https://inaturalist-open-data.s3.amazonaws.com/photos/563012666/original.jpg,https://www.gbif.org/occurrence/5828236292
317,1,Ericameria bloomeri,CC_BY,Michael O'Loughlin,iNaturalist,https://inaturalist-open-data.s3.amazonaws.com/photos/570114963/original.jpg,https://www.gbif.org/occurrence/5830818319
317,2,Ericameria bloomeri,CC_BY,Kieran Hanrahan,iNaturalist,https://inaturalist-open-data.s3.amazonaws.com/photos/423432417/original.jpeg,https://www.gbif.org/occurrence/5007328599
318,0,Ericameria greenei,CC_BY,Jeff Ward,iNaturalist,https://inaturalist-open-data.s3.amazonaws.com/photos/533673378/original.jpg,https://www.gbif.org/occurrence/5827848978
318,1,Ericameria greenei,CC_BY,Kieran Hanrahan,iNaturalist,https://inaturalist-open-data.s3.amazonaws.com/photos/550078478/original.jpg,https://www.gbif.org/occurrence/5292723290
318,2,Ericameria greenei,CC_BY,David Anderson,iNaturalist,https://inaturalist-open-data.s3.amazonaws.com/photos/550713428/original.jpg,https://www.gbif.org/occurrence/5828320096
319,0,Ericameria nauseosa,CC0,Connor Sites-Bowen,iNaturalist,https://inaturalist-open-data.s3.amazonaws.com/photos/605524934/original.jpg,https://www.gbif.org/occurrence/5938325983
319,1,Ericameria nauseosa,CC_BY,Zach Earl,iNaturalist,https://inaturalist-open-data.s3.amazonaws.com/photos/616656699/original.jpg,https://www.gbif.org/occurrence/6163248506
319,2,Ericameria nauseosa,CC_BY,John Clonce,iNaturalist,https://inaturalist-open-data.s3.amazonaws.com/photos/690587452/original.jpg,https://www.gbif.org/occurrence/6431566978
320,0,Erigeron aliceae,CC_BY,Dee Shea Himes,iNaturalist,https://inaturalist-open-data.s3.amazonaws.com/photos/686565478/original.jpg,https://www.gbif.org/occurrence/6423123784
320,1,Erigeron aliceae,CC_BY,Merlla McLaughlin,iNaturalist,https://inaturalist-open-data.s3.amazonaws.com/photos/700007101/original.jpg,https://www.gbif.org/occurrence/6469591846
320,2,Erigeron aliceae,CC_BY,Brodie Cass Talbott,iNaturalist,https://inaturalist-open-data.s3.amazonaws.com/photos/703650469/original.jpg,https://www.gbif.org/occurrence/6470209948
321,0,Erigeron bloomeri,CC_BY,Adam Schneider,iNaturalist,https://inaturalist-open-data.s3.amazonaws.com/photos/657578967/original.jpg,https://www.gbif.org/occurrence/6273361649
321,1,Erigeron bloomeri,CC_BY,Michael O'Loughlin,iNaturalist,https://inaturalist-open-data.s3.amazonaws.com/photos/657320332/original.jpg,https://www.gbif.org/occurrence/6273797008
321,2,Erigeron bloomeri,CC_BY,James H. Thomas,iNaturalist,https://inaturalist-open-data.s3.amazonaws.com/photos/657370601/original.jpg,https://www.gbif.org/occurrence/6273797754
322,0,Erigeron canadensis,CC0,Barbara L. Wilson,iNaturalist,https://inaturalist-open-data.s3.amazonaws.com/photos/622325624/original.jpg,https://www.gbif.org/occurrence/6179129255
322,1,Erigeron canadensis,CC_BY,Rich Kroon,iNaturalist,https://inaturalist-open-data.s3.amazonaws.com/photos/689998859/original.jpg,https://www.gbif.org/occurrence/6430886674
322,2,Erigeron canadensis,CC_BY,Daniel Patterson,iNaturalist,https://inaturalist-open-data.s3.amazonaws.com/photos/712233885/original.jpg,https://www.gbif.org/occurrence/6479282089
323,0,Erigeron chrysopsidis,CC_BY,James H. Thomas,iNaturalist,https://inaturalist-open-data.s3.amazonaws.com/photos/658055535/original.jpg,https://www.gbif.org/occurrence/6273184719
323,1,Erigeron chrysopsidis,CC_BY,James H. Thomas,iNaturalist,https://inaturalist-open-data.s3.amazonaws.com/photos/657404522/original.jpg,https://www.gbif.org/occurrence/6273426160
323,2,Erigeron chrysopsidis,CC_BY,James H. Thomas,iNaturalist,https://inaturalist-open-data.s3.amazonaws.com/photos/657372879/original.jpg,https://www.gbif.org/occurrence/6273491836
324,0,Erigeron compositus,CC_BY,Braydon Lake,iNaturalist,https://inaturalist-open-data.s3.amazonaws.com/photos/699178943/original.jpg,https://www.gbif.org/occurrence/6469713584
324,1,Erigeron compositus,CC_BY,Parker James Lloyd,iNaturalist,https://inaturalist-open-data.s3.amazonaws.com/photos/696968661/original.jpg,https://www.gbif.org/occurrence/6470168733
324,2,Erigeron compositus,CC0,Aaron Liston,iNaturalist,https://inaturalist-open-data.s3.amazonaws.com/photos/494875117/original.jpg,https://www.gbif.org/occurrence/5167159942
325,0,Erigeron filifolius,CC0,caseyhh,iNaturalist,https://inaturalist-open-data.s3.amazonaws.com/photos/682487265/original.jpg,https://www.gbif.org/occurrence/6413378372
325,1,Erigeron filifolius,CC_BY,Hank Raizen,iNaturalist,https://inaturalist-open-data.s3.amazonaws.com/photos/687446378/original.jpg,https://www.gbif.org/occurrence/6422064068
325,2,Erigeron filifolius,CC_BY,Hank Raizen,iNaturalist,https://inaturalist-open-data.s3.amazonaws.com/photos/720171724/original.jpg,https://www.gbif.org/occurrence/6500100024
326,0,Erigeron foliosus,CC_BY,Dee Shea Himes,iNaturalist,https://inaturalist-open-data.s3.amazonaws.com/photos/676235140/original.jpg,https://www.gbif.org/occurrence/6414078324
326,1,Erigeron foliosus,CC_BY,jonsense,iNaturalist,https://inaturalist-open-data.s3.amazonaws.com/photos/687540375/original.jpg,https://www.gbif.org/occurrence/6423194794
326,2,Erigeron foliosus,CC0,Morgan Stickrod,iNaturalist,https://inaturalist-open-data.s3.amazonaws.com/photos/493289927/original.jpeg,https://www.gbif.org/occurrence/5166943027
327,0,Erigeron glacialis,CC_BY,Loren Hadley,iNaturalist,https://inaturalist-open-data.s3.amazonaws.com/photos/690597269/original.jpg,https://www.gbif.org/occurrence/6431146955
327,1,Erigeron glacialis,CC_BY,Loren Hadley,iNaturalist,https://inaturalist-open-data.s3.amazonaws.com/photos/690600472/original.jpg,https://www.gbif.org/occurrence/6431461627
327,2,Erigeron glacialis,CC_BY,Sam Bucciarelli,iNaturalist,https://inaturalist-open-data.s3.amazonaws.com/photos/701987047/original.jpg,https://www.gbif.org/occurrence/6469781900
328,0,Erigeron glaucus,CC_BY,Judi Sanders,iNaturalist,https://inaturalist-open-data.s3.amazonaws.com/photos/642686245/original.jpg,https://www.gbif.org/occurrence/6236397508
328,1,Erigeron glaucus,CC_BY,Gail A Baker,iNaturalist,https://inaturalist-open-data.s3.amazonaws.com/photos/674153899/original.jpg,https://www.gbif.org/occurrence/6400462816
328,2,Erigeron glaucus,CC_BY,jonsense,iNaturalist,https://inaturalist-open-data.s3.amazonaws.com/photos/685084482/original.jpg,https://www.gbif.org/occurrence/6422922608
329,0,Erigeron linearis,CC_BY,James H. Thomas,iNaturalist,https://inaturalist-open-data.s3.amazonaws.com/photos/657418120/original.jpg,https://www.gbif.org/occurrence/6273478694
329,1,Erigeron linearis,CC_BY,"Leo ""Jake"" Jacobsen",iNaturalist,https://inaturalist-open-data.s3.amazonaws.com/photos/665412840/original.jpg,https://www.gbif.org/occurrence/6353056452
329,2,Erigeron linearis,CC_BY,Brodie Cass Talbott,iNaturalist,https://inaturalist-open-data.s3.amazonaws.com/photos/668040296/original.jpg,https://www.gbif.org/occurrence/6353395761
330,0,Erigeron pumilus,CC_BY,lionessmoon,iNaturalist,https://inaturalist-open-data.s3.amazonaws.com/photos/655693007/original.jpg,https://www.gbif.org/occurrence/6274039563
330,1,Erigeron pumilus,CC_BY,James H. Thomas,iNaturalist,https://inaturalist-open-data.s3.amazonaws.com/photos/657979712/original.jpg,https://www.gbif.org/occurrence/6274126031
330,2,Erigeron pumilus,CC_BY,Mark Pollock,iNaturalist,https://inaturalist-open-data.s3.amazonaws.com/photos/669904578/original.jpg,https://www.gbif.org/occurrence/6352649701
331,0,Erigeron speciosus,CC_BY,Daniel Patterson,iNaturalist,https://inaturalist-open-data.s3.amazonaws.com/photos/687556017/original.jpg,https://www.gbif.org/occurrence/6422323041
331,1,Erigeron speciosus,CC_BY,Adam Schneider,iNaturalist,https://inaturalist-open-data.s3.amazonaws.com/photos/710776789/original.jpg,https://www.gbif.org/occurrence/6481043775
331,2,Erigeron speciosus,CC_BY,Lia Keener,iNaturalist,https://inaturalist-open-data.s3.amazonaws.com/photos/525910978/original.jpg,https://www.gbif.org/occurrence/5205949802
332,0,Eriocoma hymenoides,CC_BY,Hannah K. Maielua,iNaturalist,https://inaturalist-open-data.s3.amazonaws.com/photos/543026473/original.jpg,https://www.gbif.org/occurrence/6131408059
332,1,Eriocoma hymenoides,CC_BY,Steve Matson,iNaturalist,https://inaturalist-open-data.s3.amazonaws.com/photos/533225789/original.jpg,https://www.gbif.org/occurrence/6431130940
332,2,Eriocoma hymenoides,CC_BY,Gabriel Campbell-Martinez,iNaturalist,https://inaturalist-open-data.s3.amazonaws.com/photos/392710213/original.jpeg,https://www.gbif.org/occurrence/4891935056
333,0,Eriocoma lemmonii,CC_BY,Gabriel Campbell-Martinez,iNaturalist,https://inaturalist-open-data.s3.amazonaws.com/photos/564859919/original.jpg,https://www.gbif.org/occurrence/6130302759
333,1,Eriocoma lemmonii,CC0,Barbara L. Wilson,iNaturalist,https://inaturalist-open-data.s3.amazonaws.com/photos/189468364/original.jpeg,https://www.gbif.org/occurrence/4054991413
333,2,Eriocoma lemmonii,CC0,Barbara L. Wilson,iNaturalist,https://inaturalist-open-data.s3.amazonaws.com/photos/198255242/original.jpeg,https://www.gbif.org/occurrence/3859931136
334,0,Eriogonum caespitosum,CC_BY,Adam Schneider,iNaturalist,https://inaturalist-open-data.s3.amazonaws.com/photos/642273959/original.jpg,https://www.gbif.org/occurrence/6235086339
334,1,Eriogonum caespitosum,CC_BY,Michael O'Loughlin,iNaturalist,https://inaturalist-open-data.s3.amazonaws.com/photos/657348244/original.jpg,https://www.gbif.org/occurrence/6273275322
334,2,Eriogonum caespitosum,CC_BY,"Leo ""Jake"" Jacobsen",iNaturalist,https://inaturalist-open-data.s3.amazonaws.com/photos/665419624/original.jpg,https://www.gbif.org/occurrence/6333884504
335,0,Eriogonum compositum,CC_BY,Zach Earl,iNaturalist,https://inaturalist-open-data.s3.amazonaws.com/photos/616664324/original.jpg,https://www.gbif.org/occurrence/6163296420
335,1,Eriogonum compositum,CC_BY,Zach Earl,iNaturalist,https://inaturalist-open-data.s3.amazonaws.com/photos/616664289/original.jpg,https://www.gbif.org/occurrence/6320574103
335,2,Eriogonum compositum,CC0,Barbara L. Wilson,iNaturalist,https://inaturalist-open-data.s3.amazonaws.com/photos/630198466/original.jpg,https://www.gbif.org/occurrence/6184773574
336,0,Eriogonum flavum,CC0,mugiwara_kris,iNaturalist,https://inaturalist-open-data.s3.amazonaws.com/photos/694982129/original.jpg,https://www.gbif.org/occurrence/6440959419
336,1,Eriogonum flavum,CC_BY,John Brew,iNaturalist,https://inaturalist-open-data.s3.amazonaws.com/photos/549599490/original.jpg,https://www.gbif.org/occurrence/5837959806
336,2,Eriogonum flavum,CC_BY,Matt Berger,iNaturalist,https://inaturalist-open-data.s3.amazonaws.com/photos/599375178/original.jpg,https://www.gbif.org/occurrence/5932214296
337,0,Eriogonum heracleoides,CC_BY,James H. Thomas,iNaturalist,https://inaturalist-open-data.s3.amazonaws.com/photos/657327263/original.jpg,https://www.gbif.org/occurrence/6273762996
337,1,Eriogonum heracleoides,CC_BY,Mark Pollock,iNaturalist,https://inaturalist-open-data.s3.amazonaws.com/photos/669909831/original.jpg,https://www.gbif.org/occurrence/6353081501
337,2,Eriogonum heracleoides,CC0,Tom Wainwright,iNaturalist,https://inaturalist-open-data.s3.amazonaws.com/photos/685763045/original.jpg,https://www.gbif.org/occurrence/6422564837
338,0,Eriogonum marifolium,CC_BY,Adam Schneider,iNaturalist,https://inaturalist-open-data.s3.amazonaws.com/photos/542329425/original.jpg,https://www.gbif.org/occurrence/5237523135
338,1,Eriogonum marifolium,CC0,Craig Martin,iNaturalist,https://inaturalist-open-data.s3.amazonaws.com/photos/566042600/original.jpg,https://www.gbif.org/occurrence/5837664558
338,2,Eriogonum marifolium,CC0,Karen Burns Ball,iNaturalist,https://inaturalist-open-data.s3.amazonaws.com/photos/553530388/original.jpg,https://www.gbif.org/occurrence/5909159485
339,0,Eriogonum microtheca,CC_BY,Adam Schneider,iNaturalist,https://inaturalist-open-data.s3.amazonaws.com/photos/642762934/original.jpg,https://www.gbif.org/occurrence/6234211669
339,1,Eriogonum microtheca,CC_BY,Adam Schneider,iNaturalist,https://inaturalist-open-data.s3.amazonaws.com/photos/642763071/original.jpg,https://www.gbif.org/occurrence/6235229247
339,2,Eriogonum microtheca,CC_BY,Lia Keener,iNaturalist,https://inaturalist-open-data.s3.amazonaws.com/photos/697001429/original.jpg,https://www.gbif.org/occurrence/6440921774
340,0,Eriogonum niveum,CC_BY,Zach Earl,iNaturalist,https://inaturalist-open-data.s3.amazonaws.com/photos/616829169/original.jpg,https://www.gbif.org/occurrence/6178300805
340,1,Eriogonum niveum,CC_BY,Zach Earl,iNaturalist,https://inaturalist-open-data.s3.amazonaws.com/photos/616774077/original.jpg,https://www.gbif.org/occurrence/6179300109
340,2,Eriogonum niveum,CC_BY,Zach Earl,iNaturalist,https://inaturalist-open-data.s3.amazonaws.com/photos/616829127/original.jpg,https://www.gbif.org/occurrence/6179446920
341,0,Eriogonum nudum,CC_BY,Jeff Ward,iNaturalist,https://inaturalist-open-data.s3.amazonaws.com/photos/628650492/original.jpg,https://www.gbif.org/occurrence/6185327508
341,1,Eriogonum nudum,CC0,Barbara L. Wilson,iNaturalist,https://inaturalist-open-data.s3.amazonaws.com/photos/654613216/original.jpg,https://www.gbif.org/occurrence/6479204574
341,2,Eriogonum nudum,CC_BY,Dee Shea Himes,iNaturalist,https://inaturalist-open-data.s3.amazonaws.com/photos/676247138/original.jpg,https://www.gbif.org/occurrence/6413692544
342,0,Eriogonum ovalifolium,CC_BY,James H. Thomas,iNaturalist,https://inaturalist-open-data.s3.amazonaws.com/photos/657420487/original.jpg,https://www.gbif.org/occurrence/6273531918
342,1,Eriogonum ovalifolium,CC_BY,James H. Thomas,iNaturalist,https://inaturalist-open-data.s3.amazonaws.com/photos/658068118/original.jpg,https://www.gbif.org/occurrence/6273950420
342,2,Eriogonum ovalifolium,CC_BY,Michael O'Loughlin,iNaturalist,https://inaturalist-open-data.s3.amazonaws.com/photos/657310159/original.jpg,https://www.gbif.org/occurrence/6321077411
343,0,Eriogonum pyrolifolium,CC_BY,Parker James Lloyd,iNaturalist,https://inaturalist-open-data.s3.amazonaws.com/photos/697637148/original.jpg,https://www.gbif.org/occurrence/6451648438
343,1,Eriogonum pyrolifolium,CC_BY,Parker James Lloyd,iNaturalist,https://inaturalist-open-data.s3.amazonaws.com/photos/697628229/original.jpg,https://www.gbif.org/occurrence/6451726574
343,2,Eriogonum pyrolifolium,CC_BY,Parker James Lloyd,iNaturalist,https://inaturalist-open-data.s3.amazonaws.com/photos/697637349/original.jpg,https://www.gbif.org/occurrence/6451760451
344,0,Eriogonum sphaerocephalum,CC_BY,Jeff Ward,iNaturalist,https://inaturalist-open-data.s3.amazonaws.com/photos/637864786/original.jpg,https://www.gbif.org/occurrence/6234859130
344,1,Eriogonum sphaerocephalum,CC_BY,James H. Thomas,iNaturalist,https://inaturalist-open-data.s3.amazonaws.com/photos/658074452/original.jpg,https://www.gbif.org/occurrence/6273271524
344,2,Eriogonum sphaerocephalum,CC_BY,Adam Schneider,iNaturalist,https://inaturalist-open-data.s3.amazonaws.com/photos/666074118/original.jpg,https://www.gbif.org/occurrence/6334651874
345,0,Eriogonum strictum,CC_BY,Daniel Patterson,iNaturalist,https://inaturalist-open-data.s3.amazonaws.com/photos/677237682/original.jpg,https://www.gbif.org/occurrence/6399128171
345,1,Eriogonum strictum,CC_BY,Parker James Lloyd,iNaturalist,https://inaturalist-open-data.s3.amazonaws.com/photos/694597428/original.jpg,https://www.gbif.org/occurrence/6441665402
345,2,Eriogonum strictum,CC_BY,Parker James Lloyd,iNaturalist,https://inaturalist-open-data.s3.amazonaws.com/photos/694596748/original.jpg,https://www.gbif.org/occurrence/6452062622
346,0,Eriogonum umbellatum,CC_BY,Adam Schneider,iNaturalist,https://inaturalist-open-data.s3.amazonaws.com/photos/666077365/original.jpg,https://www.gbif.org/occurrence/6334132847
346,1,Eriogonum umbellatum,CC0,Shaheen Page,iNaturalist,https://inaturalist-open-data.s3.amazonaws.com/photos/679208043/original.jpg,https://www.gbif.org/occurrence/6399499521
346,2,Eriogonum umbellatum,CC0,Aaron Liston,iNaturalist,https://inaturalist-open-data.s3.amazonaws.com/photos/682742888/original.jpg,https://www.gbif.org/occurrence/6413253748
347,0,Eriogonum vimineum,CC_BY,Parker James Lloyd,iNaturalist,https://inaturalist-open-data.s3.amazonaws.com/photos/696535614/original.jpg,https://www.gbif.org/occurrence/6441268648
347,1,Eriogonum vimineum,CC_BY,Janel Johnson,iNaturalist,https://inaturalist-open-data.s3.amazonaws.com/photos/697371431/original.jpg,https://www.gbif.org/occurrence/6441930062
347,2,Eriogonum vimineum,CC_BY,Steve Matson,iNaturalist,https://inaturalist-open-data.s3.amazonaws.com/photos/703687150/original.jpg,https://www.gbif.org/occurrence/6469628040
348,0,Eriophyllum lanatum,CC_BY,Zach Earl,iNaturalist,https://inaturalist-open-data.s3.amazonaws.com/photos/617497435/original.jpg,https://www.gbif.org/occurrence/6163260320
348,1,Eriophyllum lanatum,CC_BY,Jeff Ward,iNaturalist,https://inaturalist-open-data.s3.amazonaws.com/photos/631068242/original.jpg,https://www.gbif.org/occurrence/6184752171
348,2,Eriophyllum lanatum,CC0,Barbara L. Wilson,iNaturalist,https://inaturalist-open-data.s3.amazonaws.com/photos/630800881/original.jpg,https://www.gbif.org/occurrence/6185377198
349,0,Erodium cicutarium,CC0,Barbara L. Wilson,iNaturalist,https://inaturalist-open-data.s3.amazonaws.com/photos/608985976/original.jpg,https://www.gbif.org/occurrence/6130840103
349,1,Erodium cicutarium,CC0,Barbara L. Wilson,iNaturalist,https://inaturalist-open-data.s3.amazonaws.com/photos/608987627/original.jpg,https://www.gbif.org/occurrence/6131611336
349,2,Erodium cicutarium,CC_BY,Zach Earl,iNaturalist,https://inaturalist-open-data.s3.amazonaws.com/photos/617788424/original.jpg,https://www.gbif.org/occurrence/6162996074
350,0,Erysimum capitatum,CC0,Tom Wainwright,iNaturalist,https://inaturalist-open-data.s3.amazonaws.com/photos/645768101/original.jpg,https://www.gbif.org/occurrence/6234275738
350,1,Erysimum capitatum,CC0,Barbara L. Wilson,iNaturalist,https://inaturalist-open-data.s3.amazonaws.com/photos/654983199/original.jpg,https://www.gbif.org/occurrence/6320160573
350,2,Erysimum capitatum,CC_BY,rappman,iNaturalist,https://inaturalist-open-data.s3.amazonaws.com/photos/680384107/original.jpg,https://www.gbif.org/occurrence/6422349041
351,0,Erythranthe breweri,CC_BY,Arvel Hernandez,iNaturalist,https://inaturalist-open-data.s3.amazonaws.com/photos/697274402/original.jpg,https://www.gbif.org/occurrence/6441097384
351,1,Erythranthe breweri,CC0,Kate Manning,iNaturalist,https://inaturalist-open-data.s3.amazonaws.com/photos/532883174/original.jpg,https://www.gbif.org/occurrence/5215918154
351,2,Erythranthe breweri,CC_BY,Adam Schneider,iNaturalist,https://inaturalist-open-data.s3.amazonaws.com/photos/530636560/original.jpg,https://www.gbif.org/occurrence/5215899457
352,0,Erythranthe decora,CC_BY,Judi Sanders,iNaturalist,https://inaturalist-open-data.s3.amazonaws.com/photos/670253528/original.jpg,https://www.gbif.org/occurrence/6353056744
352,1,Erythranthe decora,CC_BY,Bruce Bailey,iNaturalist,https://inaturalist-open-data.s3.amazonaws.com/photos/675000895/original.jpg,https://www.gbif.org/occurrence/6399009744
352,2,Erythranthe decora,CC0,Alan Weakley,iNaturalist,https://inaturalist-open-data.s3.amazonaws.com/photos/509647897/original.jpg,https://www.gbif.org/occurrence/5206128569
353,0,Erythranthe dentata,CC_BY,harrii,iNaturalist,https://inaturalist-open-data.s3.amazonaws.com/photos/664228777/original.jpg,https://www.gbif.org/occurrence/6352518909
353,1,Erythranthe dentata,CC0,Aaron Liston,iNaturalist,https://inaturalist-open-data.s3.amazonaws.com/photos/657734307/original.jpg,https://www.gbif.org/occurrence/6352808101
353,2,Erythranthe dentata,CC_BY,Laura Gaudette,iNaturalist,https://inaturalist-open-data.s3.amazonaws.com/photos/668181649/original.jpg,https://www.gbif.org/occurrence/6353234017
354,0,Erythranthe grandis,CC0,Barbara L. Wilson,iNaturalist,https://inaturalist-open-data.s3.amazonaws.com/photos/615064924/original.jpg,https://www.gbif.org/occurrence/6159405735
354,1,Erythranthe grandis,CC0,Barbara L. Wilson,iNaturalist,https://inaturalist-open-data.s3.amazonaws.com/photos/615065050/original.jpg,https://www.gbif.org/occurrence/6159421644
354,2,Erythranthe grandis,CC0,Barbara L. Wilson,iNaturalist,https://inaturalist-open-data.s3.amazonaws.com/photos/625242768/original.jpg,https://www.gbif.org/occurrence/6179032101
355,0,Erythranthe guttata,CC_BY,Judi Sanders,iNaturalist,https://inaturalist-open-data.s3.amazonaws.com/photos/651067079/original.jpg,https://www.gbif.org/occurrence/6353154943
355,1,Erythranthe guttata,CC_BY,Ian McFaul,iNaturalist,https://inaturalist-open-data.s3.amazonaws.com/photos/720017236/original.jpg,https://www.gbif.org/occurrence/6499185941
355,2,Erythranthe guttata,CC0,Barbara L. Wilson,iNaturalist,https://inaturalist-open-data.s3.amazonaws.com/photos/508108147/original.jpg,https://www.gbif.org/occurrence/5176343701
356,0,Erythranthe lewisii,CC0,Robert Pennington,iNaturalist,https://inaturalist-open-data.s3.amazonaws.com/photos/685956449/original.jpg,https://www.gbif.org/occurrence/6422857448
356,1,Erythranthe lewisii,CC_BY,"Leo ""Jake"" Jacobsen",iNaturalist,https://inaturalist-open-data.s3.amazonaws.com/photos/692142216/original.jpg,https://www.gbif.org/occurrence/6431920801
356,2,Erythranthe lewisii,CC_BY,Kieran Hanrahan,iNaturalist,https://inaturalist-open-data.s3.amazonaws.com/photos/696961776/original.jpg,https://www.gbif.org/occurrence/6441837809
357,0,Erythranthe microphylla,CC_BY,Dee Shea Himes,iNaturalist,https://inaturalist-open-data.s3.amazonaws.com/photos/623601971/original.jpg,https://www.gbif.org/occurrence/6178335108
357,1,Erythranthe microphylla,CC_BY,Judi Sanders,iNaturalist,https://inaturalist-open-data.s3.amazonaws.com/photos/626866427/original.jpg,https://www.gbif.org/occurrence/6185002841
357,2,Erythranthe microphylla,CC_BY,Dee Shea Himes,iNaturalist,https://inaturalist-open-data.s3.amazonaws.com/photos/632944831/original.jpg,https://www.gbif.org/occurrence/6235560048
358,0,Erythranthe moschata,CC_BY,Jeff Ward,iNaturalist,https://inaturalist-open-data.s3.amazonaws.com/photos/530037520/original.jpg,https://www.gbif.org/occurrence/6171004638
358,1,Erythranthe moschata,CC0,Karen Burns Ball,iNaturalist,https://inaturalist-open-data.s3.amazonaws.com/photos/554431000/original.jpg,https://www.gbif.org/occurrence/5908724462
358,2,Erythranthe moschata,CC0,Aaron Liston,iNaturalist,https://inaturalist-open-data.s3.amazonaws.com/photos/399832352/original.jpeg,https://www.gbif.org/occurrence/4903881086
359,0,Erythranthe primuloides,CC_BY,Parker James Lloyd,iNaturalist,https://inaturalist-open-data.s3.amazonaws.com/photos/694591159/original.jpg,https://www.gbif.org/occurrence/6441247031
359,1,Erythranthe primuloides,CC_BY,Parker James Lloyd,iNaturalist,https://inaturalist-open-data.s3.amazonaws.com/photos/698293636/original.jpg,https://www.gbif.org/occurrence/6451554586
359,2,Erythranthe primuloides,CC_BY,Braydon Lake,iNaturalist,https://inaturalist-open-data.s3.amazonaws.com/photos/699296292/original.jpg,https://www.gbif.org/occurrence/6452531347
360,0,Erythronium grandiflorum,CC_BY,Kendall Core,iNaturalist,https://inaturalist-open-data.s3.amazonaws.com/photos/629372980/original.jpg,https://www.gbif.org/occurrence/6185800372
360,1,Erythronium grandiflorum,CC_BY,Jeff Ward,iNaturalist,https://inaturalist-open-data.s3.amazonaws.com/photos/632895079/original.jpg,https://www.gbif.org/occurrence/6188398045
360,2,Erythronium grandiflorum,CC_BY,Judi Sanders,iNaturalist,https://inaturalist-open-data.s3.amazonaws.com/photos/635797497/original.jpg,https://www.gbif.org/occurrence/6195473673
361,0,Erythronium hendersonii,CC_BY,Dee Shea Himes,iNaturalist,https://inaturalist-open-data.s3.amazonaws.com/photos/624647212/original.jpg,https://www.gbif.org/occurrence/6178530820
361,1,Erythronium hendersonii,CC_BY,Dee Shea Himes,iNaturalist,https://inaturalist-open-data.s3.amazonaws.com/photos/625245141/original.jpg,https://www.gbif.org/occurrence/6178781508
361,2,Erythronium hendersonii,CC_BY,Dee Shea Himes,iNaturalist,https://inaturalist-open-data.s3.amazonaws.com/photos/621762434/original.jpg,https://www.gbif.org/occurrence/6179333527
362,0,Erythronium montanum,CC_BY,Dee Shea Himes,iNaturalist,https://inaturalist-open-data.s3.amazonaws.com/photos/670711592/original.jpg,https://www.gbif.org/occurrence/6352511631
362,1,Erythronium montanum,CC_BY,Dee Shea Himes,iNaturalist,https://inaturalist-open-data.s3.amazonaws.com/photos/670743671/original.jpg,https://www.gbif.org/occurrence/6352566071
362,2,Erythronium montanum,CC_BY,Dee Shea Himes,iNaturalist,https://inaturalist-open-data.s3.amazonaws.com/photos/670757117/original.jpg,https://www.gbif.org/occurrence/6352589063
363,0,Erythronium oregonum,CC_BY,Dee Shea Himes,iNaturalist,https://inaturalist-open-data.s3.amazonaws.com/photos/622918445/original.jpg,https://www.gbif.org/occurrence/6178758871
363,1,Erythronium oregonum,CC_BY,Dee Shea Himes,iNaturalist,https://inaturalist-open-data.s3.amazonaws.com/photos/622920321/original.jpg,https://www.gbif.org/occurrence/6179094950
363,2,Erythronium oregonum,CC_BY,Dee Shea Himes,iNaturalist,https://inaturalist-open-data.s3.amazonaws.com/photos/622910413/original.jpg,https://www.gbif.org/occurrence/6179338580
364,0,Escallonia rubra,CC0,Barbara L. Wilson,iNaturalist,https://inaturalist-open-data.s3.amazonaws.com/photos/608529742/original.jpg,https://www.gbif.org/occurrence/6131635362
364,1,Escallonia rubra,CC0,Barbara L. Wilson,iNaturalist,https://inaturalist-open-data.s3.amazonaws.com/photos/608529521/original.jpg,https://www.gbif.org/occurrence/6131684769
364,2,Escallonia rubra,CC_BY,jonsense,iNaturalist,https://inaturalist-open-data.s3.amazonaws.com/photos/684931463/original.jpg,https://www.gbif.org/occurrence/6422383342
365,0,Eschscholzia californica,CC_BY,Konshau Duman,iNaturalist,https://inaturalist-open-data.s3.amazonaws.com/photos/629003743/original.jpg,https://www.gbif.org/occurrence/6185190484
365,1,Eschscholzia californica,CC_BY,Rodamu,iNaturalist,https://inaturalist-open-data.s3.amazonaws.com/photos/628255379/original.jpg,https://www.gbif.org/occurrence/6185464773
365,2,Eschscholzia californica,CC0,Barbara L. Wilson,iNaturalist,https://inaturalist-open-data.s3.amazonaws.com/photos/631309746/original.jpg,https://www.gbif.org/occurrence/6188454007
366,0,Eucephalus ledophyllus,CC_BY,Tser,iNaturalist,https://inaturalist-open-data.s3.amazonaws.com/photos/706219395/original.jpg,https://www.gbif.org/occurrence/6470487924
366,1,Eucephalus ledophyllus,CC_BY,Tser,iNaturalist,https://inaturalist-open-data.s3.amazonaws.com/photos/709363682/original.jpg,https://www.gbif.org/occurrence/6479952389
366,2,Eucephalus ledophyllus,CC0,Ann Anderson,iNaturalist,https://inaturalist-open-data.s3.amazonaws.com/photos/727151185/original.jpg,https://www.gbif.org/occurrence/6518892741
367,0,Euonymus occidentalis,CC_BY,Sorrel,iNaturalist,https://inaturalist-open-data.s3.amazonaws.com/photos/665948996/original.jpg,https://www.gbif.org/occurrence/6334766669
367,1,Euonymus occidentalis,CC0,"ant, like the bug",iNaturalist,https://inaturalist-open-data.s3.amazonaws.com/photos/671549789/original.jpg,https://www.gbif.org/occurrence/6398602073
367,2,Euonymus occidentalis,CC0,"ant, like the bug",iNaturalist,https://inaturalist-open-data.s3.amazonaws.com/photos/671549851/original.jpg,https://www.gbif.org/occurrence/6398771961
368,0,Euphorbia lathyris,CC_BY,Jeffrey Lee (he/him/his),iNaturalist,https://inaturalist-open-data.s3.amazonaws.com/photos/618558670/original.jpg,https://www.gbif.org/occurrence/6171346903
368,1,Euphorbia lathyris,CC_BY,Kieran Hanrahan,iNaturalist,https://inaturalist-open-data.s3.amazonaws.com/photos/633358433/original.jpg,https://www.gbif.org/occurrence/6188251678
368,2,Euphorbia lathyris,CC_BY,Kieran Hanrahan,iNaturalist,https://inaturalist-open-data.s3.amazonaws.com/photos/672497755/original.jpg,https://www.gbif.org/occurrence/6400064676
369,0,Euphorbia maculata,CC_BY,Kieran Hanrahan,iNaturalist,https://inaturalist-open-data.s3.amazonaws.com/photos/721560028/original.jpg,https://www.gbif.org/occurrence/6499257183
369,1,Euphorbia maculata,CC0,Barbara L. Wilson,iNaturalist,https://inaturalist-open-data.s3.amazonaws.com/photos/550678863/original.jpg,https://www.gbif.org/occurrence/5293274231
369,2,Euphorbia maculata,CC0,Barbara L. Wilson,iNaturalist,https://inaturalist-open-data.s3.amazonaws.com/photos/551173692/original.jpg,https://www.gbif.org/occurrence/5291795078
370,0,Festuca idahoensis,CC0,Barbara L. Wilson,iNaturalist,https://inaturalist-open-data.s3.amazonaws.com/photos/681911086/original.jpg,https://www.gbif.org/occurrence/6469719185
370,1,Festuca idahoensis,CC0,Barbara L. Wilson,iNaturalist,https://inaturalist-open-data.s3.amazonaws.com/photos/681912965/original.jpg,https://www.gbif.org/occurrence/6470095614
370,2,Festuca idahoensis,CC0,Barbara L. Wilson,iNaturalist,https://inaturalist-open-data.s3.amazonaws.com/photos/681907375/original.jpg,https://www.gbif.org/occurrence/6470378945
371,0,Festuca occidentalis,CC0,Aaron Liston,iNaturalist,https://inaturalist-open-data.s3.amazonaws.com/photos/664722325/original.jpg,https://www.gbif.org/occurrence/6333910651
371,1,Festuca occidentalis,CC0,Barbara L. Wilson,iNaturalist,https://inaturalist-open-data.s3.amazonaws.com/photos/471870302/original.jpeg,https://www.gbif.org/occurrence/5077011844
371,2,Festuca occidentalis,CC0,Barbara L. Wilson,iNaturalist,https://inaturalist-open-data.s3.amazonaws.com/photos/380390152/original.jpeg,https://www.gbif.org/occurrence/4863646362
372,0,Festuca rubra,CC0,Barbara L. Wilson,iNaturalist,https://inaturalist-open-data.s3.amazonaws.com/photos/507887037/original.jpg,https://www.gbif.org/occurrence/5892413012
372,1,Festuca rubra,CC0,Barbara L. Wilson,iNaturalist,https://inaturalist-open-data.s3.amazonaws.com/photos/539849313/original.jpg,https://www.gbif.org/occurrence/5231474162
372,2,Festuca rubra,CC_BY,Matt Berger,iNaturalist,https://inaturalist-open-data.s3.amazonaws.com/photos/598827106/original.jpg,https://www.gbif.org/occurrence/5935606078
373,0,Ficaria verna,CC_BY,Jacobb L. Foster II,iNaturalist,https://inaturalist-open-data.s3.amazonaws.com/photos/611058248/original.jpg,https://www.gbif.org/occurrence/6130842211
373,1,Ficaria verna,CC_BY,Aden Sommerville,iNaturalist,https://inaturalist-open-data.s3.amazonaws.com/photos/608749980/original.jpg,https://www.gbif.org/occurrence/6131282615
373,2,Ficaria verna,CC0,Harvey Martin,iNaturalist,https://inaturalist-open-data.s3.amazonaws.com/photos/645897471/original.jpg,https://www.gbif.org/occurrence/6236066444
374,0,Foeniculum vulgare,CC0,Barbara L. Wilson,iNaturalist,https://inaturalist-open-data.s3.amazonaws.com/photos/608986088/original.jpg,https://www.gbif.org/occurrence/6130270326
374,1,Foeniculum vulgare,CC0,Barbara L. Wilson,iNaturalist,https://inaturalist-open-data.s3.amazonaws.com/photos/608984176/original.jpg,https://www.gbif.org/occurrence/6131071662
374,2,Foeniculum vulgare,CC0,Adrian Gonzalez,iNaturalist,https://inaturalist-open-data.s3.amazonaws.com/photos/634354060/original.jpg,https://www.gbif.org/occurrence/6188163724
375,0,Fragaria chiloensis,CC0,Aaron Liston,iNaturalist,https://inaturalist-open-data.s3.amazonaws.com/photos/609390807/original.jpg,https://www.gbif.org/occurrence/6129947202
375,1,Fragaria chiloensis,CC0,Barbara L. Wilson,iNaturalist,https://inaturalist-open-data.s3.amazonaws.com/photos/608744725/original.jpg,https://www.gbif.org/occurrence/6131521158
375,2,Fragaria chiloensis,CC_BY,harrii,iNaturalist,https://inaturalist-open-data.s3.amazonaws.com/photos/622310634/original.jpg,https://www.gbif.org/occurrence/6178558910
376,0,Fragaria vesca,CC0,Adrian Gonzalez,iNaturalist,https://inaturalist-open-data.s3.amazonaws.com/photos/633347727/original.jpg,https://www.gbif.org/occurrence/6187921696
376,1,Fragaria vesca,CC_BY,Dee Shea Himes,iNaturalist,https://inaturalist-open-data.s3.amazonaws.com/photos/633863532/original.jpg,https://www.gbif.org/occurrence/6188019140
376,2,Fragaria vesca,CC0,sharilangfordor,iNaturalist,https://inaturalist-open-data.s3.amazonaws.com/photos/633264863/original.jpg,https://www.gbif.org/occurrence/6188654341
377,0,Fragaria virginiana,CC0,Kate Manning,iNaturalist,https://inaturalist-open-data.s3.amazonaws.com/photos/615887451/original.jpg,https://www.gbif.org/occurrence/6159266659
377,1,Fragaria virginiana,CC0,Kate Manning,iNaturalist,https://inaturalist-open-data.s3.amazonaws.com/photos/621906571/original.jpg,https://www.gbif.org/occurrence/6178342262
377,2,Fragaria virginiana,CC_BY,Ed Alverson,iNaturalist,https://inaturalist-open-data.s3.amazonaws.com/photos/628292394/original.jpg,https://www.gbif.org/occurrence/6184813471
378,0,Frangula californica,CC_BY,Jeff Ward,iNaturalist,https://inaturalist-open-data.s3.amazonaws.com/photos/627819521/original.jpg,https://www.gbif.org/occurrence/6185628814
378,1,Frangula californica,CC0,Barbara L. Wilson,iNaturalist,https://inaturalist-open-data.s3.amazonaws.com/photos/654048311/original.jpg,https://www.gbif.org/occurrence/6274007107
378,2,Frangula californica,CC0,Barbara L. Wilson,iNaturalist,https://inaturalist-open-data.s3.amazonaws.com/photos/659709760/original.jpg,https://www.gbif.org/occurrence/6320408045
379,0,Frangula purshiana,CC_BY,Jeff Ward,iNaturalist,https://inaturalist-open-data.s3.amazonaws.com/photos/611055904/original.jpg,https://www.gbif.org/occurrence/6131537850
379,1,Frangula purshiana,CC0,Barbara L. Wilson,iNaturalist,https://inaturalist-open-data.s3.amazonaws.com/photos/629187300/original.jpg,https://www.gbif.org/occurrence/6185527428
379,2,Frangula purshiana,CC_BY,Aden Sommerville,iNaturalist,https://inaturalist-open-data.s3.amazonaws.com/photos/629722069/original.jpg,https://www.gbif.org/occurrence/6188141332
380,0,Frasera albicaulis,CC0,Drew Meyer,iNaturalist,https://inaturalist-open-data.s3.amazonaws.com/photos/641749044/original.jpg,https://www.gbif.org/occurrence/6234670003
380,1,Frasera albicaulis,CC_BY,Koji Shiraiwa,iNaturalist,https://inaturalist-open-data.s3.amazonaws.com/photos/664774644/original.jpg,https://www.gbif.org/occurrence/6334464912
380,2,Frasera albicaulis,CC_BY,Rachel Werling,iNaturalist,https://inaturalist-open-data.s3.amazonaws.com/photos/668615896/original.jpg,https://www.gbif.org/occurrence/6352260616
381,0,Frasera speciosa,CC_BY,Daniel Patterson,iNaturalist,https://inaturalist-open-data.s3.amazonaws.com/photos/649049268/original.jpg,https://www.gbif.org/occurrence/6253333326
381,1,Frasera speciosa,CC_BY,Daniel Patterson,iNaturalist,https://inaturalist-open-data.s3.amazonaws.com/photos/666012818/original.jpg,https://www.gbif.org/occurrence/6352955711
381,2,Frasera speciosa,CC_BY,Mark Pollock,iNaturalist,https://inaturalist-open-data.s3.amazonaws.com/photos/672361444/original.jpg,https://www.gbif.org/occurrence/6399401432
382,0,Fraxinus latifolia,CC_BY,Dee Shea Himes,iNaturalist,https://inaturalist-open-data.s3.amazonaws.com/photos/604637105/original.jpg,https://www.gbif.org/occurrence/5938539544
382,1,Fraxinus latifolia,CC_BY,Jeff Ward,iNaturalist,https://inaturalist-open-data.s3.amazonaws.com/photos/621828506/original.jpg,https://www.gbif.org/occurrence/6179407518
382,2,Fraxinus latifolia,CC0,Barbara L. Wilson,iNaturalist,https://inaturalist-open-data.s3.amazonaws.com/photos/629188456/original.jpg,https://www.gbif.org/occurrence/6184877971
383,0,Fritillaria affinis,CC_BY,Kieran Hanrahan,iNaturalist,https://inaturalist-open-data.s3.amazonaws.com/photos/622675085/original.jpg,https://www.gbif.org/occurrence/6178745480
383,1,Fritillaria affinis,CC_BY,Dee Shea Himes,iNaturalist,https://inaturalist-open-data.s3.amazonaws.com/photos/630970077/original.jpg,https://www.gbif.org/occurrence/6184947821
383,2,Fritillaria affinis,CC_BY,Dee Shea Himes,iNaturalist,https://inaturalist-open-data.s3.amazonaws.com/photos/627227137/original.jpg,https://www.gbif.org/occurrence/6184970098
384,0,Fritillaria atropurpurea,CC_BY,Dee Shea Himes,iNaturalist,https://inaturalist-open-data.s3.amazonaws.com/photos/684200355/original.jpg,https://www.gbif.org/occurrence/6413994368
384,1,Fritillaria atropurpurea,CC_BY,Konshau Duman,iNaturalist,https://inaturalist-open-data.s3.amazonaws.com/photos/510632142/original.jpg,https://www.gbif.org/occurrence/5176584643
384,2,Fritillaria atropurpurea,CC_BY,Gail A Baker,iNaturalist,https://inaturalist-open-data.s3.amazonaws.com/photos/501081481/original.jpeg,https://www.gbif.org/occurrence/5187620626
385,0,Fritillaria pudica,CC0,Barbara L. Wilson,iNaturalist,https://inaturalist-open-data.s3.amazonaws.com/photos/630544776/original.jpg,https://www.gbif.org/occurrence/6184785251
385,1,Fritillaria pudica,CC_BY,Robert McClaflin,iNaturalist,https://inaturalist-open-data.s3.amazonaws.com/photos/630352150/original.jpg,https://www.gbif.org/occurrence/6185501848
385,2,Fritillaria pudica,CC0,Barbara L. Wilson,iNaturalist,https://inaturalist-open-data.s3.amazonaws.com/photos/630503204/original.jpg,https://www.gbif.org/occurrence/6185646680
386,0,Fritillaria recurva,CC_BY,Jeff Ward,iNaturalist,https://inaturalist-open-data.s3.amazonaws.com/photos/628976642/original.jpg,https://www.gbif.org/occurrence/6184815731
386,1,Fritillaria recurva,CC_BY,Rachel Werling,iNaturalist,https://inaturalist-open-data.s3.amazonaws.com/photos/627546528/original.jpg,https://www.gbif.org/occurrence/6185145504
386,2,Fritillaria recurva,CC_BY,Dee Shea Himes,iNaturalist,https://inaturalist-open-data.s3.amazonaws.com/photos/629362180/original.jpg,https://www.gbif.org/occurrence/6185329080
387,0,Fuchsia magellanica,CC0,Jessica Utrup,iNaturalist,https://inaturalist-open-data.s3.amazonaws.com/photos/718755035/original.jpg,https://www.gbif.org/occurrence/6498859514
387,1,Fuchsia magellanica,CC_BY,Tara Severns,iNaturalist,https://inaturalist-open-data.s3.amazonaws.com/photos/513437491/original.jpg,https://www.gbif.org/occurrence/5177348324
387,2,Fuchsia magellanica,CC_BY,Tara Severns,iNaturalist,https://inaturalist-open-data.s3.amazonaws.com/photos/519787602/original.jpg,https://www.gbif.org/occurrence/5198989936
388,0,Galium aparine,CC_BY,Brodie Cass Talbott,iNaturalist,https://inaturalist-open-data.s3.amazonaws.com/photos/619959371/original.jpg,https://www.gbif.org/occurrence/6171233739
388,1,Galium aparine,CC0,Barbara L. Wilson,iNaturalist,https://inaturalist-open-data.s3.amazonaws.com/photos/624412883/original.jpg,https://www.gbif.org/occurrence/6178669483
388,2,Galium aparine,CC_BY,Jeff Ward,iNaturalist,https://inaturalist-open-data.s3.amazonaws.com/photos/621596015/original.jpg,https://www.gbif.org/occurrence/6179023644
389,0,Galium oreganum,CC_BY,Dee Shea Himes,iNaturalist,https://inaturalist-open-data.s3.amazonaws.com/photos/686591005/original.jpg,https://www.gbif.org/occurrence/6422455632
389,1,Galium oreganum,CC_BY,Cody Hinchliff,iNaturalist,https://inaturalist-open-data.s3.amazonaws.com/photos/697984569/original.jpg,https://www.gbif.org/occurrence/6451739316
389,2,Galium oreganum,CC_BY,Jeff Ward,iNaturalist,https://inaturalist-open-data.s3.amazonaws.com/photos/716451615/original.jpg,https://www.gbif.org/occurrence/6498977764
390,0,Galium trifidum,CC_BY,Lee Cain,iNaturalist,https://inaturalist-open-data.s3.amazonaws.com/photos/505335044/original.jpg,https://www.gbif.org/occurrence/6481382628
390,1,Galium trifidum,CC_BY,Gabriel Campbell-Martinez,iNaturalist,https://inaturalist-open-data.s3.amazonaws.com/photos/545523132/original.jpg,https://www.gbif.org/occurrence/5281910731
390,2,Galium trifidum,CC_BY,Gabriel Campbell-Martinez,iNaturalist,https://inaturalist-open-data.s3.amazonaws.com/photos/537740102/original.jpg,https://www.gbif.org/occurrence/5230209379
391,0,Galium triflorum,CC_BY,Tser,iNaturalist,https://inaturalist-open-data.s3.amazonaws.com/photos/658904133/original.jpg,https://www.gbif.org/occurrence/6320467798
391,1,Galium triflorum,CC0,Barbara L. Wilson,iNaturalist,https://inaturalist-open-data.s3.amazonaws.com/photos/663645988/original.jpg,https://www.gbif.org/occurrence/6334678905
391,2,Galium triflorum,CC_BY,Kieran Hanrahan,iNaturalist,https://inaturalist-open-data.s3.amazonaws.com/photos/670014117/original.jpg,https://www.gbif.org/occurrence/6352469898
392,0,Gamochaeta ustulata,CC0,Barbara L. Wilson,iNaturalist,https://inaturalist-open-data.s3.amazonaws.com/photos/620781681/original.jpg,https://www.gbif.org/occurrence/6178804180
392,1,Gamochaeta ustulata,CC0,Barbara L. Wilson,iNaturalist,https://inaturalist-open-data.s3.amazonaws.com/photos/620781972/original.jpg,https://www.gbif.org/occurrence/6179512187
392,2,Gamochaeta ustulata,CC0,Barbara L. Wilson,iNaturalist,https://inaturalist-open-data.s3.amazonaws.com/photos/625242443/original.jpg,https://www.gbif.org/occurrence/6253032972
393,0,Garrya elliptica,CC0,Aaron Liston,iNaturalist,https://inaturalist-open-data.s3.amazonaws.com/photos/612346281/original.jpg,https://www.gbif.org/occurrence/6133300075
393,1,Garrya elliptica,CC0,Mike Palmer,iNaturalist,https://inaturalist-open-data.s3.amazonaws.com/photos/622226721/original.jpg,https://www.gbif.org/occurrence/6178321005
393,2,Garrya elliptica,CC0,Barbara L. Wilson,iNaturalist,https://inaturalist-open-data.s3.amazonaws.com/photos/625242034/original.jpg,https://www.gbif.org/occurrence/6178851931
394,0,Garrya fremontii,CC_BY,Jeff Ward,iNaturalist,https://inaturalist-open-data.s3.amazonaws.com/photos/628649563/original.jpg,https://www.gbif.org/occurrence/6187982940
394,1,Garrya fremontii,CC_BY,Jeff Ward,iNaturalist,https://inaturalist-open-data.s3.amazonaws.com/photos/628650385/original.jpg,https://www.gbif.org/occurrence/6188142386
394,2,Garrya fremontii,CC_BY,Dee Shea Himes,iNaturalist,https://inaturalist-open-data.s3.amazonaws.com/photos/634977220/original.jpg,https://www.gbif.org/occurrence/6195229587
395,0,Gaultheria ovatifolia,CC0,Barbara L. Wilson,iNaturalist,https://inaturalist-open-data.s3.amazonaws.com/photos/645983793/original.jpg,https://www.gbif.org/occurrence/6234847359
395,1,Gaultheria ovatifolia,CC0,Barbara L. Wilson,iNaturalist,https://inaturalist-open-data.s3.amazonaws.com/photos/645984003/original.jpg,https://www.gbif.org/occurrence/6235978509
395,2,Gaultheria ovatifolia,CC_BY,Adam Schneider,iNaturalist,https://inaturalist-open-data.s3.amazonaws.com/photos/704378463/original.jpg,https://www.gbif.org/occurrence/6469681162
396,0,Gaultheria shallon,CC0,Barbara L. Wilson,iNaturalist,https://inaturalist-open-data.s3.amazonaws.com/photos/608530118/original.jpg,https://www.gbif.org/occurrence/6131675436
396,1,Gaultheria shallon,CC_BY,Tser,iNaturalist,https://inaturalist-open-data.s3.amazonaws.com/photos/613970041/original.jpg,https://www.gbif.org/occurrence/6147522870
396,2,Gaultheria shallon,CC_BY,Michele Karmartsang,iNaturalist,https://inaturalist-open-data.s3.amazonaws.com/photos/619663743/original.jpg,https://www.gbif.org/occurrence/6170904327
397,0,Gayophytum diffusum,CC_BY,Parker James Lloyd,iNaturalist,https://inaturalist-open-data.s3.amazonaws.com/photos/696973150/original.jpg,https://www.gbif.org/occurrence/6469822974
397,1,Gayophytum diffusum,CC_BY,Sam Bucciarelli,iNaturalist,https://inaturalist-open-data.s3.amazonaws.com/photos/701989396/original.jpg,https://www.gbif.org/occurrence/6470772399
397,2,Gayophytum diffusum,CC_BY,Kieran Hanrahan,iNaturalist,https://inaturalist-open-data.s3.amazonaws.com/photos/550119123/original.jpg,https://www.gbif.org/occurrence/5838369365
398,0,Gentiana calycosa,CC_BY,Braydon Lake,iNaturalist,https://inaturalist-open-data.s3.amazonaws.com/photos/699278881/original.jpg,https://www.gbif.org/occurrence/6451652505
398,1,Gentiana calycosa,CC_BY,Jeff Ward,iNaturalist,https://inaturalist-open-data.s3.amazonaws.com/photos/708763573/original.jpg,https://www.gbif.org/occurrence/6480074880
398,2,Gentiana calycosa,CC0,Drew Meyer,iNaturalist,https://inaturalist-open-data.s3.amazonaws.com/photos/714901337/original.jpg,https://www.gbif.org/occurrence/6499124215
399,0,Geranium dissectum,CC_BY,Lee Cain,iNaturalist,https://inaturalist-open-data.s3.amazonaws.com/photos/641382979/original.jpg,https://www.gbif.org/occurrence/6236240833
399,1,Geranium dissectum,CC0,sharilangfordor,iNaturalist,https://inaturalist-open-data.s3.amazonaws.com/photos/655593532/original.jpg,https://www.gbif.org/occurrence/6273605453
399,2,Geranium dissectum,CC_BY,Brodie Cass Talbott,iNaturalist,https://inaturalist-open-data.s3.amazonaws.com/photos/661633970/original.jpg,https://www.gbif.org/occurrence/6320129659
400,0,Geranium lucidum,CC0,Barbara L. Wilson,iNaturalist,https://inaturalist-open-data.s3.amazonaws.com/photos/605911867/original.jpg,https://www.gbif.org/occurrence/6130248553
400,1,Geranium lucidum,CC_BY,Aden Sommerville,iNaturalist,https://inaturalist-open-data.s3.amazonaws.com/photos/607314909/original.jpg,https://www.gbif.org/occurrence/6130742882
400,2,Geranium lucidum,CC0,Barbara L. Wilson,iNaturalist,https://inaturalist-open-data.s3.amazonaws.com/photos/608168925/original.jpg,https://www.gbif.org/occurrence/6131698630
401,0,Geranium molle,CC0,Dave Miller,iNaturalist,https://inaturalist-open-data.s3.amazonaws.com/photos/620493598/original.jpg,https://www.gbif.org/occurrence/6170981430
401,1,Geranium molle,CC_BY,Don Boucher,iNaturalist,https://inaturalist-open-data.s3.amazonaws.com/photos/612495721/original.jpg,https://www.gbif.org/occurrence/6251836436
401,2,Geranium molle,CC0,Barbara L. Wilson,iNaturalist,https://inaturalist-open-data.s3.amazonaws.com/photos/621640344/original.jpg,https://www.gbif.org/occurrence/6178407523
402,0,Geranium oreganum,CC_BY,Judi Sanders,iNaturalist,https://inaturalist-open-data.s3.amazonaws.com/photos/651061306/original.jpg,https://www.gbif.org/occurrence/6252731658
402,1,Geranium oreganum,CC_BY,Parker James Lloyd,iNaturalist,https://inaturalist-open-data.s3.amazonaws.com/photos/650166589/original.jpg,https://www.gbif.org/occurrence/6253037067
402,2,Geranium oreganum,CC_BY,Ed Alverson,iNaturalist,https://inaturalist-open-data.s3.amazonaws.com/photos/658881254/original.jpg,https://www.gbif.org/occurrence/6320707304
403,0,Geranium robertianum,CC0,moater,iNaturalist,https://inaturalist-open-data.s3.amazonaws.com/photos/604900353/original.jpg,https://www.gbif.org/occurrence/5938201079
403,1,Geranium robertianum,CC0,Evelyn Lazzaretti 🏳️‍⚧️,iNaturalist,https://inaturalist-open-data.s3.amazonaws.com/photos/606432868/original.jpg,https://www.gbif.org/occurrence/6131556322
403,2,Geranium robertianum,CC_BY,Zach Earl,iNaturalist,https://inaturalist-open-data.s3.amazonaws.com/photos/616662303/original.jpg,https://www.gbif.org/occurrence/6162777517
404,0,Geranium viscosissimum,CC_BY,Daniel Patterson,iNaturalist,https://inaturalist-open-data.s3.amazonaws.com/photos/648745305/original.jpg,https://www.gbif.org/occurrence/6252802633
404,1,Geranium viscosissimum,CC_BY,Alice Pence,iNaturalist,https://inaturalist-open-data.s3.amazonaws.com/photos/667168432/original.jpg,https://www.gbif.org/occurrence/6352495436
404,2,Geranium viscosissimum,CC_BY,Daniel Patterson,iNaturalist,https://inaturalist-open-data.s3.amazonaws.com/photos/677238099/original.jpg,https://www.gbif.org/occurrence/6422283002
405,0,Geum macrophyllum,CC0,Barbara L. Wilson,iNaturalist,https://inaturalist-open-data.s3.amazonaws.com/photos/622324840/original.jpg,https://www.gbif.org/occurrence/6179207707
405,1,Geum macrophyllum,CC_BY,Judi Sanders,iNaturalist,https://inaturalist-open-data.s3.amazonaws.com/photos/636859497/original.jpg,https://www.gbif.org/occurrence/6234986031
405,2,Geum macrophyllum,CC_BY,David Anderson,iNaturalist,https://inaturalist-open-data.s3.amazonaws.com/photos/647120678/original.jpg,https://www.gbif.org/occurrence/6235645835
406,0,Geum triflorum,CC_BY,Daniel Patterson,iNaturalist,https://inaturalist-open-data.s3.amazonaws.com/photos/648745416/original.jpg,https://www.gbif.org/occurrence/6252120278
406,1,Geum triflorum,CC_BY,Jeff Ward,iNaturalist,https://inaturalist-open-data.s3.amazonaws.com/photos/654046218/original.jpg,https://www.gbif.org/occurrence/6274259594
406,2,Geum triflorum,CC_BY,"Leo ""Jake"" Jacobsen",iNaturalist,https://inaturalist-open-data.s3.amazonaws.com/photos/665426859/original.jpg,https://www.gbif.org/occurrence/6333950087
407,0,Geum urbanum,CC0,Barbara L. Wilson,iNaturalist,https://inaturalist-open-data.s3.amazonaws.com/photos/631612942/original.jpg,https://www.gbif.org/occurrence/6188261770
407,1,Geum urbanum,CC_BY,Kieran Hanrahan,iNaturalist,https://inaturalist-open-data.s3.amazonaws.com/photos/647405137/original.jpg,https://www.gbif.org/occurrence/6234261812
407,2,Geum urbanum,CC_BY,Jeffrey Lee (he/him/his),iNaturalist,https://inaturalist-open-data.s3.amazonaws.com/photos/701605583/original.jpg,https://www.gbif.org/occurrence/6451748959
408,0,Gilia capitata,CC_BY,carbapple,iNaturalist,https://inaturalist-open-data.s3.amazonaws.com/photos/666224414/original.jpg,https://www.gbif.org/occurrence/6334171063
408,1,Gilia capitata,CC_BY,carbapple,iNaturalist,https://inaturalist-open-data.s3.amazonaws.com/photos/666224786/original.jpg,https://www.gbif.org/occurrence/6334287638
408,2,Gilia capitata,CC_BY,carbapple,iNaturalist,https://inaturalist-open-data.s3.amazonaws.com/photos/666227071/original.jpg,https://www.gbif.org/occurrence/6334649400
409,0,Glechoma hederacea,CC_BY,Judi Sanders,iNaturalist,https://inaturalist-open-data.s3.amazonaws.com/photos/633402338/original.jpg,https://www.gbif.org/occurrence/6187935448
409,1,Glechoma hederacea,CC_BY,Aden Sommerville,iNaturalist,https://inaturalist-open-data.s3.amazonaws.com/photos/633910261/original.jpg,https://www.gbif.org/occurrence/6187959231
409,2,Glechoma hederacea,CC0,Evelyn Lazzaretti 🏳️‍⚧️,iNaturalist,https://inaturalist-open-data.s3.amazonaws.com/photos/633776235/original.jpg,https://www.gbif.org/occurrence/6188178515
410,0,Gnaphalium palustre,CC0,Barbara L. Wilson,iNaturalist,https://inaturalist-open-data.s3.amazonaws.com/photos/708772814/original.jpg,https://www.gbif.org/occurrence/6479208678
410,1,Gnaphalium palustre,CC0,Barbara L. Wilson,iNaturalist,https://inaturalist-open-data.s3.amazonaws.com/photos/508577267/original.jpg,https://www.gbif.org/occurrence/5206082521
410,2,Gnaphalium palustre,CC0,Barbara L. Wilson,iNaturalist,https://inaturalist-open-data.s3.amazonaws.com/photos/508580250/original.jpg,https://www.gbif.org/occurrence/5206682535
411,0,Goodyera oblongifolia,CC0,moater,iNaturalist,https://inaturalist-open-data.s3.amazonaws.com/photos/604899713/original.jpg,https://www.gbif.org/occurrence/5938032602
411,1,Goodyera oblongifolia,CC0,moater,iNaturalist,https://inaturalist-open-data.s3.amazonaws.com/photos/604900070/original.jpg,https://www.gbif.org/occurrence/5938203815
411,2,Goodyera oblongifolia,CC0,moater,iNaturalist,https://inaturalist-open-data.s3.amazonaws.com/photos/604899982/original.jpg,https://www.gbif.org/occurrence/5938293229
412,0,Grayia spinosa,CC0,Ada Ritter,iNaturalist,https://inaturalist-open-data.s3.amazonaws.com/photos/638381389/original.jpg,https://www.gbif.org/occurrence/6253363949
412,1,Grayia spinosa,CC_BY,James H. Thomas,iNaturalist,https://inaturalist-open-data.s3.amazonaws.com/photos/658065365/original.jpg,https://www.gbif.org/occurrence/6274008384
412,2,Grayia spinosa,CC0,sharilangfordor,iNaturalist,https://inaturalist-open-data.s3.amazonaws.com/photos/665273486/original.jpg,https://www.gbif.org/occurrence/6399250046
413,0,Grindelia hirsutula,CC_BY,Randall Pearl,iNaturalist,https://inaturalist-open-data.s3.amazonaws.com/photos/719350934/original.jpg,https://www.gbif.org/occurrence/6500323626
413,1,Grindelia hirsutula,CC_BY,Michael O'Loughlin,iNaturalist,https://inaturalist-open-data.s3.amazonaws.com/photos/536136558/original.jpg,https://www.gbif.org/occurrence/5231607880
413,2,Grindelia hirsutula,CC_BY,David Anderson,iNaturalist,https://inaturalist-open-data.s3.amazonaws.com/photos/541078814/original.jpg,https://www.gbif.org/occurrence/5237641732
414,0,Grindelia integrifolia,CC_BY,Kieran Hanrahan,iNaturalist,https://inaturalist-open-data.s3.amazonaws.com/photos/647349021/original.jpg,https://www.gbif.org/occurrence/6234669325
414,1,Grindelia integrifolia,CC0,Aaron Liston,iNaturalist,https://inaturalist-open-data.s3.amazonaws.com/photos/722314816/original.jpg,https://www.gbif.org/occurrence/6498959374
414,2,Grindelia integrifolia,CC_BY,Gail A Baker,iNaturalist,https://inaturalist-open-data.s3.amazonaws.com/photos/540976711/original.jpg,https://www.gbif.org/occurrence/5238036695
415,0,Hackelia micrantha,CC0,Craig Martin,iNaturalist,https://inaturalist-open-data.s3.amazonaws.com/photos/557233231/original.jpg,https://www.gbif.org/occurrence/6159493819
415,1,Hackelia micrantha,CC_BY,Lia Keener,iNaturalist,https://inaturalist-open-data.s3.amazonaws.com/photos/525910155/original.jpg,https://www.gbif.org/occurrence/6162932402
415,2,Hackelia micrantha,CC_BY,Jeff Ward,iNaturalist,https://inaturalist-open-data.s3.amazonaws.com/photos/530470603/original.jpg,https://www.gbif.org/occurrence/6163394158
416,0,Halogeton glomeratus,CC_BY,Emma,iNaturalist,https://inaturalist-open-data.s3.amazonaws.com/photos/499613060/original.jpg,https://www.gbif.org/occurrence/5217310638
416,1,Halogeton glomeratus,CC_BY,Adam Schneider,iNaturalist,https://inaturalist-open-data.s3.amazonaws.com/photos/398543636/original.jpeg,https://www.gbif.org/occurrence/4978258171
416,2,Halogeton glomeratus,CC_BY,Noah Strycker,iNaturalist,https://inaturalist-open-data.s3.amazonaws.com/photos/158940284/original.jpg,https://www.gbif.org/occurrence/3391347549
417,0,Halosaccion glandiforme,CC_BY,Jane Weeden,iNaturalist,https://inaturalist-open-data.s3.amazonaws.com/photos/519565563/original.jpg,https://www.gbif.org/occurrence/5198555846
417,1,Halosaccion glandiforme,CC_BY,Jude Kesl,iNaturalist,https://inaturalist-open-data.s3.amazonaws.com/photos/525330753/original.jpg,https://www.gbif.org/occurrence/5230055785
417,2,Halosaccion glandiforme,CC_BY,Adam Schneider,iNaturalist,https://inaturalist-open-data.s3.amazonaws.com/photos/527281725/original.jpg,https://www.gbif.org/occurrence/5230287857
418,0,Hedera helix,CC0,Barbara L. Wilson,iNaturalist,https://inaturalist-open-data.s3.amazonaws.com/photos/618285499/original.jpg,https://www.gbif.org/occurrence/6163268416
418,1,Hedera helix,CC_BY,Brodie Cass Talbott,iNaturalist,https://inaturalist-open-data.s3.amazonaws.com/photos/619985418/original.jpg,https://www.gbif.org/occurrence/6170997054
418,2,Hedera helix,CC0,Barbara L. Wilson,iNaturalist,https://inaturalist-open-data.s3.amazonaws.com/photos/625911849/original.jpg,https://www.gbif.org/occurrence/6185477889
419,0,Helenium autumnale,CC_BY,Jeff Ward,iNaturalist,https://inaturalist-open-data.s3.amazonaws.com/photos/720447732/original.jpg,https://www.gbif.org/occurrence/6499023995
419,1,Helenium autumnale,CC_BY,armeria,iNaturalist,https://inaturalist-open-data.s3.amazonaws.com/photos/726798323/original.jpg,https://www.gbif.org/occurrence/6518482005
419,2,Helenium autumnale,CC_BY,Kieran Hanrahan,iNaturalist,https://inaturalist-open-data.s3.amazonaws.com/photos/546535613/original.jpg,https://www.gbif.org/occurrence/5282296233
420,0,Helenium bigelovii,CC_BY,Dee Shea Himes,iNaturalist,https://inaturalist-open-data.s3.amazonaws.com/photos/661835161/original.jpg,https://www.gbif.org/occurrence/6320254875
420,1,Helenium bigelovii,CC_BY,Dee Shea Himes,iNaturalist,https://inaturalist-open-data.s3.amazonaws.com/photos/682769941/original.jpg,https://www.gbif.org/occurrence/6422514333
420,2,Helenium bigelovii,CC_BY,Parker James Lloyd,iNaturalist,https://inaturalist-open-data.s3.amazonaws.com/photos/696528801/original.jpg,https://www.gbif.org/occurrence/6441590035
421,0,Helianthus annuus,CC0,Barbara L. Wilson,iNaturalist,https://inaturalist-open-data.s3.amazonaws.com/photos/699383082/original.jpg,https://www.gbif.org/occurrence/6451723808
421,1,Helianthus annuus,CC0,Barbara L. Wilson,iNaturalist,https://inaturalist-open-data.s3.amazonaws.com/photos/699383083/original.jpg,https://www.gbif.org/occurrence/6452053826
421,2,Helianthus annuus,CC0,Barbara L. Wilson,iNaturalist,https://inaturalist-open-data.s3.amazonaws.com/photos/699383081/original.jpg,https://www.gbif.org/occurrence/6452400420
422,0,Hemitomes congestum,CC_BY,Kieran Hanrahan,iNaturalist,https://inaturalist-open-data.s3.amazonaws.com/photos/705030609/original.jpg,https://www.gbif.org/occurrence/6470070569
422,1,Hemitomes congestum,CC_BY,Gail A Baker,iNaturalist,https://inaturalist-open-data.s3.amazonaws.com/photos/708421175/original.jpg,https://www.gbif.org/occurrence/6480558681
422,2,Hemitomes congestum,CC0,Rob Cuthrell,iNaturalist,https://inaturalist-open-data.s3.amazonaws.com/photos/726248449/original.jpg,https://www.gbif.org/occurrence/6520070762
423,0,Heracleum maximum,CC0,Barbara L. Wilson,iNaturalist,https://inaturalist-open-data.s3.amazonaws.com/photos/618285096/original.jpg,https://www.gbif.org/occurrence/6162940221
423,1,Heracleum maximum,CC0,Barbara L. Wilson,iNaturalist,https://inaturalist-open-data.s3.amazonaws.com/photos/618285105/original.jpg,https://www.gbif.org/occurrence/6163223650
423,2,Heracleum maximum,CC0,Barbara L. Wilson,iNaturalist,https://inaturalist-open-data.s3.amazonaws.com/photos/618285259/original.jpg,https://www.gbif.org/occurrence/6163255690
424,0,Hesperis matronalis,CC0,Aaron Liston,iNaturalist,https://inaturalist-open-data.s3.amazonaws.com/photos/652565805/original.jpg,https://www.gbif.org/occurrence/6253329863
424,1,Hesperis matronalis,CC0,Barbara L. Wilson,iNaturalist,https://inaturalist-open-data.s3.amazonaws.com/photos/664227872/original.jpg,https://www.gbif.org/occurrence/6333949848
424,2,Hesperis matronalis,CC0,Najah Bowlby,iNaturalist,https://inaturalist-open-data.s3.amazonaws.com/photos/664526137/original.jpg,https://www.gbif.org/occurrence/6335026693
425,0,Hesperochiron pumilus,CC_BY,Dee Shea Himes,iNaturalist,https://inaturalist-open-data.s3.amazonaws.com/photos/630226722/original.jpg,https://www.gbif.org/occurrence/6184756567
425,1,Hesperochiron pumilus,CC_BY,Konshau Duman,iNaturalist,https://inaturalist-open-data.s3.amazonaws.com/photos/629004428/original.jpg,https://www.gbif.org/occurrence/6185633767
425,2,Hesperochiron pumilus,CC0,Drew Meyer,iNaturalist,https://inaturalist-open-data.s3.amazonaws.com/photos/662509907/original.jpg,https://www.gbif.org/occurrence/6334943037
426,0,Heuchera cylindrica,CC_BY,Daniel Patterson,iNaturalist,https://inaturalist-open-data.s3.amazonaws.com/photos/660422946/original.jpg,https://www.gbif.org/occurrence/6334810911
426,1,Heuchera cylindrica,CC_BY,Mark Pollock,iNaturalist,https://inaturalist-open-data.s3.amazonaws.com/photos/672362808/original.jpg,https://www.gbif.org/occurrence/6440958876
426,2,Heuchera cylindrica,CC_BY,Daniel Patterson,iNaturalist,https://inaturalist-open-data.s3.amazonaws.com/photos/675680010/original.jpg,https://www.gbif.org/occurrence/6519202516
427,0,Heuchera micrantha,CC_BY,Brodie Cass Talbott,iNaturalist,https://inaturalist-open-data.s3.amazonaws.com/photos/607355532/original.jpg,https://www.gbif.org/occurrence/6130762816
427,1,Heuchera micrantha,CC_BY,Jeff Ward,iNaturalist,https://inaturalist-open-data.s3.amazonaws.com/photos/623044409/original.jpg,https://www.gbif.org/occurrence/6178841423
427,2,Heuchera micrantha,CC_BY,Dee Shea Himes,iNaturalist,https://inaturalist-open-data.s3.amazonaws.com/photos/632944215/original.jpg,https://www.gbif.org/occurrence/6188413326
428,0,Hieracium albiflorum,CC0,Aaron Liston,iNaturalist,https://inaturalist-open-data.s3.amazonaws.com/photos/664735085/original.jpg,https://www.gbif.org/occurrence/6334799906
428,1,Hieracium albiflorum,CC0,Barbara L. Wilson,iNaturalist,https://inaturalist-open-data.s3.amazonaws.com/photos/683080431/original.jpg,https://www.gbif.org/occurrence/6414082334
428,2,Hieracium albiflorum,CC_BY,Dee Shea Himes,iNaturalist,https://inaturalist-open-data.s3.amazonaws.com/photos/687515785/original.jpg,https://www.gbif.org/occurrence/6422710782
429,0,Hieracium scouleri,CC_BY,Daniel Patterson,iNaturalist,https://inaturalist-open-data.s3.amazonaws.com/photos/647608364/original.jpg,https://www.gbif.org/occurrence/6235632815
429,1,Hieracium scouleri,CC_BY,Braydon Lake,iNaturalist,https://inaturalist-open-data.s3.amazonaws.com/photos/699163135/original.jpg,https://www.gbif.org/occurrence/6469818172
429,2,Hieracium scouleri,CC_BY,Parker James Lloyd,iNaturalist,https://inaturalist-open-data.s3.amazonaws.com/photos/696969087/original.jpg,https://www.gbif.org/occurrence/6470231512
430,0,Holcus lanatus,CC0,Barbara L. Wilson,iNaturalist,https://inaturalist-open-data.s3.amazonaws.com/photos/636845444/original.jpg,https://www.gbif.org/occurrence/6195445945
430,1,Holcus lanatus,CC0,Barbara L. Wilson,iNaturalist,https://inaturalist-open-data.s3.amazonaws.com/photos/647052337/original.jpg,https://www.gbif.org/occurrence/6235439333
430,2,Holcus lanatus,CC0,Barbara L. Wilson,iNaturalist,https://inaturalist-open-data.s3.amazonaws.com/photos/670808199/original.jpg,https://www.gbif.org/occurrence/6353056729
431,0,Holodiscus discolor,CC_BY,Zach Earl,iNaturalist,https://inaturalist-open-data.s3.amazonaws.com/photos/617500492/original.jpg,https://www.gbif.org/occurrence/6162839299
431,1,Holodiscus discolor,CC_BY,Jeff Ward,iNaturalist,https://inaturalist-open-data.s3.amazonaws.com/photos/628650109/original.jpg,https://www.gbif.org/occurrence/6184858415
431,2,Holodiscus discolor,CC_BY,Judi Sanders,iNaturalist,https://inaturalist-open-data.s3.amazonaws.com/photos/633991878/original.jpg,https://www.gbif.org/occurrence/6188054602
432,0,Homalothecium megaptilum,CC_BY,Rodamu,iNaturalist,https://inaturalist-open-data.s3.amazonaws.com/photos/473997512/original.jpg,https://www.gbif.org/occurrence/5108130580
432,1,Homalothecium megaptilum,CC_BY,Brandon Corder,iNaturalist,https://inaturalist-open-data.s3.amazonaws.com/photos/59808040/original.jpeg,https://www.gbif.org/occurrence/4177012359
432,2,Homalothecium megaptilum,CC_BY,Brandon Corder,iNaturalist,https://inaturalist-open-data.s3.amazonaws.com/photos/59807830/original.jpeg,https://www.gbif.org/occurrence/4177064373
433,0,Honckenya peploides,CC0,Barbara L. Wilson,iNaturalist,https://inaturalist-open-data.s3.amazonaws.com/photos/608744229/original.jpg,https://www.gbif.org/occurrence/6131217483
433,1,Honckenya peploides,CC0,Barbara L. Wilson,iNaturalist,https://inaturalist-open-data.s3.amazonaws.com/photos/608529649/original.jpg,https://www.gbif.org/occurrence/6131545506
433,2,Honckenya peploides,CC0,Barbara L. Wilson,iNaturalist,https://inaturalist-open-data.s3.amazonaws.com/photos/633821512/original.jpg,https://www.gbif.org/occurrence/6188009061
434,0,Hordeum brachyantherum,CC0,Mary Lynn Roush,iNaturalist,https://inaturalist-open-data.s3.amazonaws.com/photos/383635804/original.jpeg,https://www.gbif.org/occurrence/4868070178
434,1,Hordeum brachyantherum,CC_BY,Gabriel Campbell-Martinez,iNaturalist,https://inaturalist-open-data.s3.amazonaws.com/photos/411170638/original.jpeg,https://www.gbif.org/occurrence/4919212568
434,2,Hordeum brachyantherum,CC0,Barbara L. Wilson,iNaturalist,https://inaturalist-open-data.s3.amazonaws.com/photos/303646459/original.jpeg,https://www.gbif.org/occurrence/4171665430
435,0,Hordeum jubatum,CC_BY,Hannah K. Maielua,iNaturalist,https://inaturalist-open-data.s3.amazonaws.com/photos/528982215/original.jpg,https://www.gbif.org/occurrence/6130011481
435,1,Hordeum jubatum,CC_BY,Andrea Villarreal Rodríguez,iNaturalist,https://inaturalist-open-data.s3.amazonaws.com/photos/547335950/original.jpg,https://www.gbif.org/occurrence/6133419926
435,2,Hordeum jubatum,CC0,Tom Wainwright,iNaturalist,https://inaturalist-open-data.s3.amazonaws.com/photos/551217979/original.jpg,https://www.gbif.org/occurrence/6133463148
436,0,Hordeum murinum,CC_BY,Aden Sommerville,iNaturalist,https://inaturalist-open-data.s3.amazonaws.com/photos/686788688/original.jpg,https://www.gbif.org/occurrence/6431039897
436,1,Hordeum murinum,CC0,Barbara L. Wilson,iNaturalist,https://inaturalist-open-data.s3.amazonaws.com/photos/508654840/original.jpg,https://www.gbif.org/occurrence/5168152213
436,2,Hordeum murinum,CC0,Barbara L. Wilson,iNaturalist,https://inaturalist-open-data.s3.amazonaws.com/photos/506469664/original.jpg,https://www.gbif.org/occurrence/5167644050
437,0,Hosackia crassifolia,CC_BY,Braydon Lake,iNaturalist,https://inaturalist-open-data.s3.amazonaws.com/photos/698806419/original.jpg,https://www.gbif.org/occurrence/6452400915
437,1,Hosackia crassifolia,CC_BY,Greghig Jirheg,iNaturalist,https://inaturalist-open-data.s3.amazonaws.com/photos/527805195/original.jpg,https://www.gbif.org/occurrence/6147618668
437,2,Hosackia crassifolia,CC_BY,Greghig Jirheg,iNaturalist,https://inaturalist-open-data.s3.amazonaws.com/photos/527812573/original.jpg,https://www.gbif.org/occurrence/6147637424
438,0,Hydrocotyle ranunculoides,CC_BY,Tser,iNaturalist,https://inaturalist-open-data.s3.amazonaws.com/photos/611477243/original.jpg,https://www.gbif.org/occurrence/6133383635
438,1,Hydrocotyle ranunculoides,CC_BY,Brodie Cass Talbott,iNaturalist,https://inaturalist-open-data.s3.amazonaws.com/photos/620330573/original.jpg,https://www.gbif.org/occurrence/6171250535
438,2,Hydrocotyle ranunculoides,CC_BY,Judi Sanders,iNaturalist,https://inaturalist-open-data.s3.amazonaws.com/photos/649764715/original.jpg,https://www.gbif.org/occurrence/6252080383
439,0,Hydrophyllum alpestre,CC0,Drew Meyer,iNaturalist,https://inaturalist-open-data.s3.amazonaws.com/photos/663636253/original.jpg,https://www.gbif.org/occurrence/6334676501
439,1,Hydrophyllum alpestre,CC_BY,Jeff Ward,iNaturalist,https://inaturalist-open-data.s3.amazonaws.com/photos/501636061/original.jpg,https://www.gbif.org/occurrence/5897529286
439,2,Hydrophyllum alpestre,CC_BY,Rachel Werling,iNaturalist,https://inaturalist-open-data.s3.amazonaws.com/photos/500545509/original.jpg,https://www.gbif.org/occurrence/5932503270
440,0,Hydrophyllum capitatum,CC0,Barbara L. Wilson,iNaturalist,https://inaturalist-open-data.s3.amazonaws.com/photos/630801859/original.jpg,https://www.gbif.org/occurrence/6188246651
440,1,Hydrophyllum capitatum,CC0,Barbara L. Wilson,iNaturalist,https://inaturalist-open-data.s3.amazonaws.com/photos/630801853/original.jpg,https://www.gbif.org/occurrence/6188516208
440,2,Hydrophyllum capitatum,CC_BY,Jeff Ward,iNaturalist,https://inaturalist-open-data.s3.amazonaws.com/photos/634537831/original.jpg,https://www.gbif.org/occurrence/6195393431
441,0,Hydrophyllum occidentale,CC_BY,Dee Shea Himes,iNaturalist,https://inaturalist-open-data.s3.amazonaws.com/photos/630976514/original.jpg,https://www.gbif.org/occurrence/6185877745
441,1,Hydrophyllum occidentale,CC_BY,Judi Sanders,iNaturalist,https://inaturalist-open-data.s3.amazonaws.com/photos/644498569/original.jpg,https://www.gbif.org/occurrence/6234792268
441,2,Hydrophyllum occidentale,CC_BY,Judi Sanders,iNaturalist,https://inaturalist-open-data.s3.amazonaws.com/photos/644498400/original.jpg,https://www.gbif.org/occurrence/6235371561
442,0,Hydrophyllum tenuipes,CC_BY,Kieran Hanrahan,iNaturalist,https://inaturalist-open-data.s3.amazonaws.com/photos/607298217/original.jpg,https://www.gbif.org/occurrence/6130860636
442,1,Hydrophyllum tenuipes,CC_BY,Jeff Ward,iNaturalist,https://inaturalist-open-data.s3.amazonaws.com/photos/619687034/original.jpg,https://www.gbif.org/occurrence/6171358004
442,2,Hydrophyllum tenuipes,CC0,moater,iNaturalist,https://inaturalist-open-data.s3.amazonaws.com/photos/617887558/original.jpg,https://www.gbif.org/occurrence/6184801296
443,0,Hylocomiadelphus triquetrus,CC0,Barbara L. Wilson,iNaturalist,https://inaturalist-open-data.s3.amazonaws.com/photos/626054499/original.jpg,https://www.gbif.org/occurrence/6185227032
443,1,Hylocomiadelphus triquetrus,CC0,Barbara L. Wilson,iNaturalist,https://inaturalist-open-data.s3.amazonaws.com/photos/637566688/original.jpg,https://www.gbif.org/occurrence/6195288957
443,2,Hylocomiadelphus triquetrus,CC_BY,Adam Schneider,iNaturalist,https://inaturalist-open-data.s3.amazonaws.com/photos/481407131/original.jpg,https://www.gbif.org/occurrence/5108534511
444,0,Hylocomium splendens,CC0,drew333,iNaturalist,https://inaturalist-open-data.s3.amazonaws.com/photos/634529551/original.jpg,https://www.gbif.org/occurrence/6195452124
444,1,Hylocomium splendens,CC0,Barbara L. Wilson,iNaturalist,https://inaturalist-open-data.s3.amazonaws.com/photos/643353479/original.jpg,https://www.gbif.org/occurrence/6236363752
444,2,Hylocomium splendens,CC0,Barbara L. Wilson,iNaturalist,https://inaturalist-open-data.s3.amazonaws.com/photos/643346744/original.jpg,https://www.gbif.org/occurrence/6398674375
445,0,Hypericum anagalloides,CC_BY,Kieran Hanrahan,iNaturalist,https://inaturalist-open-data.s3.amazonaws.com/photos/682507619/original.jpg,https://www.gbif.org/occurrence/6413994409
445,1,Hypericum anagalloides,CC_BY,David Anderson,iNaturalist,https://inaturalist-open-data.s3.amazonaws.com/photos/675456743/original.jpg,https://www.gbif.org/occurrence/6422445573
445,2,Hypericum anagalloides,CC_BY,Parker James Lloyd,iNaturalist,https://inaturalist-open-data.s3.amazonaws.com/photos/696972646/original.jpg,https://www.gbif.org/occurrence/6441191499
446,0,Hypericum perforatum,CC0,Barbara L. Wilson,iNaturalist,https://inaturalist-open-data.s3.amazonaws.com/photos/618312630/original.jpg,https://www.gbif.org/occurrence/6163152467
446,1,Hypericum perforatum,CC_BY,Jeff Ward,iNaturalist,https://inaturalist-open-data.s3.amazonaws.com/photos/623043901/original.jpg,https://www.gbif.org/occurrence/6178346611
446,2,Hypericum perforatum,CC0,Barbara L. Wilson,iNaturalist,https://inaturalist-open-data.s3.amazonaws.com/photos/627405220/original.jpg,https://www.gbif.org/occurrence/6184923145
447,0,Hypericum scouleri,CC_BY,Greghig Jirheg,iNaturalist,https://inaturalist-open-data.s3.amazonaws.com/photos/529499591/original.jpg,https://www.gbif.org/occurrence/5892915466
447,1,Hypericum scouleri,CC_BY,Mark Stluka,iNaturalist,https://inaturalist-open-data.s3.amazonaws.com/photos/529507425/original.jpg,https://www.gbif.org/occurrence/5892936307
447,2,Hypericum scouleri,CC0,Tom Wainwright,iNaturalist,https://inaturalist-open-data.s3.amazonaws.com/photos/535234070/original.jpg,https://www.gbif.org/occurrence/5231317505
448,0,Hypochaeris radicata,CC0,Barbara L. Wilson,iNaturalist,https://inaturalist-open-data.s3.amazonaws.com/photos/608988213/original.jpg,https://www.gbif.org/occurrence/6131631653
448,1,Hypochaeris radicata,CC_BY,Jeff Ward,iNaturalist,https://inaturalist-open-data.s3.amazonaws.com/photos/613076431/original.jpg,https://www.gbif.org/occurrence/6147199670
448,2,Hypochaeris radicata,CC0,Barbara L. Wilson,iNaturalist,https://inaturalist-open-data.s3.amazonaws.com/photos/622344662/original.jpg,https://www.gbif.org/occurrence/6178878615
449,0,Hypopitys monotropa,CC_BY,Laura Gaudette,iNaturalist,https://inaturalist-open-data.s3.amazonaws.com/photos/666972456/original.jpg,https://www.gbif.org/occurrence/6352298832
449,1,Hypopitys monotropa,CC_BY,Laura Gaudette,iNaturalist,https://inaturalist-open-data.s3.amazonaws.com/photos/666973198/original.jpg,https://www.gbif.org/occurrence/6352819736
449,2,Hypopitys monotropa,CC_BY,Laura Gaudette,iNaturalist,https://inaturalist-open-data.s3.amazonaws.com/photos/666971472/original.jpg,https://www.gbif.org/occurrence/6352911100
450,0,Ilex aquifolium,CC_BY,Aden Sommerville,iNaturalist,https://inaturalist-open-data.s3.amazonaws.com/photos/609805903/original.jpg,https://www.gbif.org/occurrence/6129948562
450,1,Ilex aquifolium,CC_BY,David Anderson,iNaturalist,https://inaturalist-open-data.s3.amazonaws.com/photos/620062242/original.jpg,https://www.gbif.org/occurrence/6171403062
450,2,Ilex aquifolium,CC_BY,Brodie Cass Talbott,iNaturalist,https://inaturalist-open-data.s3.amazonaws.com/photos/620330016/original.jpg,https://www.gbif.org/occurrence/6171311440
451,0,Impatiens capensis,CC_BY,Brodie Cass Talbott,iNaturalist,https://inaturalist-open-data.s3.amazonaws.com/photos/638183577/original.jpg,https://www.gbif.org/occurrence/6236498659
451,1,Impatiens capensis,CC0,kevin,iNaturalist,https://inaturalist-open-data.s3.amazonaws.com/photos/664848745/original.jpg,https://www.gbif.org/occurrence/6334099350
451,2,Impatiens capensis,CC0,"ant, like the bug",iNaturalist,https://inaturalist-open-data.s3.amazonaws.com/photos/670468616/original.jpg,https://www.gbif.org/occurrence/6398663444
452,0,Ipomopsis aggregata,CC0,Jon Eilers,iNaturalist,https://inaturalist-open-data.s3.amazonaws.com/photos/671018272/original.jpg,https://www.gbif.org/occurrence/6352416062
452,1,Ipomopsis aggregata,CC_BY,Dee Shea Himes,iNaturalist,https://inaturalist-open-data.s3.amazonaws.com/photos/678697008/original.jpg,https://www.gbif.org/occurrence/6398755650
452,2,Ipomopsis aggregata,CC_BY,Brodie Cass Talbott,iNaturalist,https://inaturalist-open-data.s3.amazonaws.com/photos/676371092/original.jpg,https://www.gbif.org/occurrence/6399912623
453,0,Ipomopsis congesta,CC_BY,Parker James Lloyd,iNaturalist,https://inaturalist-open-data.s3.amazonaws.com/photos/696969372/original.jpg,https://www.gbif.org/occurrence/6451730769
453,1,Ipomopsis congesta,CC_BY,harrii,iNaturalist,https://inaturalist-open-data.s3.amazonaws.com/photos/697613362/original.jpg,https://www.gbif.org/occurrence/6452472036
453,2,Ipomopsis congesta,CC_BY,Parker James Lloyd,iNaturalist,https://inaturalist-open-data.s3.amazonaws.com/photos/696972495/original.jpg,https://www.gbif.org/occurrence/6469672911
454,0,Iris chrysophylla,CC_BY,Jeff Ward,iNaturalist,https://inaturalist-open-data.s3.amazonaws.com/photos/628288717/original.jpg,https://www.gbif.org/occurrence/6185325404
454,1,Iris chrysophylla,CC_BY,Dee Shea Himes,iNaturalist,https://inaturalist-open-data.s3.amazonaws.com/photos/636587757/original.jpg,https://www.gbif.org/occurrence/6195481479
454,2,Iris chrysophylla,CC_BY,Dee Shea Himes,iNaturalist,https://inaturalist-open-data.s3.amazonaws.com/photos/644439624/original.jpg,https://www.gbif.org/occurrence/6235574637
455,0,Iris douglasiana,CC_BY,Gavin Skeen,iNaturalist,https://inaturalist-open-data.s3.amazonaws.com/photos/683021824/original.jpg,https://www.gbif.org/occurrence/6422983719
455,1,Iris douglasiana,CC_BY,Daughter Dad,iNaturalist,https://inaturalist-open-data.s3.amazonaws.com/photos/481227518/original.jpg,https://www.gbif.org/occurrence/5935936666
455,2,Iris douglasiana,CC_BY,Jared Lincenberg,iNaturalist,https://inaturalist-open-data.s3.amazonaws.com/photos/536825841/original.jpg,https://www.gbif.org/occurrence/5291871293
456,0,Iris missouriensis,CC_BY,Michael O'Loughlin,iNaturalist,https://inaturalist-open-data.s3.amazonaws.com/photos/657015378/original.jpg,https://www.gbif.org/occurrence/6273482760
456,1,Iris missouriensis,CC0,Paul McClellan,iNaturalist,https://inaturalist-open-data.s3.amazonaws.com/photos/660482411/original.jpg,https://www.gbif.org/occurrence/6320917845
456,2,Iris missouriensis,CC_BY,Mark Pollock,iNaturalist,https://inaturalist-open-data.s3.amazonaws.com/photos/669492703/original.jpg,https://www.gbif.org/occurrence/6413729008
457,0,Iris pseudacorus,CC0,Barbara L. Wilson,iNaturalist,https://inaturalist-open-data.s3.amazonaws.com/photos/639413324/original.jpg,https://www.gbif.org/occurrence/6235895645
457,1,Iris pseudacorus,CC_BY,Tser,iNaturalist,https://inaturalist-open-data.s3.amazonaws.com/photos/652601926/original.jpg,https://www.gbif.org/occurrence/6251778313
457,2,Iris pseudacorus,CC_BY,Millie Basden,iNaturalist,https://inaturalist-open-data.s3.amazonaws.com/photos/653284558/original.jpg,https://www.gbif.org/occurrence/6251872288
458,0,Iris tenax,CC0,Kate Manning,iNaturalist,https://inaturalist-open-data.s3.amazonaws.com/photos/622623741/original.jpg,https://www.gbif.org/occurrence/6178307069
458,1,Iris tenax,CC0,William Proebsting,iNaturalist,https://inaturalist-open-data.s3.amazonaws.com/photos/624717982/original.jpg,https://www.gbif.org/occurrence/6178438298
458,2,Iris tenax,CC_BY,Tom and T Herman,iNaturalist,https://inaturalist-open-data.s3.amazonaws.com/photos/621839055/original.jpg,https://www.gbif.org/occurrence/6179278723
459,0,Isatis tinctoria,CC0,Aaron Liston,iNaturalist,https://inaturalist-open-data.s3.amazonaws.com/photos/550740182/original.jpg,https://www.gbif.org/occurrence/6159444843
459,1,Isatis tinctoria,CC_BY,Daniel Kennedy,iNaturalist,https://inaturalist-open-data.s3.amazonaws.com/photos/278612316/original.jpg,https://www.gbif.org/occurrence/4465598874
459,2,Isatis tinctoria,CC_BY,Rachel Werling,iNaturalist,https://inaturalist-open-data.s3.amazonaws.com/photos/293246417/original.jpg,https://www.gbif.org/occurrence/4138529543
460,0,Jacobaea vulgaris,CC0,Barbara L. Wilson,iNaturalist,https://inaturalist-open-data.s3.amazonaws.com/photos/605910045/original.jpg,https://www.gbif.org/occurrence/6133074945
460,1,Jacobaea vulgaris,CC0,Barbara L. Wilson,iNaturalist,https://inaturalist-open-data.s3.amazonaws.com/photos/615067507/original.jpg,https://www.gbif.org/occurrence/6159525547
460,2,Jacobaea vulgaris,CC_BY,Jeff Ward,iNaturalist,https://inaturalist-open-data.s3.amazonaws.com/photos/613454454/original.jpg,https://www.gbif.org/occurrence/6147317248
461,0,Juncus balticus,CC0,Barbara L. Wilson,iNaturalist,https://inaturalist-open-data.s3.amazonaws.com/photos/523456745/original.jpg,https://www.gbif.org/occurrence/5205849013
461,1,Juncus balticus,CC0,Barbara L. Wilson,iNaturalist,https://inaturalist-open-data.s3.amazonaws.com/photos/397479068/original.jpeg,https://www.gbif.org/occurrence/4908006107
461,2,Juncus balticus,CC0,Barbara L. Wilson,iNaturalist,https://inaturalist-open-data.s3.amazonaws.com/photos/397188762/original.jpeg,https://www.gbif.org/occurrence/6470518401
462,0,Juncus bufonius,CC0,Barbara L. Wilson,iNaturalist,https://inaturalist-open-data.s3.amazonaws.com/photos/509037239/original.jpg,https://www.gbif.org/occurrence/5167174243
462,1,Juncus bufonius,CC0,Barbara L. Wilson,iNaturalist,https://inaturalist-open-data.s3.amazonaws.com/photos/517481853/original.jpg,https://www.gbif.org/occurrence/5188238319
462,2,Juncus bufonius,CC0,Barbara L. Wilson,iNaturalist,https://inaturalist-open-data.s3.amazonaws.com/photos/550642296/original.jpg,https://www.gbif.org/occurrence/5291972466
463,0,Juncus effusus,CC_BY,Brodie Cass Talbott,iNaturalist,https://inaturalist-open-data.s3.amazonaws.com/photos/620337610/original.jpg,https://www.gbif.org/occurrence/6171175122
463,1,Juncus effusus,CC0,Barbara L. Wilson,iNaturalist,https://inaturalist-open-data.s3.amazonaws.com/photos/623120366/original.jpg,https://www.gbif.org/occurrence/6178580682
463,2,Juncus effusus,CC0,Barbara L. Wilson,iNaturalist,https://inaturalist-open-data.s3.amazonaws.com/photos/629194786/original.jpg,https://www.gbif.org/occurrence/6185022653
464,0,Juncus ensifolius,CC_BY,Matt Berger,iNaturalist,https://inaturalist-open-data.s3.amazonaws.com/photos/598900409/original.jpg,https://www.gbif.org/occurrence/5932564868
464,1,Juncus ensifolius,CC_BY,Kieran Hanrahan,iNaturalist,https://inaturalist-open-data.s3.amazonaws.com/photos/550120615/original.jpg,https://www.gbif.org/occurrence/5291962755
464,2,Juncus ensifolius,CC_BY,Jeffrey Lee (he/him/his),iNaturalist,https://inaturalist-open-data.s3.amazonaws.com/photos/388381380/original.jpeg,https://www.gbif.org/occurrence/4875020750
465,0,Juncus nevadensis,CC_BY,Gabriel Campbell-Martinez,iNaturalist,https://inaturalist-open-data.s3.amazonaws.com/photos/356207979/original.jpeg,https://www.gbif.org/occurrence/6147511585
465,1,Juncus nevadensis,CC_BY,Merlla McLaughlin,iNaturalist,https://inaturalist-open-data.s3.amazonaws.com/photos/311484422/original.jpeg,https://www.gbif.org/occurrence/4405085872
465,2,Juncus nevadensis,CC0,Chuck Sexton,iNaturalist,https://inaturalist-open-data.s3.amazonaws.com/photos/614169818/original.jpg,https://www.gbif.org/occurrence/6147560616
466,0,Juniperus communis,CC0,Barbara L. Wilson,iNaturalist,https://inaturalist-open-data.s3.amazonaws.com/photos/645392270/original.jpg,https://www.gbif.org/occurrence/6234372984
466,1,Juniperus communis,CC_BY,Dee Shea Himes,iNaturalist,https://inaturalist-open-data.s3.amazonaws.com/photos/682742551/original.jpg,https://www.gbif.org/occurrence/6413234318
466,2,Juniperus communis,CC_BY,Sam Bucciarelli,iNaturalist,https://inaturalist-open-data.s3.amazonaws.com/photos/700768638/original.jpg,https://www.gbif.org/occurrence/6451829641
467,0,Juniperus occidentalis,CC_BY,Zach Earl,iNaturalist,https://inaturalist-open-data.s3.amazonaws.com/photos/616569556/original.jpg,https://www.gbif.org/occurrence/6163248264
467,1,Juniperus occidentalis,CC_BY,Mark Pollock,iNaturalist,https://inaturalist-open-data.s3.amazonaws.com/photos/669493056/original.jpg,https://www.gbif.org/occurrence/6398972437
467,2,Juniperus occidentalis,CC0,Deniz Wilson,iNaturalist,https://inaturalist-open-data.s3.amazonaws.com/photos/471102474/original.jpeg,https://www.gbif.org/occurrence/5076907598
468,0,Kalmia microphylla,CC_BY,Dee Shea Himes,iNaturalist,https://inaturalist-open-data.s3.amazonaws.com/photos/659908954/original.jpg,https://www.gbif.org/occurrence/6320658837
468,1,Kalmia microphylla,CC_BY,David Anderson,iNaturalist,https://inaturalist-open-data.s3.amazonaws.com/photos/675460847/original.jpg,https://www.gbif.org/occurrence/6398719586
468,2,Kalmia microphylla,CC_BY,Cody Hinchliff,iNaturalist,https://inaturalist-open-data.s3.amazonaws.com/photos/696148476/original.jpg,https://www.gbif.org/occurrence/6441407099
469,0,Kelloggia galioides,CC_BY,jonsense,iNaturalist,https://inaturalist-open-data.s3.amazonaws.com/photos/687835705/original.jpg,https://www.gbif.org/occurrence/6499258678
469,1,Kelloggia galioides,CC_BY,Parker James Lloyd,iNaturalist,https://inaturalist-open-data.s3.amazonaws.com/photos/697632362/original.jpg,https://www.gbif.org/occurrence/6499641701
469,2,Kelloggia galioides,CC0,Craig Martin,iNaturalist,https://inaturalist-open-data.s3.amazonaws.com/photos/522711171/original.jpg,https://www.gbif.org/occurrence/5206141700
470,0,Kickxia elatine,CC_BY,Rachel Werling,iNaturalist,https://inaturalist-open-data.s3.amazonaws.com/photos/703431598/original.jpg,https://www.gbif.org/occurrence/6469741964
470,1,Kickxia elatine,CC0,Barbara L. Wilson,iNaturalist,https://inaturalist-open-data.s3.amazonaws.com/photos/708771632/original.jpg,https://www.gbif.org/occurrence/6479462669
470,2,Kickxia elatine,CC0,Barbara L. Wilson,iNaturalist,https://inaturalist-open-data.s3.amazonaws.com/photos/722318778/original.jpg,https://www.gbif.org/occurrence/6498131018
471,0,Kindbergia oregana,CC0,Aaron Liston,iNaturalist,https://inaturalist-open-data.s3.amazonaws.com/photos/609390761/original.jpg,https://www.gbif.org/occurrence/6131124945
471,1,Kindbergia oregana,CC0,Barbara L. Wilson,iNaturalist,https://inaturalist-open-data.s3.amazonaws.com/photos/643359588/original.jpg,https://www.gbif.org/occurrence/6234442653
471,2,Kindbergia oregana,CC0,Barbara L. Wilson,iNaturalist,https://inaturalist-open-data.s3.amazonaws.com/photos/647073379/original.jpg,https://www.gbif.org/occurrence/6234656929
472,0,Koeleria macrantha,CC_BY,Matt Berger,iNaturalist,https://inaturalist-open-data.s3.amazonaws.com/photos/599375443/original.jpg,https://www.gbif.org/occurrence/5935597886
472,1,Koeleria macrantha,CC_BY,Colin J Pryor,iNaturalist,https://inaturalist-open-data.s3.amazonaws.com/photos/459330891/original.jpeg,https://www.gbif.org/occurrence/5827848768
472,2,Koeleria macrantha,CC_BY,Hilary Rose Dawson,iNaturalist,https://inaturalist-open-data.s3.amazonaws.com/photos/286036197/original.jpg,https://www.gbif.org/occurrence/4133628755
473,0,Koenigia davisiae,CC_BY,RockCollector,iNaturalist,https://inaturalist-open-data.s3.amazonaws.com/photos/666072855/original.jpg,https://www.gbif.org/occurrence/6335016919
473,1,Koenigia davisiae,CC_BY,Dee Shea Himes,iNaturalist,https://inaturalist-open-data.s3.amazonaws.com/photos/670690527/original.jpg,https://www.gbif.org/occurrence/6352353890
473,2,Koenigia davisiae,CC0,Kate Manning,iNaturalist,https://inaturalist-open-data.s3.amazonaws.com/photos/669937076/original.jpg,https://www.gbif.org/occurrence/6352553652
474,0,Koenigia phytolaccifolia,CC0,Kate Manning,iNaturalist,https://inaturalist-open-data.s3.amazonaws.com/photos/678672631/original.jpg,https://www.gbif.org/occurrence/6414027396
474,1,Koenigia phytolaccifolia,CC0,Nancy Clogston,iNaturalist,https://inaturalist-open-data.s3.amazonaws.com/photos/686342867/original.jpg,https://www.gbif.org/occurrence/6423175919
474,2,Koenigia phytolaccifolia,CC0,Kate Manning,iNaturalist,https://inaturalist-open-data.s3.amazonaws.com/photos/532873673/original.jpg,https://www.gbif.org/occurrence/5292555120
475,0,Kopsiopsis hookeri,CC_BY,Judi Sanders,iNaturalist,https://inaturalist-open-data.s3.amazonaws.com/photos/642146597/original.jpg,https://www.gbif.org/occurrence/6234402483
475,1,Kopsiopsis hookeri,CC0,Rob Cuthrell,iNaturalist,https://inaturalist-open-data.s3.amazonaws.com/photos/651877964/original.jpg,https://www.gbif.org/occurrence/6251641787
475,2,Kopsiopsis hookeri,CC0,Rob Cuthrell,iNaturalist,https://inaturalist-open-data.s3.amazonaws.com/photos/681922979/original.jpg,https://www.gbif.org/occurrence/6413228335
476,0,Kopsiopsis strobilacea,CC_BY,Dee Shea Himes,iNaturalist,https://inaturalist-open-data.s3.amazonaws.com/photos/629336486/original.jpg,https://www.gbif.org/occurrence/6185134890
476,1,Kopsiopsis strobilacea,CC_BY,Dee Shea Himes,iNaturalist,https://inaturalist-open-data.s3.amazonaws.com/photos/625242492/original.jpg,https://www.gbif.org/occurrence/6185140108
476,2,Kopsiopsis strobilacea,CC_BY,Dee Shea Himes,iNaturalist,https://inaturalist-open-data.s3.amazonaws.com/photos/629346666/original.jpg,https://www.gbif.org/occurrence/6185149917
477,0,Lactuca serriola,CC0,Barbara L. Wilson,iNaturalist,https://inaturalist-open-data.s3.amazonaws.com/photos/662645730/original.jpg,https://www.gbif.org/occurrence/6334582492
477,1,Lactuca serriola,CC0,Barbara L. Wilson,iNaturalist,https://inaturalist-open-data.s3.amazonaws.com/photos/655485963/original.jpg,https://www.gbif.org/occurrence/6273597397
477,2,Lactuca serriola,CC0,Barbara L. Wilson,iNaturalist,https://inaturalist-open-data.s3.amazonaws.com/photos/655485497/original.jpg,https://www.gbif.org/occurrence/6274199339
478,0,Lagophylla ramosissima,CC_BY,James H. Thomas,iNaturalist,https://inaturalist-open-data.s3.amazonaws.com/photos/657538896/original.jpg,https://www.gbif.org/occurrence/6413330934
478,1,Lagophylla ramosissima,CC_BY,Kieran Hanrahan,iNaturalist,https://inaturalist-open-data.s3.amazonaws.com/photos/503467666/original.jpg,https://www.gbif.org/occurrence/5166889771
478,2,Lagophylla ramosissima,CC_BY,Judi Sanders,iNaturalist,https://inaturalist-open-data.s3.amazonaws.com/photos/509272159/original.jpg,https://www.gbif.org/occurrence/5167768561
479,0,Lamium amplexicaule,CC0,Barbara L. Wilson,iNaturalist,https://inaturalist-open-data.s3.amazonaws.com/photos/630413868/original.jpg,https://www.gbif.org/occurrence/6184889742
479,1,Lamium amplexicaule,CC_BY,Jeff Ward,iNaturalist,https://inaturalist-open-data.s3.amazonaws.com/photos/625542523/original.jpg,https://www.gbif.org/occurrence/6185423195
479,2,Lamium amplexicaule,CC_BY,Jeff Ward,iNaturalist,https://inaturalist-open-data.s3.amazonaws.com/photos/631068127/original.jpg,https://www.gbif.org/occurrence/6185877857
480,0,Lamium galeobdolon,CC_BY,Michele Karmartsang,iNaturalist,https://inaturalist-open-data.s3.amazonaws.com/photos/619416160/original.jpg,https://www.gbif.org/occurrence/6170901565
480,1,Lamium galeobdolon,CC_BY,Kieran Hanrahan,iNaturalist,https://inaturalist-open-data.s3.amazonaws.com/photos/622661334/original.jpg,https://www.gbif.org/occurrence/6178560570
480,2,Lamium galeobdolon,CC_BY,Kieran Hanrahan,iNaturalist,https://inaturalist-open-data.s3.amazonaws.com/photos/629463005/original.jpg,https://www.gbif.org/occurrence/6185261359
481,0,Lamium purpureum,CC0,Aaron Liston,iNaturalist,https://inaturalist-open-data.s3.amazonaws.com/photos/610549418/original.jpg,https://www.gbif.org/occurrence/6130235009
481,1,Lamium purpureum,CC0,Barbara L. Wilson,iNaturalist,https://inaturalist-open-data.s3.amazonaws.com/photos/608987064/original.jpg,https://www.gbif.org/occurrence/6131093062
481,2,Lamium purpureum,CC0,Barbara L. Wilson,iNaturalist,https://inaturalist-open-data.s3.amazonaws.com/photos/615060680/original.jpg,https://www.gbif.org/occurrence/6159277720
482,0,Lapsana communis,CC_BY,Brodie Cass Talbott,iNaturalist,https://inaturalist-open-data.s3.amazonaws.com/photos/619959405/original.jpg,https://www.gbif.org/occurrence/6170938138
482,1,Lapsana communis,CC_BY,Jeff Ward,iNaturalist,https://inaturalist-open-data.s3.amazonaws.com/photos/623383078/original.jpg,https://www.gbif.org/occurrence/6178763051
482,2,Lapsana communis,CC0,Barbara L. Wilson,iNaturalist,https://inaturalist-open-data.s3.amazonaws.com/photos/625400667/original.jpg,https://www.gbif.org/occurrence/6179216655
483,0,Larix occidentalis,CC_BY,Daniel Patterson,iNaturalist,https://inaturalist-open-data.s3.amazonaws.com/photos/645904935/original.jpg,https://www.gbif.org/occurrence/6234368829
483,1,Larix occidentalis,CC0,Jon Eilers,iNaturalist,https://inaturalist-open-data.s3.amazonaws.com/photos/671339317/original.jpg,https://www.gbif.org/occurrence/6352592472
483,2,Larix occidentalis,CC_BY,Peter Brastow,iNaturalist,https://inaturalist-open-data.s3.amazonaws.com/photos/703552188/original.jpg,https://www.gbif.org/occurrence/6470473126
484,0,Lathyrus holochlorus,CC_BY,Ed Alverson,iNaturalist,https://inaturalist-open-data.s3.amazonaws.com/photos/508978932/original.jpg,https://www.gbif.org/occurrence/5166974264
484,1,Lathyrus holochlorus,CC_BY,Ed Alverson,iNaturalist,https://inaturalist-open-data.s3.amazonaws.com/photos/508978084/original.jpg,https://www.gbif.org/occurrence/5167158330
484,2,Lathyrus holochlorus,CC_BY,Ed Alverson,iNaturalist,https://inaturalist-open-data.s3.amazonaws.com/photos/508978508/original.jpg,https://www.gbif.org/occurrence/5167342230
485,0,Lathyrus japonicus,CC0,Barbara L. Wilson,iNaturalist,https://inaturalist-open-data.s3.amazonaws.com/photos/633851835/original.jpg,https://www.gbif.org/occurrence/6187932653
485,1,Lathyrus japonicus,CC0,Barbara L. Wilson,iNaturalist,https://inaturalist-open-data.s3.amazonaws.com/photos/633851938/original.jpg,https://www.gbif.org/occurrence/6188118765
485,2,Lathyrus japonicus,CC0,Barbara L. Wilson,iNaturalist,https://inaturalist-open-data.s3.amazonaws.com/photos/633851834/original.jpg,https://www.gbif.org/occurrence/6188386829
486,0,Lathyrus lanszwertii,CC_BY,Adam Schneider,iNaturalist,https://inaturalist-open-data.s3.amazonaws.com/photos/660541282/original.jpg,https://www.gbif.org/occurrence/6320348306
486,1,Lathyrus lanszwertii,CC0,Barbara L. Wilson,iNaturalist,https://inaturalist-open-data.s3.amazonaws.com/photos/507093668/original.jpg,https://www.gbif.org/occurrence/5167905754
486,2,Lathyrus lanszwertii,CC0,Barbara L. Wilson,iNaturalist,https://inaturalist-open-data.s3.amazonaws.com/photos/507093231/original.jpg,https://www.gbif.org/occurrence/5168015302
487,0,Lathyrus latifolius,CC0,Max Farver,iNaturalist,https://inaturalist-open-data.s3.amazonaws.com/photos/663993632/original.jpg,https://www.gbif.org/occurrence/6353132042
487,1,Lathyrus latifolius,CC_BY,susanaber,iNaturalist,https://inaturalist-open-data.s3.amazonaws.com/photos/669930522/original.jpg,https://www.gbif.org/occurrence/6400453457
487,2,Lathyrus latifolius,CC_BY,Brodie Cass Talbott,iNaturalist,https://inaturalist-open-data.s3.amazonaws.com/photos/671302024/original.jpg,https://www.gbif.org/occurrence/6398654016
488,0,Lathyrus nevadensis,CC_BY,Ed Alverson,iNaturalist,https://inaturalist-open-data.s3.amazonaws.com/photos/641760738/original.jpg,https://www.gbif.org/occurrence/6234729907
488,1,Lathyrus nevadensis,CC_BY,Ed Alverson,iNaturalist,https://inaturalist-open-data.s3.amazonaws.com/photos/491976400/original.jpg,https://www.gbif.org/occurrence/5140458636
488,2,Lathyrus nevadensis,CC_BY,Adam Schneider,iNaturalist,https://inaturalist-open-data.s3.amazonaws.com/photos/386245901/original.jpg,https://www.gbif.org/occurrence/4891636618
489,0,Lathyrus pauciflorus,CC_BY,David Anderson,iNaturalist,https://inaturalist-open-data.s3.amazonaws.com/photos/505997203/original.jpg,https://www.gbif.org/occurrence/6131161149
489,1,Lathyrus pauciflorus,CC_BY,Adam Schneider,iNaturalist,https://inaturalist-open-data.s3.amazonaws.com/photos/271579508/original.jpeg,https://www.gbif.org/occurrence/4103211998
489,2,Lathyrus pauciflorus,CC_BY,Matt Berger,iNaturalist,https://inaturalist-open-data.s3.amazonaws.com/photos/118379717/original.jpeg,https://www.gbif.org/occurrence/3113272431
490,0,Lathyrus polyphyllus,CC_BY,Dee Shea Himes,iNaturalist,https://inaturalist-open-data.s3.amazonaws.com/photos/641575460/original.jpg,https://www.gbif.org/occurrence/6234281141
490,1,Lathyrus polyphyllus,CC0,Aaron Liston,iNaturalist,https://inaturalist-open-data.s3.amazonaws.com/photos/657730798/original.jpg,https://www.gbif.org/occurrence/6273312154
490,2,Lathyrus polyphyllus,CC_BY,Michele Karmartsang,iNaturalist,https://inaturalist-open-data.s3.amazonaws.com/photos/655173547/original.jpg,https://www.gbif.org/occurrence/6273465531
491,0,Lathyrus sphaericus,CC_BY,Parker James Lloyd,iNaturalist,https://inaturalist-open-data.s3.amazonaws.com/photos/650151193/original.jpg,https://www.gbif.org/occurrence/6252988988
491,1,Lathyrus sphaericus,CC_BY,Jeff Ward,iNaturalist,https://inaturalist-open-data.s3.amazonaws.com/photos/651192444/original.jpg,https://www.gbif.org/occurrence/6334703972
491,2,Lathyrus sphaericus,CC_BY,Parker James Lloyd,iNaturalist,https://inaturalist-open-data.s3.amazonaws.com/photos/650119482/original.jpg,https://www.gbif.org/occurrence/6470198961
492,0,Layia glandulosa,CC_BY,James H. Thomas,iNaturalist,https://inaturalist-open-data.s3.amazonaws.com/photos/501415612/original.jpeg,https://www.gbif.org/occurrence/5153145995
492,1,Layia glandulosa,CC_BY,rappman,iNaturalist,https://inaturalist-open-data.s3.amazonaws.com/photos/506006411/original.jpg,https://www.gbif.org/occurrence/5166861654
492,2,Layia glandulosa,CC_BY,Michael O'Loughlin,iNaturalist,https://inaturalist-open-data.s3.amazonaws.com/photos/510907676/original.jpg,https://www.gbif.org/occurrence/5167955270
493,0,Lepidium campestre,CC_BY,Kieran Hanrahan,iNaturalist,https://inaturalist-open-data.s3.amazonaws.com/photos/647406020/original.jpg,https://www.gbif.org/occurrence/6320093591
493,1,Lepidium campestre,CC0,Najah Bowlby,iNaturalist,https://inaturalist-open-data.s3.amazonaws.com/photos/492660749/original.jpeg,https://www.gbif.org/occurrence/5140401179
493,2,Lepidium campestre,CC0,Diego Blanco,iNaturalist,https://inaturalist-open-data.s3.amazonaws.com/photos/374609367/original.jpg,https://www.gbif.org/occurrence/4978413469
494,0,Lepidium draba,CC_BY,Michael O'Loughlin,iNaturalist,https://inaturalist-open-data.s3.amazonaws.com/photos/366096908/original.jpg,https://www.gbif.org/occurrence/4935661658
494,1,Lepidium draba,CC_BY,Brodie Cass Talbott,iNaturalist,https://inaturalist-open-data.s3.amazonaws.com/photos/389793601/original.jpeg,https://www.gbif.org/occurrence/6130994040
494,2,Lepidium draba,CC0,Bonnie Isaac,iNaturalist,https://inaturalist-open-data.s3.amazonaws.com/photos/302971708/original.jpg,https://www.gbif.org/occurrence/4165832078
495,0,Lepidium latifolium,CC_BY,RockCollector,iNaturalist,https://inaturalist-open-data.s3.amazonaws.com/photos/528738765/original.jpg,https://www.gbif.org/occurrence/5828252134
495,1,Lepidium latifolium,CC0,Michael A. Thaibinh,iNaturalist,https://inaturalist-open-data.s3.amazonaws.com/photos/550704246/original.jpg,https://www.gbif.org/occurrence/5759652147
495,2,Lepidium latifolium,CC0,Kate Manning,iNaturalist,https://inaturalist-open-data.s3.amazonaws.com/photos/407103592/original.jpeg,https://www.gbif.org/occurrence/4908349083
496,0,Lepidium perfoliatum,CC_BY,jjfeiler,iNaturalist,https://inaturalist-open-data.s3.amazonaws.com/photos/657375097/original.jpg,https://www.gbif.org/occurrence/6500359501
496,1,Lepidium perfoliatum,CC_BY,Kieran Hanrahan,iNaturalist,https://inaturalist-open-data.s3.amazonaws.com/photos/503607058/original.jpg,https://www.gbif.org/occurrence/5168031634
496,2,Lepidium perfoliatum,CC_BY,Daniel Patterson,iNaturalist,https://inaturalist-open-data.s3.amazonaws.com/photos/506374269/original.jpg,https://www.gbif.org/occurrence/5168133752
497,0,Leptosiphon bicolor,CC_BY,Dee Shea Himes,iNaturalist,https://inaturalist-open-data.s3.amazonaws.com/photos/630235343/original.jpg,https://www.gbif.org/occurrence/6519187348
497,1,Leptosiphon bicolor,CC_BY,Dee Shea Himes,iNaturalist,https://inaturalist-open-data.s3.amazonaws.com/photos/640243953/original.jpg,https://www.gbif.org/occurrence/6234850466
497,2,Leptosiphon bicolor,CC0,Barbara L. Wilson,iNaturalist,https://inaturalist-open-data.s3.amazonaws.com/photos/654526156/original.jpg,https://www.gbif.org/occurrence/6273327056
498,0,Leptosiphon nuttallii,CC_BY,Gabriel Campbell-Martinez,iNaturalist,https://inaturalist-open-data.s3.amazonaws.com/photos/537781761/original.jpg,https://www.gbif.org/occurrence/5231316460
498,1,Leptosiphon nuttallii,CC0,Tom Wainwright,iNaturalist,https://inaturalist-open-data.s3.amazonaws.com/photos/535234181/original.jpg,https://www.gbif.org/occurrence/5231717559
498,2,Leptosiphon nuttallii,CC0,Aaron Liston,iNaturalist,https://inaturalist-open-data.s3.amazonaws.com/photos/550345016/original.jpg,https://www.gbif.org/occurrence/5292228904
499,0,Leucanthemum vulgare,CC_BY,Jeff Ward,iNaturalist,https://inaturalist-open-data.s3.amazonaws.com/photos/608284012/original.jpg,https://www.gbif.org/occurrence/6131552838
499,1,Leucanthemum vulgare,CC0,Barbara L. Wilson,iNaturalist,https://inaturalist-open-data.s3.amazonaws.com/photos/622328765/original.jpg,https://www.gbif.org/occurrence/6179016597
499,2,Leucanthemum vulgare,CC0,Barbara L. Wilson,iNaturalist,https://inaturalist-open-data.s3.amazonaws.com/photos/643341698/original.jpg,https://www.gbif.org/occurrence/6235040936
500,0,Leucocrinum montanum,CC0,Paul McClellan,iNaturalist,https://inaturalist-open-data.s3.amazonaws.com/photos/653217180/original.jpg,https://www.gbif.org/occurrence/6251885957
500,1,Leucocrinum montanum,CC0,caseyhh,iNaturalist,https://inaturalist-open-data.s3.amazonaws.com/photos/660471854/original.jpg,https://www.gbif.org/occurrence/6320517545
500,2,Leucocrinum montanum,CC0,caseyhh,iNaturalist,https://inaturalist-open-data.s3.amazonaws.com/photos/663058264/original.jpg,https://www.gbif.org/occurrence/6520255132
501,0,Leucolepis acanthoneura,CC_BY,Zach Earl,iNaturalist,https://inaturalist-open-data.s3.amazonaws.com/photos/616660928/original.jpg,https://www.gbif.org/occurrence/6162941357
501,1,Leucolepis acanthoneura,CC_BY,Zach Earl,iNaturalist,https://inaturalist-open-data.s3.amazonaws.com/photos/616661176/original.jpg,https://www.gbif.org/occurrence/6162967964
501,2,Leucolepis acanthoneura,CC_BY,Zach Earl,iNaturalist,https://inaturalist-open-data.s3.amazonaws.com/photos/616660875/original.jpg,https://www.gbif.org/occurrence/6162981380
502,0,Leuzea repens,CC_BY,Daniel J. Layton,iNaturalist,https://inaturalist-open-data.s3.amazonaws.com/photos/550736798/original.jpg,https://www.gbif.org/occurrence/5291903323
502,1,Leuzea repens,CC_BY,Gabriel Campbell-Martinez,iNaturalist,https://inaturalist-open-data.s3.amazonaws.com/photos/428023393/original.jpeg,https://www.gbif.org/occurrence/5037155596
502,2,Leuzea repens,CC_BY,Gabriel Campbell-Martinez,iNaturalist,https://inaturalist-open-data.s3.amazonaws.com/photos/428023302/original.jpeg,https://www.gbif.org/occurrence/5036802266
503,0,Lewisia rediviva,CC_BY,Zach Earl,iNaturalist,https://inaturalist-open-data.s3.amazonaws.com/photos/616568674/original.jpg,https://www.gbif.org/occurrence/6163318704
503,1,Lewisia rediviva,CC_BY,Zach Earl,iNaturalist,https://inaturalist-open-data.s3.amazonaws.com/photos/616569374/original.jpg,https://www.gbif.org/occurrence/6163416077
503,2,Lewisia rediviva,CC_BY,James H. Thomas,iNaturalist,https://inaturalist-open-data.s3.amazonaws.com/photos/658073760/original.jpg,https://www.gbif.org/occurrence/6273172386
504,0,Leymus cinereus,CC_BY,Zach Earl,iNaturalist,https://inaturalist-open-data.s3.amazonaws.com/photos/616568542/original.jpg,https://www.gbif.org/occurrence/6162906425
504,1,Leymus cinereus,CC0,Barbara L. Wilson,iNaturalist,https://inaturalist-open-data.s3.amazonaws.com/photos/681926454/original.jpg,https://www.gbif.org/occurrence/6412931406
504,2,Leymus cinereus,CC_BY,Kieran Hanrahan,iNaturalist,https://inaturalist-open-data.s3.amazonaws.com/photos/503360214/original.jpg,https://www.gbif.org/occurrence/6130252647
505,0,Leymus mollis,CC0,Barbara L. Wilson,iNaturalist,https://inaturalist-open-data.s3.amazonaws.com/photos/608744275/original.jpg,https://www.gbif.org/occurrence/6130993287
505,1,Leymus mollis,CC0,Barbara L. Wilson,iNaturalist,https://inaturalist-open-data.s3.amazonaws.com/photos/625392012/original.jpg,https://www.gbif.org/occurrence/6179355110
505,2,Leymus mollis,CC_BY,Adam Schneider,iNaturalist,https://inaturalist-open-data.s3.amazonaws.com/photos/657496453/original.jpg,https://www.gbif.org/occurrence/6274122119
506,0,Leymus triticoides,CC0,Barbara L. Wilson,iNaturalist,https://inaturalist-open-data.s3.amazonaws.com/photos/681909736/original.jpg,https://www.gbif.org/occurrence/6469730836
506,1,Leymus triticoides,CC0,Barbara L. Wilson,iNaturalist,https://inaturalist-open-data.s3.amazonaws.com/photos/122447560/original.jpeg,https://www.gbif.org/occurrence/4507822469
506,2,Leymus triticoides,CC0,Barbara L. Wilson,iNaturalist,https://inaturalist-open-data.s3.amazonaws.com/photos/681909843/original.jpg,https://www.gbif.org/occurrence/6469730836
507,0,Ligusticum grayi,CC_BY,Adam Schneider,iNaturalist,https://inaturalist-open-data.s3.amazonaws.com/photos/535072489/original.jpg,https://www.gbif.org/occurrence/5292684375
507,1,Ligusticum grayi,CC_BY,Bryce,iNaturalist,https://inaturalist-open-data.s3.amazonaws.com/photos/409442051/original.jpeg,https://www.gbif.org/occurrence/4926290467
507,2,Ligusticum grayi,CC_BY,Adam Schneider,iNaturalist,https://inaturalist-open-data.s3.amazonaws.com/photos/419756360/original.jpeg,https://www.gbif.org/occurrence/4926046749
508,0,Lilium columbianum,CC_BY,Judi Sanders,iNaturalist,https://inaturalist-open-data.s3.amazonaws.com/photos/639304688/original.jpg,https://www.gbif.org/occurrence/6235243194
508,1,Lilium columbianum,CC_BY,Gail A Baker,iNaturalist,https://inaturalist-open-data.s3.amazonaws.com/photos/648205078/original.jpg,https://www.gbif.org/occurrence/6235515706
508,2,Lilium columbianum,CC_BY,Ed Alverson,iNaturalist,https://inaturalist-open-data.s3.amazonaws.com/photos/641759931/original.jpg,https://www.gbif.org/occurrence/6235881714
509,0,Lilium pardalinum,CC_BY,Dee Shea Himes,iNaturalist,https://inaturalist-open-data.s3.amazonaws.com/photos/674874033/original.jpg,https://www.gbif.org/occurrence/6399447627
509,1,Lilium pardalinum,CC_BY,Dee Shea Himes,iNaturalist,https://inaturalist-open-data.s3.amazonaws.com/photos/686241240/original.jpg,https://www.gbif.org/occurrence/6422077697
509,2,Lilium pardalinum,CC_BY,Dee Shea Himes,iNaturalist,https://inaturalist-open-data.s3.amazonaws.com/photos/686622300/original.jpg,https://www.gbif.org/occurrence/6422403506
510,0,Lilium washingtonianum,CC_BY,Rachel Werling,iNaturalist,https://inaturalist-open-data.s3.amazonaws.com/photos/666908880/original.jpg,https://www.gbif.org/occurrence/6353087955
510,1,Lilium washingtonianum,CC_BY,Dee Shea Himes,iNaturalist,https://inaturalist-open-data.s3.amazonaws.com/photos/684196863/original.jpg,https://www.gbif.org/occurrence/6422047549
510,2,Lilium washingtonianum,CC_BY,Dee Shea Himes,iNaturalist,https://inaturalist-open-data.s3.amazonaws.com/photos/686557249/original.jpg,https://www.gbif.org/occurrence/6423189413
511,0,Linanthus pungens,CC_BY,Hank Raizen,iNaturalist,https://inaturalist-open-data.s3.amazonaws.com/photos/684407733/original.jpg,https://www.gbif.org/occurrence/6422438978
511,1,Linanthus pungens,CC_BY,Jess Mullins,iNaturalist,https://inaturalist-open-data.s3.amazonaws.com/photos/527931027/original.jpg,https://www.gbif.org/occurrence/5217133472
511,2,Linanthus pungens,CC_BY,Hannah K. Maielua,iNaturalist,https://inaturalist-open-data.s3.amazonaws.com/photos/532669130/original.jpg,https://www.gbif.org/occurrence/5215910129
512,0,Linaria dalmatica,CC_BY,Hannah K. Maielua,iNaturalist,https://inaturalist-open-data.s3.amazonaws.com/photos/622975236/original.jpg,https://www.gbif.org/occurrence/6185520021
512,1,Linaria dalmatica,CC0,caseyhh,iNaturalist,https://inaturalist-open-data.s3.amazonaws.com/photos/681765969/original.jpg,https://www.gbif.org/occurrence/6413939419
512,2,Linaria dalmatica,CC_BY,John Clonce,iNaturalist,https://inaturalist-open-data.s3.amazonaws.com/photos/696161603/original.jpg,https://www.gbif.org/occurrence/6442054322
513,0,Linaria vulgaris,CC0,Jonathan Whitaker,iNaturalist,https://inaturalist-open-data.s3.amazonaws.com/photos/713852944/original.jpg,https://www.gbif.org/occurrence/6479738797
513,1,Linaria vulgaris,CC0,Krista Maxwell,iNaturalist,https://inaturalist-open-data.s3.amazonaws.com/photos/507133366/original.jpg,https://www.gbif.org/occurrence/5889285864
513,2,Linaria vulgaris,CC_BY,Jeff Ward,iNaturalist,https://inaturalist-open-data.s3.amazonaws.com/photos/564354662/original.jpg,https://www.gbif.org/occurrence/5827630430
514,0,Linnaea borealis,CC_BY,Judi Sanders,iNaturalist,https://inaturalist-open-data.s3.amazonaws.com/photos/641648092/original.jpg,https://www.gbif.org/occurrence/6234316147
514,1,Linnaea borealis,CC_BY,Daniel Patterson,iNaturalist,https://inaturalist-open-data.s3.amazonaws.com/photos/645906995/original.jpg,https://www.gbif.org/occurrence/6235765897
514,2,Linnaea borealis,CC_BY,Judi Sanders,iNaturalist,https://inaturalist-open-data.s3.amazonaws.com/photos/647111817/original.jpg,https://www.gbif.org/occurrence/6413410767
515,0,Linum bienne,CC0,Barbara L. Wilson,iNaturalist,https://inaturalist-open-data.s3.amazonaws.com/photos/673626707/original.jpg,https://www.gbif.org/occurrence/6399359496
515,1,Linum bienne,CC_BY,Ed Alverson,iNaturalist,https://inaturalist-open-data.s3.amazonaws.com/photos/696803725/original.jpg,https://www.gbif.org/occurrence/6441054967
515,2,Linum bienne,CC0,Aaron Liston,iNaturalist,https://inaturalist-open-data.s3.amazonaws.com/photos/494877718/original.jpg,https://www.gbif.org/occurrence/5140713295
516,0,Linum lewisii,CC0,Drew Meyer,iNaturalist,https://inaturalist-open-data.s3.amazonaws.com/photos/663646245/original.jpg,https://www.gbif.org/occurrence/6334446075
516,1,Linum lewisii,CC0,Kate Manning,iNaturalist,https://inaturalist-open-data.s3.amazonaws.com/photos/678670668/original.jpg,https://www.gbif.org/occurrence/6399062236
516,2,Linum lewisii,CC_BY,Dee Shea Himes,iNaturalist,https://inaturalist-open-data.s3.amazonaws.com/photos/679064339/original.jpg,https://www.gbif.org/occurrence/6400305639
517,0,Lithophragma glabrum,CC_BY,John Leszczynski,iNaturalist,https://inaturalist-open-data.s3.amazonaws.com/photos/617636856/original.jpg,https://www.gbif.org/occurrence/6162939557
517,1,Lithophragma glabrum,CC_BY,Zach Earl,iNaturalist,https://inaturalist-open-data.s3.amazonaws.com/photos/616829612/original.jpg,https://www.gbif.org/occurrence/6163127574
517,2,Lithophragma glabrum,CC_BY,Zach Earl,iNaturalist,https://inaturalist-open-data.s3.amazonaws.com/photos/616829532/original.jpg,https://www.gbif.org/occurrence/6163133380
518,0,Lithophragma parviflorum,CC_BY,Dee Shea Himes,iNaturalist,https://inaturalist-open-data.s3.amazonaws.com/photos/627883754/original.jpg,https://www.gbif.org/occurrence/6185095890
518,1,Lithophragma parviflorum,CC_BY,Ed Alverson,iNaturalist,https://inaturalist-open-data.s3.amazonaws.com/photos/626074160/original.jpg,https://www.gbif.org/occurrence/6185349062
518,2,Lithophragma parviflorum,CC0,Barbara L. Wilson,iNaturalist,https://inaturalist-open-data.s3.amazonaws.com/photos/630198859/original.jpg,https://www.gbif.org/occurrence/6352386576
519,0,Lithospermum ruderale,CC_BY,Daniel Patterson,iNaturalist,https://inaturalist-open-data.s3.amazonaws.com/photos/644596395/original.jpg,https://www.gbif.org/occurrence/6234222092
519,1,Lithospermum ruderale,CC0,Drew Meyer,iNaturalist,https://inaturalist-open-data.s3.amazonaws.com/photos/641750783/original.jpg,https://www.gbif.org/occurrence/6236292067
519,2,Lithospermum ruderale,CC_BY,Michael O'Loughlin,iNaturalist,https://inaturalist-open-data.s3.amazonaws.com/photos/657375754/original.jpg,https://www.gbif.org/occurrence/6274297785
520,0,Lolium arundinaceum,CC_BY,Jeff Ward,iNaturalist,https://inaturalist-open-data.s3.amazonaws.com/photos/649731068/original.jpg,https://www.gbif.org/occurrence/6252110273
520,1,Lolium arundinaceum,CC_BY,Ed Alverson,iNaturalist,https://inaturalist-open-data.s3.amazonaws.com/photos/681201490/original.jpg,https://www.gbif.org/occurrence/6413735096
520,2,Lolium arundinaceum,CC0,Barbara L. Wilson,iNaturalist,https://inaturalist-open-data.s3.amazonaws.com/photos/692502936/original.jpg,https://www.gbif.org/occurrence/6430932764
521,0,Lolium perenne,CC0,Barbara L. Wilson,iNaturalist,https://inaturalist-open-data.s3.amazonaws.com/photos/658942327/original.jpg,https://www.gbif.org/occurrence/6398559972
521,1,Lolium perenne,CC_BY,Aden Sommerville,iNaturalist,https://inaturalist-open-data.s3.amazonaws.com/photos/676299808/original.jpg,https://www.gbif.org/occurrence/6399229977
521,2,Lolium perenne,CC0,Barbara L. Wilson,iNaturalist,https://inaturalist-open-data.s3.amazonaws.com/photos/678620953/original.jpg,https://www.gbif.org/occurrence/6413291097
522,0,Lomatium bicolor,CC_BY,James H. Thomas,iNaturalist,https://inaturalist-open-data.s3.amazonaws.com/photos/501219939/original.jpeg,https://www.gbif.org/occurrence/5167040054
522,1,Lomatium bicolor,CC_BY,Adam Schneider,iNaturalist,https://inaturalist-open-data.s3.amazonaws.com/photos/191251581/original.jpg,https://www.gbif.org/occurrence/4112067365
522,2,Lomatium bicolor,CC_BY,Adam Schneider,iNaturalist,https://inaturalist-open-data.s3.amazonaws.com/photos/206887490/original.jpg,https://www.gbif.org/occurrence/3859510208
523,0,Lomatium columbianum,CC_BY,Zach Earl,iNaturalist,https://inaturalist-open-data.s3.amazonaws.com/photos/616796380/original.jpg,https://www.gbif.org/occurrence/6162806275
523,1,Lomatium columbianum,CC_BY,John Leszczynski,iNaturalist,https://inaturalist-open-data.s3.amazonaws.com/photos/617636597/original.jpg,https://www.gbif.org/occurrence/6163005045
523,2,Lomatium columbianum,CC_BY,Zach Earl,iNaturalist,https://inaturalist-open-data.s3.amazonaws.com/photos/616796374/original.jpg,https://www.gbif.org/occurrence/6163013865
524,0,Lomatium cous,CC0,Barbara L. Wilson,iNaturalist,https://inaturalist-open-data.s3.amazonaws.com/photos/630444519/original.jpg,https://www.gbif.org/occurrence/6187920402
524,1,Lomatium cous,CC0,Barbara L. Wilson,iNaturalist,https://inaturalist-open-data.s3.amazonaws.com/photos/630445866/original.jpg,https://www.gbif.org/occurrence/6187990574
524,2,Lomatium cous,CC0,Barbara L. Wilson,iNaturalist,https://inaturalist-open-data.s3.amazonaws.com/photos/630460493/original.jpg,https://www.gbif.org/occurrence/6188117470
525,0,Lomatium dissectum,CC_BY,Kieran Hanrahan,iNaturalist,https://inaturalist-open-data.s3.amazonaws.com/photos/622669620/original.jpg,https://www.gbif.org/occurrence/6178903598
525,1,Lomatium dissectum,CC_BY,Jeff Ward,iNaturalist,https://inaturalist-open-data.s3.amazonaws.com/photos/628648926/original.jpg,https://www.gbif.org/occurrence/6185855477
525,2,Lomatium dissectum,CC0,Barbara L. Wilson,iNaturalist,https://inaturalist-open-data.s3.amazonaws.com/photos/627406756/original.jpg,https://www.gbif.org/occurrence/6185865890
526,0,Lomatium hallii,CC_BY,Dee Shea Himes,iNaturalist,https://inaturalist-open-data.s3.amazonaws.com/photos/623264891/original.jpg,https://www.gbif.org/occurrence/6178344553
526,1,Lomatium hallii,CC_BY,Jeff Ward,iNaturalist,https://inaturalist-open-data.s3.amazonaws.com/photos/628650734/original.jpg,https://www.gbif.org/occurrence/6185125782
526,2,Lomatium hallii,CC_BY,Jeff Ward,iNaturalist,https://inaturalist-open-data.s3.amazonaws.com/photos/628649878/original.jpg,https://www.gbif.org/occurrence/6185903445
527,0,Lomatium macrocarpum,CC_BY,Zach Earl,iNaturalist,https://inaturalist-open-data.s3.amazonaws.com/photos/616796312/original.jpg,https://www.gbif.org/occurrence/6162908035
527,1,Lomatium macrocarpum,CC_BY,John Leszczynski,iNaturalist,https://inaturalist-open-data.s3.amazonaws.com/photos/617636678/original.jpg,https://www.gbif.org/occurrence/6162999789
527,2,Lomatium macrocarpum,CC_BY,Zach Earl,iNaturalist,https://inaturalist-open-data.s3.amazonaws.com/photos/616774085/original.jpg,https://www.gbif.org/occurrence/6163258717
528,0,Lomatium martindalei,CC_BY,Judi Sanders,iNaturalist,https://inaturalist-open-data.s3.amazonaws.com/photos/635793557/original.jpg,https://www.gbif.org/occurrence/6195827706
528,1,Lomatium martindalei,CC0,Aaron Liston,iNaturalist,https://inaturalist-open-data.s3.amazonaws.com/photos/664716483/original.jpg,https://www.gbif.org/occurrence/6334424005
528,2,Lomatium martindalei,CC0,Aaron Liston,iNaturalist,https://inaturalist-open-data.s3.amazonaws.com/photos/664729621/original.jpg,https://www.gbif.org/occurrence/6334468341
529,0,Lomatium nevadense,CC_BY,Adam Schneider,iNaturalist,https://inaturalist-open-data.s3.amazonaws.com/photos/382830690/original.jpg,https://www.gbif.org/occurrence/6129942912
529,1,Lomatium nevadense,CC_BY,James H. Thomas,iNaturalist,https://inaturalist-open-data.s3.amazonaws.com/photos/262444291/original.jpeg,https://www.gbif.org/occurrence/4507573798
529,2,Lomatium nevadense,CC_BY,James H. Thomas,iNaturalist,https://inaturalist-open-data.s3.amazonaws.com/photos/262149752/original.jpg,https://www.gbif.org/occurrence/5086955872
530,0,Lomatium nudicaule,CC0,Barbara L. Wilson,iNaturalist,https://inaturalist-open-data.s3.amazonaws.com/photos/630786710/original.jpg,https://www.gbif.org/occurrence/6184951739
530,1,Lomatium nudicaule,CC0,Barbara L. Wilson,iNaturalist,https://inaturalist-open-data.s3.amazonaws.com/photos/630447605/original.jpg,https://www.gbif.org/occurrence/6188192711
530,2,Lomatium nudicaule,CC0,Barbara L. Wilson,iNaturalist,https://inaturalist-open-data.s3.amazonaws.com/photos/630785085/original.jpg,https://www.gbif.org/occurrence/6188298742
531,0,Lomatium papilioniferum,CC_BY,John Leszczynski,iNaturalist,https://inaturalist-open-data.s3.amazonaws.com/photos/617997942/original.jpg,https://www.gbif.org/occurrence/6399443843
531,1,Lomatium papilioniferum,CC_BY,Jeff Ward,iNaturalist,https://inaturalist-open-data.s3.amazonaws.com/photos/625542477/original.jpg,https://www.gbif.org/occurrence/6185119412
531,2,Lomatium papilioniferum,CC_BY,Daniel Patterson,iNaturalist,https://inaturalist-open-data.s3.amazonaws.com/photos/627415162/original.jpg,https://www.gbif.org/occurrence/6185150191
532,0,Lomatium triternatum,CC_BY,Jeff Ward,iNaturalist,https://inaturalist-open-data.s3.amazonaws.com/photos/627817933/original.jpg,https://www.gbif.org/occurrence/6185147106
532,1,Lomatium triternatum,CC0,Kate Manning,iNaturalist,https://inaturalist-open-data.s3.amazonaws.com/photos/646668814/original.jpg,https://www.gbif.org/occurrence/6252644320
532,2,Lomatium triternatum,CC_BY,Daniel Patterson,iNaturalist,https://inaturalist-open-data.s3.amazonaws.com/photos/648744490/original.jpg,https://www.gbif.org/occurrence/6252898768
533,0,Lomatium utriculatum,CC0,Kate Manning,iNaturalist,https://inaturalist-open-data.s3.amazonaws.com/photos/619871633/original.jpg,https://www.gbif.org/occurrence/6171038633
533,1,Lomatium utriculatum,CC0,Drew Meyer,iNaturalist,https://inaturalist-open-data.s3.amazonaws.com/photos/626200367/original.jpg,https://www.gbif.org/occurrence/6185063067
533,2,Lomatium utriculatum,CC0,Barbara L. Wilson,iNaturalist,https://inaturalist-open-data.s3.amazonaws.com/photos/633600850/original.jpg,https://www.gbif.org/occurrence/6188040877
534,0,Lonicera ciliosa,CC_BY,Ryan McMinds,iNaturalist,https://inaturalist-open-data.s3.amazonaws.com/photos/622690223/original.jpg,https://www.gbif.org/occurrence/6413415352
534,1,Lonicera ciliosa,CC_BY,Tser,iNaturalist,https://inaturalist-open-data.s3.amazonaws.com/photos/638013339/original.jpg,https://www.gbif.org/occurrence/6235970735
534,2,Lonicera ciliosa,CC_BY,Brodie Cass Talbott,iNaturalist,https://inaturalist-open-data.s3.amazonaws.com/photos/650454716/original.jpg,https://www.gbif.org/occurrence/6251476594
535,0,Lonicera hispidula,CC_BY,Ryan McMinds,iNaturalist,https://inaturalist-open-data.s3.amazonaws.com/photos/622684547/original.jpg,https://www.gbif.org/occurrence/6431319907
535,1,Lonicera hispidula,CC_BY,Judi Sanders,iNaturalist,https://inaturalist-open-data.s3.amazonaws.com/photos/625906741/original.jpg,https://www.gbif.org/occurrence/6431860761
535,2,Lonicera hispidula,CC0,Barbara L. Wilson,iNaturalist,https://inaturalist-open-data.s3.amazonaws.com/photos/627359830/original.jpg,https://www.gbif.org/occurrence/6440951073
536,0,Lonicera involucrata,CC0,Barbara L. Wilson,iNaturalist,https://inaturalist-open-data.s3.amazonaws.com/photos/625252157/original.jpg,https://www.gbif.org/occurrence/6178626991
536,1,Lonicera involucrata,CC_BY,Judi Sanders,iNaturalist,https://inaturalist-open-data.s3.amazonaws.com/photos/621896046/original.jpg,https://www.gbif.org/occurrence/6178750844
536,2,Lonicera involucrata,CC0,Barbara L. Wilson,iNaturalist,https://inaturalist-open-data.s3.amazonaws.com/photos/620872674/original.jpg,https://www.gbif.org/occurrence/6178837362
537,0,Lotus corniculatus,CC_BY,Michael O'Loughlin,iNaturalist,https://inaturalist-open-data.s3.amazonaws.com/photos/667974460/original.jpg,https://www.gbif.org/occurrence/6352886826
537,1,Lotus corniculatus,CC_BY,Parker James Lloyd,iNaturalist,https://inaturalist-open-data.s3.amazonaws.com/photos/696434940/original.jpg,https://www.gbif.org/occurrence/6470469891
537,2,Lotus corniculatus,CC0,Barbara L. Wilson,iNaturalist,https://inaturalist-open-data.s3.amazonaws.com/photos/722312163/original.jpg,https://www.gbif.org/occurrence/6498276898
538,0,Lotus pedunculatus,CC_BY,Therese Phillips,iNaturalist,https://inaturalist-open-data.s3.amazonaws.com/photos/681277823/original.jpg,https://www.gbif.org/occurrence/6413174510
538,1,Lotus pedunculatus,CC_BY,Therese Phillips,iNaturalist,https://inaturalist-open-data.s3.amazonaws.com/photos/681276337/original.jpg,https://www.gbif.org/occurrence/6413406396
538,2,Lotus pedunculatus,CC_BY,Brodie Cass Talbott,iNaturalist,https://inaturalist-open-data.s3.amazonaws.com/photos/689815775/original.jpg,https://www.gbif.org/occurrence/6431818965
539,0,Luetkea pectinata,CC_BY,RockCollector,iNaturalist,https://inaturalist-open-data.s3.amazonaws.com/photos/666528501/original.jpg,https://www.gbif.org/occurrence/6333917989
539,1,Luetkea pectinata,CC0,Aaron Liston,iNaturalist,https://inaturalist-open-data.s3.amazonaws.com/photos/682732038/original.jpg,https://www.gbif.org/occurrence/6414034056
539,2,Luetkea pectinata,CC_BY,Sam Bucciarelli,iNaturalist,https://inaturalist-open-data.s3.amazonaws.com/photos/700767963/original.jpg,https://www.gbif.org/occurrence/6451850394
540,0,Lunaria annua,CC_BY,Aden Sommerville,iNaturalist,https://inaturalist-open-data.s3.amazonaws.com/photos/630175086/original.jpg,https://www.gbif.org/occurrence/6185052790
540,1,Lunaria annua,CC_BY,Jeff Ward,iNaturalist,https://inaturalist-open-data.s3.amazonaws.com/photos/631067955/original.jpg,https://www.gbif.org/occurrence/6185091530
540,2,Lunaria annua,CC_BY,Kieran Hanrahan,iNaturalist,https://inaturalist-open-data.s3.amazonaws.com/photos/630561591/original.jpg,https://www.gbif.org/occurrence/6185222735
541,0,Lunularia cruciata,CC0,Deniz Wilson,iNaturalist,https://inaturalist-open-data.s3.amazonaws.com/photos/607059967/original.jpg,https://www.gbif.org/occurrence/6130174285
541,1,Lunularia cruciata,CC0,Barbara L. Wilson,iNaturalist,https://inaturalist-open-data.s3.amazonaws.com/photos/615067513/original.jpg,https://www.gbif.org/occurrence/6159159569
541,2,Lunularia cruciata,CC_BY,Jeff Ward,iNaturalist,https://inaturalist-open-data.s3.amazonaws.com/photos/621971114/original.jpg,https://www.gbif.org/occurrence/6178737593
542,0,Lupinus albicaulis,CC_BY,Judi Sanders,iNaturalist,https://inaturalist-open-data.s3.amazonaws.com/photos/370161367/original.jpg,https://www.gbif.org/occurrence/5069717201
542,1,Lupinus albicaulis,CC0,Kate Manning,iNaturalist,https://inaturalist-open-data.s3.amazonaws.com/photos/285089710/original.jpg,https://www.gbif.org/occurrence/4129669673
542,2,Lupinus albicaulis,CC0,Aaron Liston,iNaturalist,https://inaturalist-open-data.s3.amazonaws.com/photos/284482418/original.jpg,https://www.gbif.org/occurrence/5104241934
543,0,Lupinus albifrons,CC_BY,Adam Schneider,iNaturalist,https://inaturalist-open-data.s3.amazonaws.com/photos/657816133/original.jpg,https://www.gbif.org/occurrence/6274141873
543,1,Lupinus albifrons,CC_BY,Rodamu,iNaturalist,https://inaturalist-open-data.s3.amazonaws.com/photos/120065854/original.jpg,https://www.gbif.org/occurrence/4516298498
543,2,Lupinus albifrons,CC_BY,Rodamu,iNaturalist,https://inaturalist-open-data.s3.amazonaws.com/photos/126765580/original.jpg,https://www.gbif.org/occurrence/3892379347
544,0,Lupinus arboreus,CC0,Barbara L. Wilson,iNaturalist,https://inaturalist-open-data.s3.amazonaws.com/photos/621640341/original.jpg,https://www.gbif.org/occurrence/6179452227
544,1,Lupinus arboreus,CC0,Nancy Clogston,iNaturalist,https://inaturalist-open-data.s3.amazonaws.com/photos/651807337/original.jpg,https://www.gbif.org/occurrence/6400292643
544,2,Lupinus arboreus,CC0,Barbara L. Wilson,iNaturalist,https://inaturalist-open-data.s3.amazonaws.com/photos/688236039/original.jpg,https://www.gbif.org/occurrence/6422404605
545,0,Lupinus arbustus,CC_BY,James H. Thomas,iNaturalist,https://inaturalist-open-data.s3.amazonaws.com/photos/657320696/original.jpg,https://www.gbif.org/occurrence/6273379563
545,1,Lupinus arbustus,CC0,Deniz Wilson,iNaturalist,https://inaturalist-open-data.s3.amazonaws.com/photos/497872726/original.jpeg,https://www.gbif.org/occurrence/5154853556
545,2,Lupinus arbustus,CC_BY,Lia Keener,iNaturalist,https://inaturalist-open-data.s3.amazonaws.com/photos/525908970/original.jpg,https://www.gbif.org/occurrence/5935303329
546,0,Lupinus argenteus,CC_BY,Steve Matson,iNaturalist,https://inaturalist-open-data.s3.amazonaws.com/photos/533224121/original.jpg,https://www.gbif.org/occurrence/5920087898
546,1,Lupinus argenteus,CC0,Paul McClellan,iNaturalist,https://inaturalist-open-data.s3.amazonaws.com/photos/393522661/original.jpg,https://www.gbif.org/occurrence/4911060110
546,2,Lupinus argenteus,CC_BY,Brodie Cass Talbott,iNaturalist,https://inaturalist-open-data.s3.amazonaws.com/photos/309896992/original.jpeg,https://www.gbif.org/occurrence/4400077983
547,0,Lupinus aridus,CC_BY,Parker James Lloyd,iNaturalist,https://inaturalist-open-data.s3.amazonaws.com/photos/696972464/original.jpg,https://www.gbif.org/occurrence/6441890435
547,1,Lupinus aridus,CC_BY,Parker James Lloyd,iNaturalist,https://inaturalist-open-data.s3.amazonaws.com/photos/696969140/original.jpg,https://www.gbif.org/occurrence/6441928592
547,2,Lupinus aridus,CC_BY,Parker James Lloyd,iNaturalist,https://inaturalist-open-data.s3.amazonaws.com/photos/696968958/original.jpg,https://www.gbif.org/occurrence/6441958000
548,0,Lupinus bicolor,CC_BY,Rodamu,iNaturalist,https://inaturalist-open-data.s3.amazonaws.com/photos/630508277/original.jpg,https://www.gbif.org/occurrence/6252530026
548,1,Lupinus bicolor,CC0,Barbara L. Wilson,iNaturalist,https://inaturalist-open-data.s3.amazonaws.com/photos/636891352/original.jpg,https://www.gbif.org/occurrence/6195261533
548,2,Lupinus bicolor,CC_BY,Tser,iNaturalist,https://inaturalist-open-data.s3.amazonaws.com/photos/638682308/original.jpg,https://www.gbif.org/occurrence/6234383449
549,0,Lupinus caudatus,CC0,Tom Wainwright,iNaturalist,https://inaturalist-open-data.s3.amazonaws.com/photos/76461837/original.jpg,https://www.gbif.org/occurrence/3039142507
549,1,Lupinus caudatus,CC0,Tom Wainwright,iNaturalist,https://inaturalist-open-data.s3.amazonaws.com/photos/79044544/original.jpg,https://www.gbif.org/occurrence/6147392418
549,2,Lupinus caudatus,CC0,Morgan Stickrod,iNaturalist,https://inaturalist-open-data.s3.amazonaws.com/photos/87463098/original.jpeg,https://www.gbif.org/occurrence/2826237986
550,0,Lupinus latifolius,CC_BY,Sam Leininger,iNaturalist,https://inaturalist-open-data.s3.amazonaws.com/photos/519614428/original.jpg,https://www.gbif.org/occurrence/5199076863
550,1,Lupinus latifolius,CC0,Sean Haight,iNaturalist,https://inaturalist-open-data.s3.amazonaws.com/photos/212150042/original.jpeg,https://www.gbif.org/occurrence/3902023203
550,2,Lupinus latifolius,CC0,Sean Haight,iNaturalist,https://inaturalist-open-data.s3.amazonaws.com/photos/216659403/original.jpeg,https://www.gbif.org/occurrence/4080509432
551,0,Lupinus lepidus,CC0,Aaron Liston,iNaturalist,https://inaturalist-open-data.s3.amazonaws.com/photos/682742825/original.jpg,https://www.gbif.org/occurrence/6422926915
551,1,Lupinus lepidus,CC_BY,jonsense,iNaturalist,https://inaturalist-open-data.s3.amazonaws.com/photos/688177775/original.jpg,https://www.gbif.org/occurrence/6498777472
551,2,Lupinus lepidus,CC_BY,harrii,iNaturalist,https://inaturalist-open-data.s3.amazonaws.com/photos/697634741/original.jpg,https://www.gbif.org/occurrence/6452207689
552,0,Lupinus leucophyllus,CC_BY,Daniel Patterson,iNaturalist,https://inaturalist-open-data.s3.amazonaws.com/photos/648745189/original.jpg,https://www.gbif.org/occurrence/6251768355
552,1,Lupinus leucophyllus,CC0,Tom Wainwright,iNaturalist,https://inaturalist-open-data.s3.amazonaws.com/photos/685762959/original.jpg,https://www.gbif.org/occurrence/6423043882
552,2,Lupinus leucophyllus,CC_BY,Daniel Patterson,iNaturalist,https://inaturalist-open-data.s3.amazonaws.com/photos/711522229/original.jpg,https://www.gbif.org/occurrence/6520207854
553,0,Lupinus littoralis,CC0,Barbara L. Wilson,iNaturalist,https://inaturalist-open-data.s3.amazonaws.com/photos/625235013/original.jpg,https://www.gbif.org/occurrence/6235616627
553,1,Lupinus littoralis,CC_BY,Judi Sanders,iNaturalist,https://inaturalist-open-data.s3.amazonaws.com/photos/642691179/original.jpg,https://www.gbif.org/occurrence/6234432839
553,2,Lupinus littoralis,CC0,Stephanie McFarlane,iNaturalist,https://inaturalist-open-data.s3.amazonaws.com/photos/635031571/original.jpg,https://www.gbif.org/occurrence/6235193774
554,0,Lupinus oreganus,CC0,Kate Manning,iNaturalist,https://inaturalist-open-data.s3.amazonaws.com/photos/651179528/original.jpg,https://www.gbif.org/occurrence/6251628531
554,1,Lupinus oreganus,CC_BY,Judi Sanders,iNaturalist,https://inaturalist-open-data.s3.amazonaws.com/photos/651057426/original.jpg,https://www.gbif.org/occurrence/6352708550
554,2,Lupinus oreganus,CC0,Barbara L. Wilson,iNaturalist,https://inaturalist-open-data.s3.amazonaws.com/photos/510864218/original.jpg,https://www.gbif.org/occurrence/5168050248
555,0,Lupinus polyphyllus,CC_BY,Aden Sommerville,iNaturalist,https://inaturalist-open-data.s3.amazonaws.com/photos/627782970/original.jpg,https://www.gbif.org/occurrence/6184923916
555,1,Lupinus polyphyllus,CC_BY,Sue Ann Kendall,iNaturalist,https://inaturalist-open-data.s3.amazonaws.com/photos/638207422/original.jpg,https://www.gbif.org/occurrence/6236047879
555,2,Lupinus polyphyllus,CC_BY,Michele Karmartsang,iNaturalist,https://inaturalist-open-data.s3.amazonaws.com/photos/656808865/original.jpg,https://www.gbif.org/occurrence/6273343006
556,0,Lupinus rivularis,CC_BY,Alice Pence,iNaturalist,https://inaturalist-open-data.s3.amazonaws.com/photos/621360446/original.jpg,https://www.gbif.org/occurrence/6186071407
556,1,Lupinus rivularis,CC0,Max Farver,iNaturalist,https://inaturalist-open-data.s3.amazonaws.com/photos/642553184/original.jpg,https://www.gbif.org/occurrence/6234674799
556,2,Lupinus rivularis,CC_BY,Sue Ann Kendall,iNaturalist,https://inaturalist-open-data.s3.amazonaws.com/photos/638221019/original.jpg,https://www.gbif.org/occurrence/6234939748
557,0,Lupinus saxosus,CC0,Deniz Wilson,iNaturalist,https://inaturalist-open-data.s3.amazonaws.com/photos/498468108/original.jpeg,https://www.gbif.org/occurrence/5153182394
557,1,Lupinus saxosus,CC_BY,Mark Pollock,iNaturalist,https://inaturalist-open-data.s3.amazonaws.com/photos/383919191/original.jpg,https://www.gbif.org/occurrence/4921642750
557,2,Lupinus saxosus,CC_BY,Daniel Kennedy,iNaturalist,https://inaturalist-open-data.s3.amazonaws.com/photos/282945587/original.jpg,https://www.gbif.org/occurrence/4516161276
558,0,Lupinus sellulus,CC_BY,Adam Schneider,iNaturalist,https://inaturalist-open-data.s3.amazonaws.com/photos/521146206/original.jpg,https://www.gbif.org/occurrence/5892367062
558,1,Lupinus sellulus,CC_BY,Parker James Lloyd,iNaturalist,https://inaturalist-open-data.s3.amazonaws.com/photos/556209767/original.jpg,https://www.gbif.org/occurrence/6131494899
558,2,Lupinus sellulus,CC_BY,Nate Martineau,iNaturalist,https://inaturalist-open-data.s3.amazonaws.com/photos/309847333/original.jpg,https://www.gbif.org/occurrence/4516348733
559,0,Lupinus sericeus,CC_BY,Ed Alverson,iNaturalist,https://inaturalist-open-data.s3.amazonaws.com/photos/459600489/original.jpeg,https://www.gbif.org/occurrence/5007643271
559,1,Lupinus sericeus,CC0,Barbara L. Wilson,iNaturalist,https://inaturalist-open-data.s3.amazonaws.com/photos/197300636/original.jpeg,https://www.gbif.org/occurrence/3784988643
559,2,Lupinus sericeus,CC0,Barbara L. Wilson,iNaturalist,https://inaturalist-open-data.s3.amazonaws.com/photos/122251403/original.jpeg,https://www.gbif.org/occurrence/3108999530
560,0,Luzula comosa,CC0,Aaron Liston,iNaturalist,https://inaturalist-open-data.s3.amazonaws.com/photos/664718158/original.jpg,https://www.gbif.org/occurrence/6334658514
560,1,Luzula comosa,CC0,Barbara L. Wilson,iNaturalist,https://inaturalist-open-data.s3.amazonaws.com/photos/486815981/original.jpeg,https://www.gbif.org/occurrence/6147319038
560,2,Luzula comosa,CC0,Barbara L. Wilson,iNaturalist,https://inaturalist-open-data.s3.amazonaws.com/photos/486815875/original.jpeg,https://www.gbif.org/occurrence/6147505449
561,0,Luzula parviflora,CC_BY,Jeff Ward,iNaturalist,https://inaturalist-open-data.s3.amazonaws.com/photos/636345544/original.jpg,https://www.gbif.org/occurrence/6195671117
561,1,Luzula parviflora,CC_BY,Ed Alverson,iNaturalist,https://inaturalist-open-data.s3.amazonaws.com/photos/511562442/original.jpg,https://www.gbif.org/occurrence/5177097878
561,2,Luzula parviflora,CC0,Barbara L. Wilson,iNaturalist,https://inaturalist-open-data.s3.amazonaws.com/photos/505514117/original.jpg,https://www.gbif.org/occurrence/6147449745
562,0,Lycopodium clavatum,CC_BY,Noah Strycker,iNaturalist,https://inaturalist-open-data.s3.amazonaws.com/photos/635662287/original.jpg,https://www.gbif.org/occurrence/6334825858
562,1,Lycopodium clavatum,CC_BY,Jeff Ward,iNaturalist,https://inaturalist-open-data.s3.amazonaws.com/photos/668631388/original.jpg,https://www.gbif.org/occurrence/6352324337
562,2,Lycopodium clavatum,CC_BY,Judi Sanders,iNaturalist,https://inaturalist-open-data.s3.amazonaws.com/photos/685010381/original.jpg,https://www.gbif.org/occurrence/6422206466
563,0,Lysichiton americanus,CC0,Barbara L. Wilson,iNaturalist,https://inaturalist-open-data.s3.amazonaws.com/photos/625375067/original.jpg,https://www.gbif.org/occurrence/6178382232
563,1,Lysichiton americanus,CC_BY,Judi Sanders,iNaturalist,https://inaturalist-open-data.s3.amazonaws.com/photos/622083618/original.jpg,https://www.gbif.org/occurrence/6178402970
563,2,Lysichiton americanus,CC0,Barbara L. Wilson,iNaturalist,https://inaturalist-open-data.s3.amazonaws.com/photos/625375240/original.jpg,https://www.gbif.org/occurrence/6178461383
564,0,Lysimachia arvensis,CC_BY,Kieran Hanrahan,iNaturalist,https://inaturalist-open-data.s3.amazonaws.com/photos/645603165/original.jpg,https://www.gbif.org/occurrence/6235307154
564,1,Lysimachia arvensis,CC_BY,Parker James Lloyd,iNaturalist,https://inaturalist-open-data.s3.amazonaws.com/photos/650367630/original.jpg,https://www.gbif.org/occurrence/6251529313
564,2,Lysimachia arvensis,CC0,Jonathan Whitaker,iNaturalist,https://inaturalist-open-data.s3.amazonaws.com/photos/656201099/original.jpg,https://www.gbif.org/occurrence/6274277669
565,0,Lysimachia latifolia,CC_BY,Dee Shea Himes,iNaturalist,https://inaturalist-open-data.s3.amazonaws.com/photos/629011503/original.jpg,https://www.gbif.org/occurrence/6185392902
565,1,Lysimachia latifolia,CC_BY,Judi Sanders,iNaturalist,https://inaturalist-open-data.s3.amazonaws.com/photos/632436763/original.jpg,https://www.gbif.org/occurrence/6188112479
565,2,Lysimachia latifolia,CC_BY,Judi Sanders,iNaturalist,https://inaturalist-open-data.s3.amazonaws.com/photos/633990896/original.jpg,https://www.gbif.org/occurrence/6188180357
566,0,Lysimachia nummularia,CC0,Barbara L. Wilson,iNaturalist,https://inaturalist-open-data.s3.amazonaws.com/photos/650460891/original.jpg,https://www.gbif.org/occurrence/6252130193
566,1,Lysimachia nummularia,CC0,Barbara L. Wilson,iNaturalist,https://inaturalist-open-data.s3.amazonaws.com/photos/658310123/original.jpg,https://www.gbif.org/occurrence/6320775818
566,2,Lysimachia nummularia,CC_BY,Jerry Kensler,iNaturalist,https://inaturalist-open-data.s3.amazonaws.com/photos/678677970/original.jpg,https://www.gbif.org/occurrence/6422546942
567,0,Lythrum salicaria,CC_BY,Jeffrey Lee (he/him/his),iNaturalist,https://inaturalist-open-data.s3.amazonaws.com/photos/680865702/original.jpg,https://www.gbif.org/occurrence/6414018312
567,1,Lythrum salicaria,CC_BY,Jeffrey Lee (he/him/his),iNaturalist,https://inaturalist-open-data.s3.amazonaws.com/photos/701131166/original.jpg,https://www.gbif.org/occurrence/6452614783
567,2,Lythrum salicaria,CC_BY,Lee Cain,iNaturalist,https://inaturalist-open-data.s3.amazonaws.com/photos/698562355/original.jpg,https://www.gbif.org/occurrence/6480134698
568,0,Madia elegans,CC_BY,Jeff Ward,iNaturalist,https://inaturalist-open-data.s3.amazonaws.com/photos/642455339/original.jpg,https://www.gbif.org/occurrence/6235687055
568,1,Madia elegans,CC_BY,Dee Shea Himes,iNaturalist,https://inaturalist-open-data.s3.amazonaws.com/photos/634978987/original.jpg,https://www.gbif.org/occurrence/6195277566
568,2,Madia elegans,CC0,Barbara L. Wilson,iNaturalist,https://inaturalist-open-data.s3.amazonaws.com/photos/652081441/original.jpg,https://www.gbif.org/occurrence/6251659085
569,0,Madia glomerata,CC0,Aaron Liston,iNaturalist,https://inaturalist-open-data.s3.amazonaws.com/photos/709808528/original.jpg,https://www.gbif.org/occurrence/6479919908
569,1,Madia glomerata,CC0,Barbara L. Wilson,iNaturalist,https://inaturalist-open-data.s3.amazonaws.com/photos/564221663/original.jpg,https://www.gbif.org/occurrence/6130059458
569,2,Madia glomerata,CC_BY,Merlla McLaughlin,iNaturalist,https://inaturalist-open-data.s3.amazonaws.com/photos/587582487/original.jpg,https://www.gbif.org/occurrence/6130492348
570,0,Madia gracilis,CC_BY,Kieran Hanrahan,iNaturalist,https://inaturalist-open-data.s3.amazonaws.com/photos/691091417/original.jpg,https://www.gbif.org/occurrence/6430904553
570,1,Madia gracilis,CC_BY,Judi Sanders,iNaturalist,https://inaturalist-open-data.s3.amazonaws.com/photos/508281987/original.jpg,https://www.gbif.org/occurrence/5167005862
570,2,Madia gracilis,CC_BY,Rodamu,iNaturalist,https://inaturalist-open-data.s3.amazonaws.com/photos/500300756/original.jpg,https://www.gbif.org/occurrence/5230361657
571,0,Madia sativa,CC_BY,Ed Alverson,iNaturalist,https://inaturalist-open-data.s3.amazonaws.com/photos/696791847/original.jpg,https://www.gbif.org/occurrence/6441272030
571,1,Madia sativa,CC0,Drew Meyer,iNaturalist,https://inaturalist-open-data.s3.amazonaws.com/photos/699924006/original.jpg,https://www.gbif.org/occurrence/6480641543
571,2,Madia sativa,CC0,Barbara L. Wilson,iNaturalist,https://inaturalist-open-data.s3.amazonaws.com/photos/532014421/original.jpg,https://www.gbif.org/occurrence/5229989971
572,0,Mahonia aquifolium,CC_BY,Aden Sommerville,iNaturalist,https://inaturalist-open-data.s3.amazonaws.com/photos/607315832/original.jpg,https://www.gbif.org/occurrence/6130779741
572,1,Mahonia aquifolium,CC0,Evelyn Lazzaretti 🏳️‍⚧️,iNaturalist,https://inaturalist-open-data.s3.amazonaws.com/photos/606459110/original.jpg,https://www.gbif.org/occurrence/6131013043
572,2,Mahonia aquifolium,CC_BY,Aden Sommerville,iNaturalist,https://inaturalist-open-data.s3.amazonaws.com/photos/607314341/original.jpg,https://www.gbif.org/occurrence/6131433736
573,0,Mahonia nervosa,CC_BY,Andrew Still,iNaturalist,https://inaturalist-open-data.s3.amazonaws.com/photos/608801457/original.jpg,https://www.gbif.org/occurrence/6130152460
573,1,Mahonia nervosa,CC_BY,Judi Sanders,iNaturalist,https://inaturalist-open-data.s3.amazonaws.com/photos/612824387/original.jpg,https://www.gbif.org/occurrence/6147429463
573,2,Mahonia nervosa,CC_BY,Jeff Ward,iNaturalist,https://inaturalist-open-data.s3.amazonaws.com/photos/615355542/original.jpg,https://www.gbif.org/occurrence/6159477443
574,0,Mahonia repens,CC_BY,Daniel Patterson,iNaturalist,https://inaturalist-open-data.s3.amazonaws.com/photos/609487935/original.jpg,https://www.gbif.org/occurrence/6130890670
574,1,Mahonia repens,CC_BY,Zach Earl,iNaturalist,https://inaturalist-open-data.s3.amazonaws.com/photos/617499452/original.jpg,https://www.gbif.org/occurrence/6162879851
574,2,Mahonia repens,CC_BY,Dee Shea Himes,iNaturalist,https://inaturalist-open-data.s3.amazonaws.com/photos/621762023/original.jpg,https://www.gbif.org/occurrence/6179515550
575,0,Maianthemum dilatatum,CC0,Barbara L. Wilson,iNaturalist,https://inaturalist-open-data.s3.amazonaws.com/photos/620780437/original.jpg,https://www.gbif.org/occurrence/6178351841
575,1,Maianthemum dilatatum,CC0,Barbara L. Wilson,iNaturalist,https://inaturalist-open-data.s3.amazonaws.com/photos/625377597/original.jpg,https://www.gbif.org/occurrence/6178955092
575,2,Maianthemum dilatatum,CC0,Barbara L. Wilson,iNaturalist,https://inaturalist-open-data.s3.amazonaws.com/photos/620781055/original.jpg,https://www.gbif.org/occurrence/6179505329
576,0,Maianthemum racemosum,CC_BY,Dee Shea Himes,iNaturalist,https://inaturalist-open-data.s3.amazonaws.com/photos/630976264/original.jpg,https://www.gbif.org/occurrence/6185151771
576,1,Maianthemum racemosum,CC_BY,Dee Shea Himes,iNaturalist,https://inaturalist-open-data.s3.amazonaws.com/photos/634501089/original.jpg,https://www.gbif.org/occurrence/6188223320
576,2,Maianthemum racemosum,CC_BY,Dee Shea Himes,iNaturalist,https://inaturalist-open-data.s3.amazonaws.com/photos/633962761/original.jpg,https://www.gbif.org/occurrence/6188352477
577,0,Maianthemum stellatum,CC_BY,Alice Pence,iNaturalist,https://inaturalist-open-data.s3.amazonaws.com/photos/628865209/original.jpg,https://www.gbif.org/occurrence/6184856384
577,1,Maianthemum stellatum,CC_BY,Judi Sanders,iNaturalist,https://inaturalist-open-data.s3.amazonaws.com/photos/633991821/original.jpg,https://www.gbif.org/occurrence/6188212221
577,2,Maianthemum stellatum,CC0,Barbara L. Wilson,iNaturalist,https://inaturalist-open-data.s3.amazonaws.com/photos/637567606/original.jpg,https://www.gbif.org/occurrence/6195736078
578,0,Malus domestica,CC_BY,Kieran Hanrahan,iNaturalist,https://inaturalist-open-data.s3.amazonaws.com/photos/485267221/original.jpg,https://www.gbif.org/occurrence/5133195749
578,1,Malus domestica,CC0,Barbara L. Wilson,iNaturalist,https://inaturalist-open-data.s3.amazonaws.com/photos/566624658/original.jpg,https://www.gbif.org/occurrence/5827933026
578,2,Malus domestica,CC_BY,Aden Sommerville,iNaturalist,https://inaturalist-open-data.s3.amazonaws.com/photos/570650301/original.jpg,https://www.gbif.org/occurrence/5938339751
579,0,Malus fusca,CC_BY,Judi Sanders,iNaturalist,https://inaturalist-open-data.s3.amazonaws.com/photos/644484968/original.jpg,https://www.gbif.org/occurrence/6235981930
579,1,Malus fusca,CC0,Rob Cuthrell,iNaturalist,https://inaturalist-open-data.s3.amazonaws.com/photos/652487303/original.jpg,https://www.gbif.org/occurrence/6252530303
579,2,Malus fusca,CC_BY,Kieran Hanrahan,iNaturalist,https://inaturalist-open-data.s3.amazonaws.com/photos/669873926/original.jpg,https://www.gbif.org/occurrence/6352304922
580,0,Malva neglecta,CC0,caseyhh,iNaturalist,https://inaturalist-open-data.s3.amazonaws.com/photos/681765731/original.jpg,https://www.gbif.org/occurrence/6412948676
580,1,Malva neglecta,CC_BY,Brodie Cass Talbott,iNaturalist,https://inaturalist-open-data.s3.amazonaws.com/photos/693650889/original.jpg,https://www.gbif.org/occurrence/6441430842
580,2,Malva neglecta,CC_BY,Greghig Jirheg,iNaturalist,https://inaturalist-open-data.s3.amazonaws.com/photos/529078914/original.jpg,https://www.gbif.org/occurrence/6162792499
581,0,Marah oregana,CC0,Barbara L. Wilson,iNaturalist,https://inaturalist-open-data.s3.amazonaws.com/photos/620063982/original.jpg,https://www.gbif.org/occurrence/6170839460
581,1,Marah oregana,CC_BY,Aden Sommerville,iNaturalist,https://inaturalist-open-data.s3.amazonaws.com/photos/626517900/original.jpg,https://www.gbif.org/occurrence/6185451582
581,2,Marah oregana,CC0,William Proebsting,iNaturalist,https://inaturalist-open-data.s3.amazonaws.com/photos/627244126/original.jpg,https://www.gbif.org/occurrence/6185786163
582,0,Marchantia polymorpha,CC0,Barbara L. Wilson,iNaturalist,https://inaturalist-open-data.s3.amazonaws.com/photos/523245762/original.jpg,https://www.gbif.org/occurrence/5205985919
582,1,Marchantia polymorpha,CC_BY,Kyle Elshoff,iNaturalist,https://inaturalist-open-data.s3.amazonaws.com/photos/574121878/original.jpg,https://www.gbif.org/occurrence/5837997418
582,2,Marchantia polymorpha,CC_BY,Aden Sommerville,iNaturalist,https://inaturalist-open-data.s3.amazonaws.com/photos/591806997/original.jpg,https://www.gbif.org/occurrence/6498112535
583,0,Matricaria discoidea,CC0,Barbara L. Wilson,iNaturalist,https://inaturalist-open-data.s3.amazonaws.com/photos/636890468/original.jpg,https://www.gbif.org/occurrence/6195769810
583,1,Matricaria discoidea,CC_BY,Kieran Hanrahan,iNaturalist,https://inaturalist-open-data.s3.amazonaws.com/photos/647350423/original.jpg,https://www.gbif.org/occurrence/6235159595
583,2,Matricaria discoidea,CC0,Barbara L. Wilson,iNaturalist,https://inaturalist-open-data.s3.amazonaws.com/photos/651523130/original.jpg,https://www.gbif.org/occurrence/6251905071
584,0,Medicago lupulina,CC0,Barbara L. Wilson,iNaturalist,https://inaturalist-open-data.s3.amazonaws.com/photos/708782165/original.jpg,https://www.gbif.org/occurrence/6479840741
584,1,Medicago lupulina,CC_BY,Jeff Ward,iNaturalist,https://inaturalist-open-data.s3.amazonaws.com/photos/490482018/original.jpg,https://www.gbif.org/occurrence/5152999912
584,2,Medicago lupulina,CC0,Barbara L. Wilson,iNaturalist,https://inaturalist-open-data.s3.amazonaws.com/photos/505476054/original.jpg,https://www.gbif.org/occurrence/5167820773
585,0,Medicago sativa,CC0,Aaron Liston,iNaturalist,https://inaturalist-open-data.s3.amazonaws.com/photos/725796545/original.jpg,https://www.gbif.org/occurrence/6518490491
585,1,Medicago sativa,CC_BY,Aden Sommerville,iNaturalist,https://inaturalist-open-data.s3.amazonaws.com/photos/729925888/original.jpg,https://www.gbif.org/occurrence/6518973861
585,2,Medicago sativa,CC0,Drew Meyer,iNaturalist,https://inaturalist-open-data.s3.amazonaws.com/photos/563293116/original.jpg,https://www.gbif.org/occurrence/5828424533
586,0,Melica subulata,CC0,Aaron Liston,iNaturalist,https://inaturalist-open-data.s3.amazonaws.com/photos/664723101/original.jpg,https://www.gbif.org/occurrence/6334651820
586,1,Melica subulata,CC0,Barbara L. Wilson,iNaturalist,https://inaturalist-open-data.s3.amazonaws.com/photos/508662065/original.jpg,https://www.gbif.org/occurrence/5167078730
586,2,Melica subulata,CC_BY,Matt Berger,iNaturalist,https://inaturalist-open-data.s3.amazonaws.com/photos/599398954/original.jpg,https://www.gbif.org/occurrence/5935614597
587,0,Melilotus albus,CC0,Najah Bowlby,iNaturalist,https://inaturalist-open-data.s3.amazonaws.com/photos/704057557/original.jpg,https://www.gbif.org/occurrence/6470524710
587,1,Melilotus albus,CC_BY,Lia Keener,iNaturalist,https://inaturalist-open-data.s3.amazonaws.com/photos/697001358/original.jpg,https://www.gbif.org/occurrence/6499493254
587,2,Melilotus albus,CC_BY,Michael O'Loughlin,iNaturalist,https://inaturalist-open-data.s3.amazonaws.com/photos/696650032/original.jpg,https://www.gbif.org/occurrence/6500166633
588,0,Melilotus officinalis,CC_BY,John Sullivan,iNaturalist,https://inaturalist-open-data.s3.amazonaws.com/photos/517109742/original.jpg,https://www.gbif.org/occurrence/5830352357
588,1,Melilotus officinalis,CC_BY,Daniel Patterson,iNaturalist,https://inaturalist-open-data.s3.amazonaws.com/photos/522746510/original.jpg,https://www.gbif.org/occurrence/5897527257
588,2,Melilotus officinalis,CC_BY,Hannah K. Maielua,iNaturalist,https://inaturalist-open-data.s3.amazonaws.com/photos/528971287/original.jpg,https://www.gbif.org/occurrence/6133437408
589,0,Melissa officinalis,CC0,moater,iNaturalist,https://inaturalist-open-data.s3.amazonaws.com/photos/604901763/original.jpg,https://www.gbif.org/occurrence/6130049135
589,1,Melissa officinalis,CC_BY,Jeff Ward,iNaturalist,https://inaturalist-open-data.s3.amazonaws.com/photos/623043956/original.jpg,https://www.gbif.org/occurrence/6179475520
589,2,Melissa officinalis,CC0,Barbara L. Wilson,iNaturalist,https://inaturalist-open-data.s3.amazonaws.com/photos/625911669/original.jpg,https://www.gbif.org/occurrence/6184944667
590,0,Mentha canadensis,CC0,Rob Cuthrell,iNaturalist,https://inaturalist-open-data.s3.amazonaws.com/photos/698225163/original.jpg,https://www.gbif.org/occurrence/6470148808
590,1,Mentha canadensis,CC_BY,Kieran Hanrahan,iNaturalist,https://inaturalist-open-data.s3.amazonaws.com/photos/546504386/original.jpg,https://www.gbif.org/occurrence/5281930482
590,2,Mentha canadensis,CC_BY,Noah Strycker,iNaturalist,https://inaturalist-open-data.s3.amazonaws.com/photos/560567271/original.jpg,https://www.gbif.org/occurrence/6179230975
591,0,Mentha pulegium,CC_BY,Ed Alverson,iNaturalist,https://inaturalist-open-data.s3.amazonaws.com/photos/681205945/original.jpg,https://www.gbif.org/occurrence/6414008541
591,1,Mentha pulegium,CC0,Jann Vendetti,iNaturalist,https://inaturalist-open-data.s3.amazonaws.com/photos/685930132/original.jpg,https://www.gbif.org/occurrence/6422617799
591,2,Mentha pulegium,CC0,Aaron Liston,iNaturalist,https://inaturalist-open-data.s3.amazonaws.com/photos/688595003/original.jpg,https://www.gbif.org/occurrence/6422628061
592,0,Mentzelia albicaulis,CC_BY,Michael O'Loughlin,iNaturalist,https://inaturalist-open-data.s3.amazonaws.com/photos/509999021/original.jpg,https://www.gbif.org/occurrence/5828648129
592,1,Mentzelia albicaulis,CC_BY,Gabriel Campbell-Martinez,iNaturalist,https://inaturalist-open-data.s3.amazonaws.com/photos/565100081/original.jpg,https://www.gbif.org/occurrence/6130870054
592,2,Mentzelia albicaulis,CC_BY,Steve Matson,iNaturalist,https://inaturalist-open-data.s3.amazonaws.com/photos/533344349/original.jpg,https://www.gbif.org/occurrence/6320568794
593,0,Mentzelia laevicaulis,CC_BY,Zach Earl,iNaturalist,https://inaturalist-open-data.s3.amazonaws.com/photos/616568401/original.jpg,https://www.gbif.org/occurrence/6163333383
593,1,Mentzelia laevicaulis,CC_BY,Lia Keener,iNaturalist,https://inaturalist-open-data.s3.amazonaws.com/photos/697001614/original.jpg,https://www.gbif.org/occurrence/6441361617
593,2,Mentzelia laevicaulis,CC_BY,Parker James Lloyd,iNaturalist,https://inaturalist-open-data.s3.amazonaws.com/photos/699279100/original.jpg,https://www.gbif.org/occurrence/6452478980
594,0,Mertensia paniculata,CC_BY,Jeff Ward,iNaturalist,https://inaturalist-open-data.s3.amazonaws.com/photos/527413070/original.jpg,https://www.gbif.org/occurrence/5216296372
594,1,Mertensia paniculata,CC_BY,Jeff Ward,iNaturalist,https://inaturalist-open-data.s3.amazonaws.com/photos/408773709/original.jpeg,https://www.gbif.org/occurrence/4911155926
594,2,Mertensia paniculata,CC_BY,Gabriel Campbell-Martinez,iNaturalist,https://inaturalist-open-data.s3.amazonaws.com/photos/459498345/original.jpg,https://www.gbif.org/occurrence/5008414991
595,0,Metaneckera menziesii,CC0,Barbara L. Wilson,iNaturalist,https://inaturalist-open-data.s3.amazonaws.com/photos/478227044/original.jpeg,https://www.gbif.org/occurrence/5104508657
595,1,Metaneckera menziesii,CC0,Barbara L. Wilson,iNaturalist,https://inaturalist-open-data.s3.amazonaws.com/photos/479165065/original.jpeg,https://www.gbif.org/occurrence/5104708612
595,2,Metaneckera menziesii,CC0,John T,iNaturalist,https://inaturalist-open-data.s3.amazonaws.com/photos/513812648/original.jpg,https://www.gbif.org/occurrence/5176585964
596,0,Micranthes ferruginea,CC0,Kate Manning,iNaturalist,https://inaturalist-open-data.s3.amazonaws.com/photos/678673194/original.jpg,https://www.gbif.org/occurrence/6398871306
596,1,Micranthes ferruginea,CC_BY,David Anderson,iNaturalist,https://inaturalist-open-data.s3.amazonaws.com/photos/675450961/original.jpg,https://www.gbif.org/occurrence/6422260948
596,2,Micranthes ferruginea,CC_BY,Kieran Hanrahan,iNaturalist,https://inaturalist-open-data.s3.amazonaws.com/photos/682456496/original.jpg,https://www.gbif.org/occurrence/6431186917
597,0,Micranthes integrifolia,CC_BY,Dee Shea Himes,iNaturalist,https://inaturalist-open-data.s3.amazonaws.com/photos/625014513/original.jpg,https://www.gbif.org/occurrence/6178847611
597,1,Micranthes integrifolia,CC_BY,Ed Alverson,iNaturalist,https://inaturalist-open-data.s3.amazonaws.com/photos/629094114/original.jpg,https://www.gbif.org/occurrence/6185107840
597,2,Micranthes integrifolia,CC0,mourningdoveenthusiast,iNaturalist,https://inaturalist-open-data.s3.amazonaws.com/photos/633418996/original.jpg,https://www.gbif.org/occurrence/6187987397
598,0,Micranthes mertensiana,CC_BY,Adam Schneider,iNaturalist,https://inaturalist-open-data.s3.amazonaws.com/photos/613793743/original.jpg,https://www.gbif.org/occurrence/6147516292
598,1,Micranthes mertensiana,CC_BY,Adam Schneider,iNaturalist,https://inaturalist-open-data.s3.amazonaws.com/photos/631563692/original.jpg,https://www.gbif.org/occurrence/6187919602
598,2,Micranthes mertensiana,CC_BY,Jeff Ward,iNaturalist,https://inaturalist-open-data.s3.amazonaws.com/photos/645526355/original.jpg,https://www.gbif.org/occurrence/6234637041
599,0,Micranthes oregana,CC_BY,Judi Sanders,iNaturalist,https://inaturalist-open-data.s3.amazonaws.com/photos/639874903/original.jpg,https://www.gbif.org/occurrence/6235997718
599,1,Micranthes oregana,CC_BY,Don Boucher,iNaturalist,https://inaturalist-open-data.s3.amazonaws.com/photos/649881421/original.jpg,https://www.gbif.org/occurrence/6252697985
599,2,Micranthes oregana,CC_BY,Cody Hinchliff,iNaturalist,https://inaturalist-open-data.s3.amazonaws.com/photos/696148056/original.jpg,https://www.gbif.org/occurrence/6470507683
600,0,Micromeria douglasii,CC0,Drew Meyer,iNaturalist,https://inaturalist-open-data.s3.amazonaws.com/photos/610066121/original.jpg,https://www.gbif.org/occurrence/6130153089
600,1,Micromeria douglasii,CC0,Drew Meyer,iNaturalist,https://inaturalist-open-data.s3.amazonaws.com/photos/613819626/original.jpg,https://www.gbif.org/occurrence/6147394809
600,2,Micromeria douglasii,CC0,Drew Meyer,iNaturalist,https://inaturalist-open-data.s3.amazonaws.com/photos/613833694/original.jpg,https://www.gbif.org/occurrence/6147578942
601,0,Microseris troximoides,CC_BY,Jeff Ward,iNaturalist,https://inaturalist-open-data.s3.amazonaws.com/photos/625542565/original.jpg,https://www.gbif.org/occurrence/6185693257
601,1,Microseris troximoides,CC0,Tom Wainwright,iNaturalist,https://inaturalist-open-data.s3.amazonaws.com/photos/632983403/original.jpg,https://www.gbif.org/occurrence/6188118515
601,2,Microseris troximoides,CC_BY,James H. Thomas,iNaturalist,https://inaturalist-open-data.s3.amazonaws.com/photos/658073924/original.jpg,https://www.gbif.org/occurrence/6273570999
602,0,Moehringia macrophylla,CC_BY,Kieran Hanrahan,iNaturalist,https://inaturalist-open-data.s3.amazonaws.com/photos/633488803/original.jpg,https://www.gbif.org/occurrence/6188111104
602,1,Moehringia macrophylla,CC0,Barbara L. Wilson,iNaturalist,https://inaturalist-open-data.s3.amazonaws.com/photos/637567522/original.jpg,https://www.gbif.org/occurrence/6195230235
602,2,Moehringia macrophylla,CC0,Barbara L. Wilson,iNaturalist,https://inaturalist-open-data.s3.amazonaws.com/photos/637547323/original.jpg,https://www.gbif.org/occurrence/6195480017
603,0,Monardella odoratissima,CC_BY,Parker James Lloyd,iNaturalist,https://inaturalist-open-data.s3.amazonaws.com/photos/696974610/original.jpg,https://www.gbif.org/occurrence/6441317661
603,1,Monardella odoratissima,CC_BY,Parker James Lloyd,iNaturalist,https://inaturalist-open-data.s3.amazonaws.com/photos/696964120/original.jpg,https://www.gbif.org/occurrence/6441649315
603,2,Monardella odoratissima,CC_BY,Braydon Lake,iNaturalist,https://inaturalist-open-data.s3.amazonaws.com/photos/699162154/original.jpg,https://www.gbif.org/occurrence/6451665784
604,0,Monotropa uniflora,CC_BY,Daniel Patterson,iNaturalist,https://inaturalist-open-data.s3.amazonaws.com/photos/635785293/original.jpg,https://www.gbif.org/occurrence/6195818665
604,1,Monotropa uniflora,CC_BY,Daniel Patterson,iNaturalist,https://inaturalist-open-data.s3.amazonaws.com/photos/646025945/original.jpg,https://www.gbif.org/occurrence/6235581474
604,2,Monotropa uniflora,CC0,Rob Cuthrell,iNaturalist,https://inaturalist-open-data.s3.amazonaws.com/photos/681923335/original.jpg,https://www.gbif.org/occurrence/6413233603
605,0,Montia linearis,CC_BY,Adam Schneider,iNaturalist,https://inaturalist-open-data.s3.amazonaws.com/photos/613792557/original.jpg,https://www.gbif.org/occurrence/6147167206
605,1,Montia linearis,CC_BY,Zach Earl,iNaturalist,https://inaturalist-open-data.s3.amazonaws.com/photos/616664503/original.jpg,https://www.gbif.org/occurrence/6163125932
605,2,Montia linearis,CC0,Barbara L. Wilson,iNaturalist,https://inaturalist-open-data.s3.amazonaws.com/photos/630800877/original.jpg,https://www.gbif.org/occurrence/6185714118
606,0,Montia parvifolia,CC0,Barbara L. Wilson,iNaturalist,https://inaturalist-open-data.s3.amazonaws.com/photos/664407802/original.jpg,https://www.gbif.org/occurrence/6335034736
606,1,Montia parvifolia,CC_BY,Kieran Hanrahan,iNaturalist,https://inaturalist-open-data.s3.amazonaws.com/photos/682457234/original.jpg,https://www.gbif.org/occurrence/6413476585
606,2,Montia parvifolia,CC_BY,Merlla McLaughlin,iNaturalist,https://inaturalist-open-data.s3.amazonaws.com/photos/685653222/original.jpg,https://www.gbif.org/occurrence/6422730647
607,0,Morella californica,CC_BY,harrii,iNaturalist,https://inaturalist-open-data.s3.amazonaws.com/photos/623468558/original.jpg,https://www.gbif.org/occurrence/6178560837
607,1,Morella californica,CC0,Barbara L. Wilson,iNaturalist,https://inaturalist-open-data.s3.amazonaws.com/photos/620780624/original.jpg,https://www.gbif.org/occurrence/6178623036
607,2,Morella californica,CC0,Barbara L. Wilson,iNaturalist,https://inaturalist-open-data.s3.amazonaws.com/photos/625391543/original.jpg,https://www.gbif.org/occurrence/6178677573
608,0,Mycelis muralis,CC_BY,Jeff Ward,iNaturalist,https://inaturalist-open-data.s3.amazonaws.com/photos/609261506/original.jpg,https://www.gbif.org/occurrence/6129995827
608,1,Mycelis muralis,CC0,Barbara L. Wilson,iNaturalist,https://inaturalist-open-data.s3.amazonaws.com/photos/613448004/original.jpg,https://www.gbif.org/occurrence/6147201090
608,2,Mycelis muralis,CC_BY,Aden Sommerville,iNaturalist,https://inaturalist-open-data.s3.amazonaws.com/photos/613762486/original.jpg,https://www.gbif.org/occurrence/6147459093
609,0,Myosotis discolor,CC_BY,"Jeff,Michaela Warneking",iNaturalist,https://inaturalist-open-data.s3.amazonaws.com/photos/636113903/original.jpg,https://www.gbif.org/occurrence/6195454964
609,1,Myosotis discolor,CC0,Barbara L. Wilson,iNaturalist,https://inaturalist-open-data.s3.amazonaws.com/photos/640940972/original.jpg,https://www.gbif.org/occurrence/6235726050
609,2,Myosotis discolor,CC0,Barbara L. Wilson,iNaturalist,https://inaturalist-open-data.s3.amazonaws.com/photos/640935909/original.jpg,https://www.gbif.org/occurrence/6236504302
610,0,Myosotis laxa,CC_BY,Kieran Hanrahan,iNaturalist,https://inaturalist-open-data.s3.amazonaws.com/photos/651051237/original.jpg,https://www.gbif.org/occurrence/6251603738
610,1,Myosotis laxa,CC_BY,Daniel Patterson,iNaturalist,https://inaturalist-open-data.s3.amazonaws.com/photos/528358136/original.jpg,https://www.gbif.org/occurrence/5216377691
610,2,Myosotis laxa,CC_BY,Jared Lincenberg,iNaturalist,https://inaturalist-open-data.s3.amazonaws.com/photos/532313318/original.jpg,https://www.gbif.org/occurrence/6147610548
611,0,Myriophyllum aquaticum,CC0,Kate Manning,iNaturalist,https://inaturalist-open-data.s3.amazonaws.com/photos/607169710/original.jpg,https://www.gbif.org/occurrence/6131163598
611,1,Myriophyllum aquaticum,CC0,Barbara L. Wilson,iNaturalist,https://inaturalist-open-data.s3.amazonaws.com/photos/658318032/original.jpg,https://www.gbif.org/occurrence/6320304619
611,2,Myriophyllum aquaticum,CC0,Barbara L. Wilson,iNaturalist,https://inaturalist-open-data.s3.amazonaws.com/photos/658318346/original.jpg,https://www.gbif.org/occurrence/6321010750
612,0,Myriopteris gracillima,CC0,Kate Manning,iNaturalist,https://inaturalist-open-data.s3.amazonaws.com/photos/619871907/original.jpg,https://www.gbif.org/occurrence/6171008408
612,1,Myriopteris gracillima,CC_BY,Jeff Ward,iNaturalist,https://inaturalist-open-data.s3.amazonaws.com/photos/628649050/original.jpg,https://www.gbif.org/occurrence/6185480716
612,2,Myriopteris gracillima,CC_BY,Dee Shea Himes,iNaturalist,https://inaturalist-open-data.s3.amazonaws.com/photos/634971121/original.jpg,https://www.gbif.org/occurrence/6195325745
613,0,Navarretia intertexta,CC_BY,Parker James Lloyd,iNaturalist,https://inaturalist-open-data.s3.amazonaws.com/photos/696950398/original.jpg,https://www.gbif.org/occurrence/6441747129
613,1,Navarretia intertexta,CC_BY,Konshau Duman,iNaturalist,https://inaturalist-open-data.s3.amazonaws.com/photos/522151607/original.jpg,https://www.gbif.org/occurrence/5904000899
613,2,Navarretia intertexta,CC_BY,Lia Keener,iNaturalist,https://inaturalist-open-data.s3.amazonaws.com/photos/525908952/original.jpg,https://www.gbif.org/occurrence/5935675493
614,0,Navarretia squarrosa,CC_BY,Ed Alverson,iNaturalist,https://inaturalist-open-data.s3.amazonaws.com/photos/683823899/original.jpg,https://www.gbif.org/occurrence/6413293027
614,1,Navarretia squarrosa,CC_BY,Jeff Ward,iNaturalist,https://inaturalist-open-data.s3.amazonaws.com/photos/689990073/original.jpg,https://www.gbif.org/occurrence/6431066363
614,2,Navarretia squarrosa,CC0,Drew Meyer,iNaturalist,https://inaturalist-open-data.s3.amazonaws.com/photos/689710073/original.jpg,https://www.gbif.org/occurrence/6431220073
615,0,Neckera douglasii,CC0,Mike Palmer,iNaturalist,https://inaturalist-open-data.s3.amazonaws.com/photos/464871548/original.jpeg,https://www.gbif.org/occurrence/5063190037
615,1,Neckera douglasii,CC0,Barbara L. Wilson,iNaturalist,https://inaturalist-open-data.s3.amazonaws.com/photos/353254443/original.jpeg,https://www.gbif.org/occurrence/4528004254
615,2,Neckera douglasii,CC0,Barbara L. Wilson,iNaturalist,https://inaturalist-open-data.s3.amazonaws.com/photos/373656572/original.jpeg,https://www.gbif.org/occurrence/4867578870
616,0,Nemophila menziesii,CC_BY,Ed Alverson,iNaturalist,https://inaturalist-open-data.s3.amazonaws.com/photos/613768107/original.jpg,https://www.gbif.org/occurrence/6147417193
616,1,Nemophila menziesii,CC0,Kate Manning,iNaturalist,https://inaturalist-open-data.s3.amazonaws.com/photos/622621893/original.jpg,https://www.gbif.org/occurrence/6178743266
616,2,Nemophila menziesii,CC_BY,Judi Sanders,iNaturalist,https://inaturalist-open-data.s3.amazonaws.com/photos/626867581/original.jpg,https://www.gbif.org/occurrence/6184805614
617,0,Nemophila parviflora,CC0,Barbara L. Wilson,iNaturalist,https://inaturalist-open-data.s3.amazonaws.com/photos/626688089/original.jpg,https://www.gbif.org/occurrence/6185045135
617,1,Nemophila parviflora,CC_BY,Judi Sanders,iNaturalist,https://inaturalist-open-data.s3.amazonaws.com/photos/625906769/original.jpg,https://www.gbif.org/occurrence/6186038908
617,2,Nemophila parviflora,CC_BY,Judi Sanders,iNaturalist,https://inaturalist-open-data.s3.amazonaws.com/photos/633988547/original.jpg,https://www.gbif.org/occurrence/6188131337
618,0,Nemophila pedunculata,CC_BY,Jeff Ward,iNaturalist,https://inaturalist-open-data.s3.amazonaws.com/photos/625785057/original.jpg,https://www.gbif.org/occurrence/6185836558
618,1,Nemophila pedunculata,CC_BY,Adam Schneider,iNaturalist,https://inaturalist-open-data.s3.amazonaws.com/photos/473313203/original.jpeg,https://www.gbif.org/occurrence/5087454789
618,2,Nemophila pedunculata,CC_BY,Jeff Ward,iNaturalist,https://inaturalist-open-data.s3.amazonaws.com/photos/480195686/original.jpg,https://www.gbif.org/occurrence/5108203346
619,0,Neorhodomela larix,CC0,Aaron Liston,iNaturalist,https://inaturalist-open-data.s3.amazonaws.com/photos/612345821/original.jpg,https://www.gbif.org/occurrence/6133344351
619,1,Neorhodomela larix,CC_BY,Adam Schneider,iNaturalist,https://inaturalist-open-data.s3.amazonaws.com/photos/466706989/original.jpeg,https://www.gbif.org/occurrence/5063617444
619,2,Neorhodomela larix,CC0,Barbara L. Wilson,iNaturalist,https://inaturalist-open-data.s3.amazonaws.com/photos/486549682/original.jpeg,https://www.gbif.org/occurrence/5133862576
620,0,Neottia banksiana,CC_BY,Dee Shea Himes,iNaturalist,https://inaturalist-open-data.s3.amazonaws.com/photos/671399705/original.jpg,https://www.gbif.org/occurrence/6400118305
620,1,Neottia banksiana,CC_BY,Dee Shea Himes,iNaturalist,https://inaturalist-open-data.s3.amazonaws.com/photos/686603660/original.jpg,https://www.gbif.org/occurrence/6422109877
620,2,Neottia banksiana,CC_BY,Dee Shea Himes,iNaturalist,https://inaturalist-open-data.s3.amazonaws.com/photos/686606046/original.jpg,https://www.gbif.org/occurrence/6422950983
621,0,Neottia cordata,CC_BY,Hilary Rose Dawson,iNaturalist,https://inaturalist-open-data.s3.amazonaws.com/photos/637330977/original.jpg,https://www.gbif.org/occurrence/6195244196
621,1,Neottia cordata,CC_BY,Judi Sanders,iNaturalist,https://inaturalist-open-data.s3.amazonaws.com/photos/634553671/original.jpg,https://www.gbif.org/occurrence/6195292277
621,2,Neottia cordata,CC_BY,Judi Sanders,iNaturalist,https://inaturalist-open-data.s3.amazonaws.com/photos/641660163/original.jpg,https://www.gbif.org/occurrence/6234218493
622,0,Nicotiana attenuata,CC_BY,Gabriel Campbell-Martinez,iNaturalist,https://inaturalist-open-data.s3.amazonaws.com/photos/416094212/original.jpeg,https://www.gbif.org/occurrence/4982334750
622,1,Nicotiana attenuata,CC0,Tom Wainwright,iNaturalist,https://inaturalist-open-data.s3.amazonaws.com/photos/442733919/original.jpeg,https://www.gbif.org/occurrence/4973864554
622,2,Nicotiana attenuata,CC_BY,pigeonquestions,iNaturalist,https://inaturalist-open-data.s3.amazonaws.com/photos/311436531/original.jpg,https://www.gbif.org/occurrence/4982022045
623,0,Noccaea fendleri,CC_BY,Jeff Ward,iNaturalist,https://inaturalist-open-data.s3.amazonaws.com/photos/653120089/original.jpg,https://www.gbif.org/occurrence/6253353926
623,1,Noccaea fendleri,CC0,Barbara L. Wilson,iNaturalist,https://inaturalist-open-data.s3.amazonaws.com/photos/654039160/original.jpg,https://www.gbif.org/occurrence/6273531968
623,2,Noccaea fendleri,CC_BY,Braydon Lake,iNaturalist,https://inaturalist-open-data.s3.amazonaws.com/photos/698823998/original.jpg,https://www.gbif.org/occurrence/6469953490
624,0,Nothochelone nemorosa,CC_BY,Arvel Hernandez,iNaturalist,https://inaturalist-open-data.s3.amazonaws.com/photos/697273675/original.jpg,https://www.gbif.org/occurrence/6470177483
624,1,Nothochelone nemorosa,CC_BY,Arvel Hernandez,iNaturalist,https://inaturalist-open-data.s3.amazonaws.com/photos/697273604/original.jpg,https://www.gbif.org/occurrence/6470411133
624,2,Nothochelone nemorosa,CC_BY,Cody Hinchliff,iNaturalist,https://inaturalist-open-data.s3.amazonaws.com/photos/697985185/original.jpg,https://www.gbif.org/occurrence/6469795440
625,0,Notholithocarpus densiflorus,CC_BY,Jeff Ward,iNaturalist,https://inaturalist-open-data.s3.amazonaws.com/photos/627819259/original.jpg,https://www.gbif.org/occurrence/6185271433
625,1,Notholithocarpus densiflorus,CC0,Stephanie McFarlane,iNaturalist,https://inaturalist-open-data.s3.amazonaws.com/photos/631477067/original.jpg,https://www.gbif.org/occurrence/6273749791
625,2,Notholithocarpus densiflorus,CC0,Barbara L. Wilson,iNaturalist,https://inaturalist-open-data.s3.amazonaws.com/photos/654592734/original.jpg,https://www.gbif.org/occurrence/6274238948
626,0,Nuphar polysepala,CC0,Barbara L. Wilson,iNaturalist,https://inaturalist-open-data.s3.amazonaws.com/photos/625388739/original.jpg,https://www.gbif.org/occurrence/6178739354
626,1,Nuphar polysepala,CC_BY,Laura Gaudette,iNaturalist,https://inaturalist-open-data.s3.amazonaws.com/photos/666980579/original.jpg,https://www.gbif.org/occurrence/6353114856
626,2,Nuphar polysepala,CC0,Aaron Liston,iNaturalist,https://inaturalist-open-data.s3.amazonaws.com/photos/679446496/original.jpg,https://www.gbif.org/occurrence/6400360730
627,0,Odonthalia floccosa,CC0,Barbara L. Wilson,iNaturalist,https://inaturalist-open-data.s3.amazonaws.com/photos/118572843/original.jpeg,https://www.gbif.org/occurrence/3079808281
627,1,Odonthalia floccosa,CC_BY,Jared Shorma,iNaturalist,https://inaturalist-open-data.s3.amazonaws.com/photos/145462631/original.jpg,https://www.gbif.org/occurrence/3330896575
627,2,Odonthalia floccosa,CC0,Aaron Liston,iNaturalist,https://inaturalist-open-data.s3.amazonaws.com/photos/90844037/original.jpg,https://www.gbif.org/occurrence/2980984463
628,0,Oemleria cerasiformis,CC_BY,Judi Sanders,iNaturalist,https://inaturalist-open-data.s3.amazonaws.com/photos/615341469/original.jpg,https://www.gbif.org/occurrence/6159213433
628,1,Oemleria cerasiformis,CC0,William Proebsting,iNaturalist,https://inaturalist-open-data.s3.amazonaws.com/photos/615854555/original.jpg,https://www.gbif.org/occurrence/6159267109
628,2,Oemleria cerasiformis,CC0,William Proebsting,iNaturalist,https://inaturalist-open-data.s3.amazonaws.com/photos/615349815/original.jpg,https://www.gbif.org/occurrence/6159305670
629,0,Oenanthe sarmentosa,CC0,Barbara L. Wilson,iNaturalist,https://inaturalist-open-data.s3.amazonaws.com/photos/625378604/original.jpg,https://www.gbif.org/occurrence/6178409753
629,1,Oenanthe sarmentosa,CC0,Barbara L. Wilson,iNaturalist,https://inaturalist-open-data.s3.amazonaws.com/photos/633606266/original.jpg,https://www.gbif.org/occurrence/6188038661
629,2,Oenanthe sarmentosa,CC_BY,Judi Sanders,iNaturalist,https://inaturalist-open-data.s3.amazonaws.com/photos/644495601/original.jpg,https://www.gbif.org/occurrence/6236032405
630,0,Olsynium douglasii,CC_BY,Adam Schneider,iNaturalist,https://inaturalist-open-data.s3.amazonaws.com/photos/613814169/original.jpg,https://www.gbif.org/occurrence/6147323623
630,1,Olsynium douglasii,CC_BY,Zach Earl,iNaturalist,https://inaturalist-open-data.s3.amazonaws.com/photos/616796307/original.jpg,https://www.gbif.org/occurrence/6162767941
630,2,Olsynium douglasii,CC_BY,Zach Earl,iNaturalist,https://inaturalist-open-data.s3.amazonaws.com/photos/616796208/original.jpg,https://www.gbif.org/occurrence/6163199802
631,0,Onopordum acanthium,CC0,Barbara L. Wilson,iNaturalist,https://inaturalist-open-data.s3.amazonaws.com/photos/630652571/original.jpg,https://www.gbif.org/occurrence/6519829368
631,1,Onopordum acanthium,CC_BY,Daniel Patterson,iNaturalist,https://inaturalist-open-data.s3.amazonaws.com/photos/644472299/original.jpg,https://www.gbif.org/occurrence/6333909573
631,2,Onopordum acanthium,CC_BY,John Brew,iNaturalist,https://inaturalist-open-data.s3.amazonaws.com/photos/652382481/original.jpg,https://www.gbif.org/occurrence/6253360558
632,0,Oplopanax horridus,CC0,drew333,iNaturalist,https://inaturalist-open-data.s3.amazonaws.com/photos/634529592/original.jpg,https://www.gbif.org/occurrence/6236178269
632,1,Oplopanax horridus,CC0,Aaron Liston,iNaturalist,https://inaturalist-open-data.s3.amazonaws.com/photos/657735289/original.jpg,https://www.gbif.org/occurrence/6273525395
632,2,Oplopanax horridus,CC0,Barbara L. Wilson,iNaturalist,https://inaturalist-open-data.s3.amazonaws.com/photos/666142898/original.jpg,https://www.gbif.org/occurrence/6334732906
633,0,Oreostemma alpigenum,CC_BY,Kieran Hanrahan,iNaturalist,https://inaturalist-open-data.s3.amazonaws.com/photos/696954931/original.jpg,https://www.gbif.org/occurrence/6479266584
633,1,Oreostemma alpigenum,CC_BY,Cris Waller,iNaturalist,https://inaturalist-open-data.s3.amazonaws.com/photos/543572038/original.jpg,https://www.gbif.org/occurrence/5840472703
633,2,Oreostemma alpigenum,CC_BY,Andrea Villarreal Rodríguez,iNaturalist,https://inaturalist-open-data.s3.amazonaws.com/photos/547335749/original.jpg,https://www.gbif.org/occurrence/5282087781
634,0,Orthilia secunda,CC0,Craig Martin,iNaturalist,https://inaturalist-open-data.s3.amazonaws.com/photos/525075086/original.jpg,https://www.gbif.org/occurrence/5206482546
634,1,Orthilia secunda,CC_BY,"Jeff,Michaela Warneking",iNaturalist,https://inaturalist-open-data.s3.amazonaws.com/photos/527373112/original.jpg,https://www.gbif.org/occurrence/5216939394
634,2,Orthilia secunda,CC_BY,Steve Matson,iNaturalist,https://inaturalist-open-data.s3.amazonaws.com/photos/533617297/original.jpg,https://www.gbif.org/occurrence/5217304409
635,0,Orthocarpus cuspidatus,CC_BY,rappman,iNaturalist,https://inaturalist-open-data.s3.amazonaws.com/photos/680335503/original.jpg,https://www.gbif.org/occurrence/6422333676
635,1,Orthocarpus cuspidatus,CC_BY,Parker James Lloyd,iNaturalist,https://inaturalist-open-data.s3.amazonaws.com/photos/696975235/original.jpg,https://www.gbif.org/occurrence/6441035423
635,2,Orthocarpus cuspidatus,CC_BY,Parker James Lloyd,iNaturalist,https://inaturalist-open-data.s3.amazonaws.com/photos/696975138/original.jpg,https://www.gbif.org/occurrence/6441154952
636,0,Orthocarpus imbricatus,CC_BY,Arvel Hernandez,iNaturalist,https://inaturalist-open-data.s3.amazonaws.com/photos/697272314/original.jpg,https://www.gbif.org/occurrence/6442086982
636,1,Orthocarpus imbricatus,CC0,Nancy Clogston,iNaturalist,https://inaturalist-open-data.s3.amazonaws.com/photos/693947348/original.jpg,https://www.gbif.org/occurrence/6442030579
636,2,Orthocarpus imbricatus,CC0,William Proebsting,iNaturalist,https://inaturalist-open-data.s3.amazonaws.com/photos/694935994/original.jpg,https://www.gbif.org/occurrence/6442109779
637,0,Osmorhiza berteroi,CC_BY,Jeff Ward,iNaturalist,https://inaturalist-open-data.s3.amazonaws.com/photos/615599908/original.jpg,https://www.gbif.org/occurrence/6159533636
637,1,Osmorhiza berteroi,CC0,Barbara L. Wilson,iNaturalist,https://inaturalist-open-data.s3.amazonaws.com/photos/625374857/original.jpg,https://www.gbif.org/occurrence/6178726143
637,2,Osmorhiza berteroi,CC0,Barbara L. Wilson,iNaturalist,https://inaturalist-open-data.s3.amazonaws.com/photos/625374238/original.jpg,https://www.gbif.org/occurrence/6178936881
638,0,Osmorhiza occidentalis,CC_BY,Rachel Werling,iNaturalist,https://inaturalist-open-data.s3.amazonaws.com/photos/636015332/original.jpg,https://www.gbif.org/occurrence/6195690134
638,1,Osmorhiza occidentalis,CC_BY,Judi Sanders,iNaturalist,https://inaturalist-open-data.s3.amazonaws.com/photos/647174973/original.jpg,https://www.gbif.org/occurrence/6235783562
638,2,Osmorhiza occidentalis,CC_BY,Judi Sanders,iNaturalist,https://inaturalist-open-data.s3.amazonaws.com/photos/491943588/original.jpeg,https://www.gbif.org/occurrence/5140481633
639,0,Oxalis corniculata,CC0,Barbara L. Wilson,iNaturalist,https://inaturalist-open-data.s3.amazonaws.com/photos/622324799/original.jpg,https://www.gbif.org/occurrence/6178495821
639,1,Oxalis corniculata,CC0,Jonathan Whitaker,iNaturalist,https://inaturalist-open-data.s3.amazonaws.com/photos/629720820/original.jpg,https://www.gbif.org/occurrence/6185498313
639,2,Oxalis corniculata,CC0,Barbara L. Wilson,iNaturalist,https://inaturalist-open-data.s3.amazonaws.com/photos/636844447/original.jpg,https://www.gbif.org/occurrence/6195625205
640,0,Oxalis oregana,CC_BY,Dee Shea Himes,iNaturalist,https://inaturalist-open-data.s3.amazonaws.com/photos/622885360/original.jpg,https://www.gbif.org/occurrence/6251524293
640,1,Oxalis oregana,CC0,Stephanie McFarlane,iNaturalist,https://inaturalist-open-data.s3.amazonaws.com/photos/631667738/original.jpg,https://www.gbif.org/occurrence/6252516066
640,2,Oxalis oregana,CC0,Barbara L. Wilson,iNaturalist,https://inaturalist-open-data.s3.amazonaws.com/photos/633606200/original.jpg,https://www.gbif.org/occurrence/6188163205
641,0,Oxalis suksdorfii,CC_BY,Ryan McMinds,iNaturalist,https://inaturalist-open-data.s3.amazonaws.com/photos/678732836/original.jpg,https://www.gbif.org/occurrence/6398723232
641,1,Oxalis suksdorfii,CC_BY,jonsense,iNaturalist,https://inaturalist-open-data.s3.amazonaws.com/photos/687169667/original.jpg,https://www.gbif.org/occurrence/6422821949
641,2,Oxalis suksdorfii,CC0,"ant, like the bug",iNaturalist,https://inaturalist-open-data.s3.amazonaws.com/photos/671549852/original.jpg,https://www.gbif.org/occurrence/6479733961
642,0,Oxalis trilliifolia,CC0,Barbara L. Wilson,iNaturalist,https://inaturalist-open-data.s3.amazonaws.com/photos/664403469/original.jpg,https://www.gbif.org/occurrence/6334716040
642,1,Oxalis trilliifolia,CC_BY,Dee Shea Himes,iNaturalist,https://inaturalist-open-data.s3.amazonaws.com/photos/670322296/original.jpg,https://www.gbif.org/occurrence/6353081410
642,2,Oxalis trilliifolia,CC_BY,Jeff Ward,iNaturalist,https://inaturalist-open-data.s3.amazonaws.com/photos/673053678/original.jpg,https://www.gbif.org/occurrence/6400705413
643,0,Packera bolanderi,CC_BY,David Anderson,iNaturalist,https://inaturalist-open-data.s3.amazonaws.com/photos/679415111/original.jpg,https://www.gbif.org/occurrence/6398678468
643,1,Packera bolanderi,CC_BY,Kieran Hanrahan,iNaturalist,https://inaturalist-open-data.s3.amazonaws.com/photos/725468306/original.jpg,https://www.gbif.org/occurrence/6520577796
643,2,Packera bolanderi,CC_BY,Kieran Hanrahan,iNaturalist,https://inaturalist-open-data.s3.amazonaws.com/photos/475126769/original.jpg,https://www.gbif.org/occurrence/5087756305
644,0,Packera cana,CC_BY,Zach Earl,iNaturalist,https://inaturalist-open-data.s3.amazonaws.com/photos/616656755/original.jpg,https://www.gbif.org/occurrence/6163388623
644,1,Packera cana,CC_BY,Daniel Patterson,iNaturalist,https://inaturalist-open-data.s3.amazonaws.com/photos/505050585/original.jpg,https://www.gbif.org/occurrence/5167963694
644,2,Packera cana,CC0,Deniz Wilson,iNaturalist,https://inaturalist-open-data.s3.amazonaws.com/photos/511707632/original.jpg,https://www.gbif.org/occurrence/5177097969
645,0,Packera macounii,CC_BY,Jeff Ward,iNaturalist,https://inaturalist-open-data.s3.amazonaws.com/photos/629391838/original.jpg,https://www.gbif.org/occurrence/6185136706
645,1,Packera macounii,CC0,Barbara L. Wilson,iNaturalist,https://inaturalist-open-data.s3.amazonaws.com/photos/654598561/original.jpg,https://www.gbif.org/occurrence/6273983326
645,2,Packera macounii,CC0,Barbara L. Wilson,iNaturalist,https://inaturalist-open-data.s3.amazonaws.com/photos/654600938/original.jpg,https://www.gbif.org/occurrence/6274211087
646,0,Paeonia brownii,CC_BY,Adam Schneider,iNaturalist,https://inaturalist-open-data.s3.amazonaws.com/photos/642558389/original.jpg,https://www.gbif.org/occurrence/6234192287
646,1,Paeonia brownii,CC_BY,Adam Schneider,iNaturalist,https://inaturalist-open-data.s3.amazonaws.com/photos/640588043/original.jpg,https://www.gbif.org/occurrence/6235404603
646,2,Paeonia brownii,CC_BY,Rachel Werling,iNaturalist,https://inaturalist-open-data.s3.amazonaws.com/photos/655634165/original.jpg,https://www.gbif.org/occurrence/6273347551
647,0,Panicum capillare,CC0,Barbara L. Wilson,iNaturalist,https://inaturalist-open-data.s3.amazonaws.com/photos/630618186/original.jpg,https://www.gbif.org/occurrence/6185027317
647,1,Panicum capillare,CC0,Barbara L. Wilson,iNaturalist,https://inaturalist-open-data.s3.amazonaws.com/photos/548265200/original.jpg,https://www.gbif.org/occurrence/5292751060
647,2,Panicum capillare,CC_BY,Ryan Donnelly,iNaturalist,https://inaturalist-open-data.s3.amazonaws.com/photos/309126959/original.jpg,https://www.gbif.org/occurrence/4177314445
648,0,Paxistima myrsinites,CC0,Mike Palmer,iNaturalist,https://inaturalist-open-data.s3.amazonaws.com/photos/607782257/original.jpg,https://www.gbif.org/occurrence/6129846800
648,1,Paxistima myrsinites,CC0,drew333,iNaturalist,https://inaturalist-open-data.s3.amazonaws.com/photos/634529540/original.jpg,https://www.gbif.org/occurrence/6195315410
648,2,Paxistima myrsinites,CC_BY,Noah Strycker,iNaturalist,https://inaturalist-open-data.s3.amazonaws.com/photos/635662499/original.jpg,https://www.gbif.org/occurrence/6195458898
649,0,Pectiantia pentandra,CC_BY,Cody Hinchliff,iNaturalist,https://inaturalist-open-data.s3.amazonaws.com/photos/696151763/original.jpg,https://www.gbif.org/occurrence/6470427306
649,1,Pectiantia pentandra,CC0,Craig Martin,iNaturalist,https://inaturalist-open-data.s3.amazonaws.com/photos/564782147/original.jpg,https://www.gbif.org/occurrence/5840120893
649,2,Pectiantia pentandra,CC_BY,Matt Berger,iNaturalist,https://inaturalist-open-data.s3.amazonaws.com/photos/598900534/original.jpg,https://www.gbif.org/occurrence/5932537382
650,0,Pedicularis bracteosa,CC0,Drew Meyer,iNaturalist,https://inaturalist-open-data.s3.amazonaws.com/photos/666600920/original.jpg,https://www.gbif.org/occurrence/6422775643
650,1,Pedicularis bracteosa,CC_BY,Kieran Hanrahan,iNaturalist,https://inaturalist-open-data.s3.amazonaws.com/photos/679352464/original.jpg,https://www.gbif.org/occurrence/6399226721
650,2,Pedicularis bracteosa,CC_BY,Arvel Hernandez,iNaturalist,https://inaturalist-open-data.s3.amazonaws.com/photos/697273173/original.jpg,https://www.gbif.org/occurrence/6441444684
651,0,Pedicularis groenlandica,CC_BY,Merlla McLaughlin,iNaturalist,https://inaturalist-open-data.s3.amazonaws.com/photos/664751237/original.jpg,https://www.gbif.org/occurrence/6422090967
651,1,Pedicularis groenlandica,CC_BY,Parker James Lloyd,iNaturalist,https://inaturalist-open-data.s3.amazonaws.com/photos/697639224/original.jpg,https://www.gbif.org/occurrence/6451911326
651,2,Pedicularis groenlandica,CC_BY,Adam Schneider,iNaturalist,https://inaturalist-open-data.s3.amazonaws.com/photos/523988927/original.jpg,https://www.gbif.org/occurrence/5205849170
652,0,Pedicularis racemosa,CC_BY,Merlla McLaughlin,iNaturalist,https://inaturalist-open-data.s3.amazonaws.com/photos/685564442/original.jpg,https://www.gbif.org/occurrence/6422481924
652,1,Pedicularis racemosa,CC_BY,Merlla McLaughlin,iNaturalist,https://inaturalist-open-data.s3.amazonaws.com/photos/685571604/original.jpg,https://www.gbif.org/occurrence/6423091001
652,2,Pedicularis racemosa,CC_BY,Arvel Hernandez,iNaturalist,https://inaturalist-open-data.s3.amazonaws.com/photos/697273594/original.jpg,https://www.gbif.org/occurrence/6441188491
653,0,Penstemon cardwellii,CC_BY,Adam Schneider,iNaturalist,https://inaturalist-open-data.s3.amazonaws.com/photos/632979865/original.jpg,https://www.gbif.org/occurrence/6188175160
653,1,Penstemon cardwellii,CC0,Aaron Liston,iNaturalist,https://inaturalist-open-data.s3.amazonaws.com/photos/664728576/original.jpg,https://www.gbif.org/occurrence/6334320310
653,2,Penstemon cardwellii,CC0,Aaron Liston,iNaturalist,https://inaturalist-open-data.s3.amazonaws.com/photos/670786428/original.jpg,https://www.gbif.org/occurrence/6352489855
654,0,Penstemon davidsonii,CC_BY,Konshau Duman,iNaturalist,https://inaturalist-open-data.s3.amazonaws.com/photos/629464457/original.jpg,https://www.gbif.org/occurrence/6186074331
654,1,Penstemon davidsonii,CC_BY,Steve Matson,iNaturalist,https://inaturalist-open-data.s3.amazonaws.com/photos/701857755/original.jpg,https://www.gbif.org/occurrence/6470206788
654,2,Penstemon davidsonii,CC_BY,Adam Schneider,iNaturalist,https://inaturalist-open-data.s3.amazonaws.com/photos/513611787/original.jpg,https://www.gbif.org/occurrence/5177206022
655,0,Penstemon deustus,CC_BY,Zach Earl,iNaturalist,https://inaturalist-open-data.s3.amazonaws.com/photos/616568652/original.jpg,https://www.gbif.org/occurrence/6163311412
655,1,Penstemon deustus,CC_BY,"Leo ""Jake"" Jacobsen",iNaturalist,https://inaturalist-open-data.s3.amazonaws.com/photos/665422843/original.jpg,https://www.gbif.org/occurrence/6352624356
655,2,Penstemon deustus,CC_BY,Michael O'Loughlin,iNaturalist,https://inaturalist-open-data.s3.amazonaws.com/photos/665351713/original.jpg,https://www.gbif.org/occurrence/6498603354
656,0,Penstemon euglaucus,CC_BY,Adam Schneider,iNaturalist,https://inaturalist-open-data.s3.amazonaws.com/photos/665335175/original.jpg,https://www.gbif.org/occurrence/6480150636
656,1,Penstemon euglaucus,CC_BY,Shaun Case,iNaturalist,https://inaturalist-open-data.s3.amazonaws.com/photos/530831280/original.jpg,https://www.gbif.org/occurrence/6185672459
656,2,Penstemon euglaucus,CC_BY,Matt Berger,iNaturalist,https://inaturalist-open-data.s3.amazonaws.com/photos/598892136/original.jpg,https://www.gbif.org/occurrence/5932677455
657,0,Penstemon fruticosus,CC_BY,Konshau Duman,iNaturalist,https://inaturalist-open-data.s3.amazonaws.com/photos/629464086/original.jpg,https://www.gbif.org/occurrence/6186082838
657,1,Penstemon fruticosus,CC_BY,James H. Thomas,iNaturalist,https://inaturalist-open-data.s3.amazonaws.com/photos/657561253/original.jpg,https://www.gbif.org/occurrence/6274232846
657,2,Penstemon fruticosus,CC_BY,Adam Schneider,iNaturalist,https://inaturalist-open-data.s3.amazonaws.com/photos/665216998/original.jpg,https://www.gbif.org/occurrence/6334382553
658,0,Penstemon humilis,CC_BY,Adam Schneider,iNaturalist,https://inaturalist-open-data.s3.amazonaws.com/photos/666880078/original.jpg,https://www.gbif.org/occurrence/6352647400
658,1,Penstemon humilis,CC_BY,Adam Schneider,iNaturalist,https://inaturalist-open-data.s3.amazonaws.com/photos/666874698/original.jpg,https://www.gbif.org/occurrence/6353238588
658,2,Penstemon humilis,CC0,Tom Wainwright,iNaturalist,https://inaturalist-open-data.s3.amazonaws.com/photos/685762900/original.jpg,https://www.gbif.org/occurrence/6422335484
659,0,Penstemon procerus,CC0,Paul McClellan,iNaturalist,https://inaturalist-open-data.s3.amazonaws.com/photos/401749804/original.jpg,https://www.gbif.org/occurrence/4980672200
659,1,Penstemon procerus,CC0,Tom Wainwright,iNaturalist,https://inaturalist-open-data.s3.amazonaws.com/photos/287439088/original.jpg,https://www.gbif.org/occurrence/4133632516
659,2,Penstemon procerus,CC0,Chuck Sexton,iNaturalist,https://inaturalist-open-data.s3.amazonaws.com/photos/301064977/original.jpg,https://www.gbif.org/occurrence/4506402017
660,0,Penstemon richardsonii,CC_BY,Zach Earl,iNaturalist,https://inaturalist-open-data.s3.amazonaws.com/photos/616666223/original.jpg,https://www.gbif.org/occurrence/6163170107
660,1,Penstemon richardsonii,CC_BY,Jeff Ward,iNaturalist,https://inaturalist-open-data.s3.amazonaws.com/photos/632894664/original.jpg,https://www.gbif.org/occurrence/6188000435
660,2,Penstemon richardsonii,CC_BY,Jeff Ward,iNaturalist,https://inaturalist-open-data.s3.amazonaws.com/photos/637865176/original.jpg,https://www.gbif.org/occurrence/6234281395
661,0,Penstemon roezlii,CC_BY,Rodamu,iNaturalist,https://inaturalist-open-data.s3.amazonaws.com/photos/657758273/original.jpg,https://www.gbif.org/occurrence/6273617520
661,1,Penstemon roezlii,CC_BY,Adam Schneider,iNaturalist,https://inaturalist-open-data.s3.amazonaws.com/photos/658928971/original.jpg,https://www.gbif.org/occurrence/6320807508
661,2,Penstemon roezlii,CC_BY,Dee Shea Himes,iNaturalist,https://inaturalist-open-data.s3.amazonaws.com/photos/661834415/original.jpg,https://www.gbif.org/occurrence/6320905815
662,0,Penstemon rupicola,CC_BY,Jeff Ward,iNaturalist,https://inaturalist-open-data.s3.amazonaws.com/photos/632894726/original.jpg,https://www.gbif.org/occurrence/6188480038
662,1,Penstemon rupicola,CC_BY,Audrey Lacey,iNaturalist,https://inaturalist-open-data.s3.amazonaws.com/photos/648883781/original.jpg,https://www.gbif.org/occurrence/6251792091
662,2,Penstemon rupicola,CC_BY,carbapple,iNaturalist,https://inaturalist-open-data.s3.amazonaws.com/photos/666226835/original.jpg,https://www.gbif.org/occurrence/6333911734
663,0,Penstemon rydbergii,CC_BY,Adam Schneider,iNaturalist,https://inaturalist-open-data.s3.amazonaws.com/photos/399301140/original.jpg,https://www.gbif.org/occurrence/4946460243
663,1,Penstemon rydbergii,CC0,Sean Haight,iNaturalist,https://inaturalist-open-data.s3.amazonaws.com/photos/293481985/original.jpg,https://www.gbif.org/occurrence/5007739687
663,2,Penstemon rydbergii,CC_BY,Adam Schneider,iNaturalist,https://inaturalist-open-data.s3.amazonaws.com/photos/311028495/original.jpg,https://www.gbif.org/occurrence/4399899916
664,0,Penstemon serrulatus,CC0,Drew Meyer,iNaturalist,https://inaturalist-open-data.s3.amazonaws.com/photos/607328506/original.jpg,https://www.gbif.org/occurrence/6178860649
664,1,Penstemon serrulatus,CC_BY,wildflowerwatching,iNaturalist,https://inaturalist-open-data.s3.amazonaws.com/photos/684937147/original.jpg,https://www.gbif.org/occurrence/6422887657
664,2,Penstemon serrulatus,CC_BY,Kieran Hanrahan,iNaturalist,https://inaturalist-open-data.s3.amazonaws.com/photos/691091386/original.jpg,https://www.gbif.org/occurrence/6431362952
665,0,Penstemon speciosus,CC_BY,Adam Schneider,iNaturalist,https://inaturalist-open-data.s3.amazonaws.com/photos/666910027/original.jpg,https://www.gbif.org/occurrence/6518406942
665,1,Penstemon speciosus,CC0,Tom Wainwright,iNaturalist,https://inaturalist-open-data.s3.amazonaws.com/photos/685763126/original.jpg,https://www.gbif.org/occurrence/6422174677
665,2,Penstemon speciosus,CC_BY,Andrew Still,iNaturalist,https://inaturalist-open-data.s3.amazonaws.com/photos/688522611/original.jpg,https://www.gbif.org/occurrence/6480763635
666,0,Pentaglottis sempervirens,CC_BY,Jeff Ward,iNaturalist,https://inaturalist-open-data.s3.amazonaws.com/photos/613076236/original.jpg,https://www.gbif.org/occurrence/6147563778
666,1,Pentaglottis sempervirens,CC_BY,Kieran Hanrahan,iNaturalist,https://inaturalist-open-data.s3.amazonaws.com/photos/622661243/original.jpg,https://www.gbif.org/occurrence/6178512832
666,2,Pentaglottis sempervirens,CC_BY,David Anderson,iNaturalist,https://inaturalist-open-data.s3.amazonaws.com/photos/644041168/original.jpg,https://www.gbif.org/occurrence/6236178050
667,0,Pentagramma triangularis,CC_BY,Jeff Ward,iNaturalist,https://inaturalist-open-data.s3.amazonaws.com/photos/623043836/original.jpg,https://www.gbif.org/occurrence/6178305501
667,1,Pentagramma triangularis,CC0,Barbara L. Wilson,iNaturalist,https://inaturalist-open-data.s3.amazonaws.com/photos/625346323/original.jpg,https://www.gbif.org/occurrence/6178739496
667,2,Pentagramma triangularis,CC_BY,Jeff Ward,iNaturalist,https://inaturalist-open-data.s3.amazonaws.com/photos/628649781/original.jpg,https://www.gbif.org/occurrence/6184867523
668,0,Persicaria amphibia,CC_BY,Cris Waller,iNaturalist,https://inaturalist-open-data.s3.amazonaws.com/photos/522527419/original.jpg,https://www.gbif.org/occurrence/5231218781
668,1,Persicaria amphibia,CC_BY,Gabriel Campbell-Martinez,iNaturalist,https://inaturalist-open-data.s3.amazonaws.com/photos/545521345/original.jpg,https://www.gbif.org/occurrence/6188478016
668,2,Persicaria amphibia,CC_BY,Patricia Teague,iNaturalist,https://inaturalist-open-data.s3.amazonaws.com/photos/529930441/original.jpg,https://www.gbif.org/occurrence/5230436889
669,0,Persicaria maculosa,CC_BY,Jerry Kensler,iNaturalist,https://inaturalist-open-data.s3.amazonaws.com/photos/561129515/original.jpg,https://www.gbif.org/occurrence/5759833375
669,1,Persicaria maculosa,CC_BY,Kieran Hanrahan,iNaturalist,https://inaturalist-open-data.s3.amazonaws.com/photos/591738729/original.jpg,https://www.gbif.org/occurrence/5897184961
669,2,Persicaria maculosa,CC_BY,Kieran Hanrahan,iNaturalist,https://inaturalist-open-data.s3.amazonaws.com/photos/402986358/original.jpg,https://www.gbif.org/occurrence/4908614975
670,0,Petasites frigidus,CC_BY,Zach Earl,iNaturalist,https://inaturalist-open-data.s3.amazonaws.com/photos/616661166/original.jpg,https://www.gbif.org/occurrence/6162797829
670,1,Petasites frigidus,CC_BY,Zach Earl,iNaturalist,https://inaturalist-open-data.s3.amazonaws.com/photos/616661108/original.jpg,https://www.gbif.org/occurrence/6162849354
670,2,Petasites frigidus,CC_BY,Zach Earl,iNaturalist,https://inaturalist-open-data.s3.amazonaws.com/photos/616661152/original.jpg,https://www.gbif.org/occurrence/6163059278
671,0,Phacelia hastata,CC_BY,Zach Earl,iNaturalist,https://inaturalist-open-data.s3.amazonaws.com/photos/617498737/original.jpg,https://www.gbif.org/occurrence/6162847178
671,1,Phacelia hastata,CC_BY,Daniel Patterson,iNaturalist,https://inaturalist-open-data.s3.amazonaws.com/photos/647500268/original.jpg,https://www.gbif.org/occurrence/6234454756
671,2,Phacelia hastata,CC_BY,Michael O'Loughlin,iNaturalist,https://inaturalist-open-data.s3.amazonaws.com/photos/665174079/original.jpg,https://www.gbif.org/occurrence/6333959745
672,0,Phacelia heterophylla,CC_BY,Rachel Werling,iNaturalist,https://inaturalist-open-data.s3.amazonaws.com/photos/635303560/original.jpg,https://www.gbif.org/occurrence/6195376416
672,1,Phacelia heterophylla,CC_BY,Adam Schneider,iNaturalist,https://inaturalist-open-data.s3.amazonaws.com/photos/658930835/original.jpg,https://www.gbif.org/occurrence/6320542747
672,2,Phacelia heterophylla,CC_BY,Michael O'Loughlin,iNaturalist,https://inaturalist-open-data.s3.amazonaws.com/photos/665350528/original.jpg,https://www.gbif.org/occurrence/6520234886
673,0,Phacelia linearis,CC_BY,lionessmoon,iNaturalist,https://inaturalist-open-data.s3.amazonaws.com/photos/656343552/original.jpg,https://www.gbif.org/occurrence/6273384066
673,1,Phacelia linearis,CC_BY,Jeff Ward,iNaturalist,https://inaturalist-open-data.s3.amazonaws.com/photos/661423451/original.jpg,https://www.gbif.org/occurrence/6320923442
673,2,Phacelia linearis,CC0,Drew Meyer,iNaturalist,https://inaturalist-open-data.s3.amazonaws.com/photos/666290035/original.jpg,https://www.gbif.org/occurrence/6334431999
674,0,Phacelia nemoralis,CC_BY,Zach Earl,iNaturalist,https://inaturalist-open-data.s3.amazonaws.com/photos/616663061/original.jpg,https://www.gbif.org/occurrence/6163271219
674,1,Phacelia nemoralis,CC_BY,Jeff Ward,iNaturalist,https://inaturalist-open-data.s3.amazonaws.com/photos/621596327/original.jpg,https://www.gbif.org/occurrence/6179079584
674,2,Phacelia nemoralis,CC_BY,Cris Waller,iNaturalist,https://inaturalist-open-data.s3.amazonaws.com/photos/626845748/original.jpg,https://www.gbif.org/occurrence/6185683460
675,0,Phalaris arundinacea,CC0,Barbara L. Wilson,iNaturalist,https://inaturalist-open-data.s3.amazonaws.com/photos/629200476/original.jpg,https://www.gbif.org/occurrence/6184937199
675,1,Phalaris arundinacea,CC0,Barbara L. Wilson,iNaturalist,https://inaturalist-open-data.s3.amazonaws.com/photos/629196821/original.jpg,https://www.gbif.org/occurrence/6185065895
675,2,Phalaris arundinacea,CC0,Barbara L. Wilson,iNaturalist,https://inaturalist-open-data.s3.amazonaws.com/photos/629199222/original.jpg,https://www.gbif.org/occurrence/6185547542
676,0,Philadelphus lewisii,CC0,Barbara L. Wilson,iNaturalist,https://inaturalist-open-data.s3.amazonaws.com/photos/630209839/original.jpg,https://www.gbif.org/occurrence/6185448223
676,1,Philadelphus lewisii,CC_BY,Daniel Patterson,iNaturalist,https://inaturalist-open-data.s3.amazonaws.com/photos/645408665/original.jpg,https://www.gbif.org/occurrence/6234989823
676,2,Philadelphus lewisii,CC_BY,Jeff Ward,iNaturalist,https://inaturalist-open-data.s3.amazonaws.com/photos/642030679/original.jpg,https://www.gbif.org/occurrence/6235784674
677,0,Phlox adsurgens,CC0,Aaron Liston,iNaturalist,https://inaturalist-open-data.s3.amazonaws.com/photos/652568260/original.jpg,https://www.gbif.org/occurrence/6251501638
677,1,Phlox adsurgens,CC0,Drew Meyer,iNaturalist,https://inaturalist-open-data.s3.amazonaws.com/photos/666285596/original.jpg,https://www.gbif.org/occurrence/6333999568
677,2,Phlox adsurgens,CC_BY,Dee Shea Himes,iNaturalist,https://inaturalist-open-data.s3.amazonaws.com/photos/664827316/original.jpg,https://www.gbif.org/occurrence/6334400852
678,0,Phlox diffusa,CC_BY,Jeff Ward,iNaturalist,https://inaturalist-open-data.s3.amazonaws.com/photos/652948335/original.jpg,https://www.gbif.org/occurrence/6251824325
678,1,Phlox diffusa,CC_BY,Judi Sanders,iNaturalist,https://inaturalist-open-data.s3.amazonaws.com/photos/635792650/original.jpg,https://www.gbif.org/occurrence/6195999732
678,2,Phlox diffusa,CC_BY,Parker James Lloyd,iNaturalist,https://inaturalist-open-data.s3.amazonaws.com/photos/650160057/original.jpg,https://www.gbif.org/occurrence/6251494699
679,0,Phlox gracilis,CC0,Tom Wainwright,iNaturalist,https://inaturalist-open-data.s3.amazonaws.com/photos/630316989/original.jpg,https://www.gbif.org/occurrence/6184993775
679,1,Phlox gracilis,CC0,Barbara L. Wilson,iNaturalist,https://inaturalist-open-data.s3.amazonaws.com/photos/631603281/original.jpg,https://www.gbif.org/occurrence/6187968002
679,2,Phlox gracilis,CC0,Barbara L. Wilson,iNaturalist,https://inaturalist-open-data.s3.amazonaws.com/photos/631305390/original.jpg,https://www.gbif.org/occurrence/6188269612
680,0,Phlox hoodii,CC0,Barbara L. Wilson,iNaturalist,https://inaturalist-open-data.s3.amazonaws.com/photos/630545818/original.jpg,https://www.gbif.org/occurrence/6185778339
680,1,Phlox hoodii,CC0,Barbara L. Wilson,iNaturalist,https://inaturalist-open-data.s3.amazonaws.com/photos/630504004/original.jpg,https://www.gbif.org/occurrence/6185968159
680,2,Phlox hoodii,CC0,Drew Meyer,iNaturalist,https://inaturalist-open-data.s3.amazonaws.com/photos/349953443/original.jpeg,https://www.gbif.org/occurrence/5920212263
681,0,Phlox longifolia,CC0,Zachary S.L. Foster,iNaturalist,https://inaturalist-open-data.s3.amazonaws.com/photos/666753643/original.jpg,https://www.gbif.org/occurrence/6334048309
681,1,Phlox longifolia,CC_BY,rappman,iNaturalist,https://inaturalist-open-data.s3.amazonaws.com/photos/504178956/original.jpg,https://www.gbif.org/occurrence/5166971237
681,2,Phlox longifolia,CC_BY,Gabriel Campbell-Martinez,iNaturalist,https://inaturalist-open-data.s3.amazonaws.com/photos/520616460/original.jpg,https://www.gbif.org/occurrence/5198616239
682,0,Phlox speciosa,CC_BY,Jeff Ward,iNaturalist,https://inaturalist-open-data.s3.amazonaws.com/photos/628286737/original.jpg,https://www.gbif.org/occurrence/6185631788
682,1,Phlox speciosa,CC_BY,Jeff Ward,iNaturalist,https://inaturalist-open-data.s3.amazonaws.com/photos/631992727/original.jpg,https://www.gbif.org/occurrence/6188161671
682,2,Phlox speciosa,CC_BY,Dee Shea Himes,iNaturalist,https://inaturalist-open-data.s3.amazonaws.com/photos/632930305/original.jpg,https://www.gbif.org/occurrence/6188457701
683,0,Phoenicaulis cheiranthoides,CC_BY,James H. Thomas,iNaturalist,https://inaturalist-open-data.s3.amazonaws.com/photos/657976511/original.jpg,https://www.gbif.org/occurrence/6320328050
683,1,Phoenicaulis cheiranthoides,CC0,Drew Meyer,iNaturalist,https://inaturalist-open-data.s3.amazonaws.com/photos/663861073/original.jpg,https://www.gbif.org/occurrence/6333861771
683,2,Phoenicaulis cheiranthoides,CC0,Drew Meyer,iNaturalist,https://inaturalist-open-data.s3.amazonaws.com/photos/663642878/original.jpg,https://www.gbif.org/occurrence/6334642019
684,0,Phoradendron leucarpum,CC_BY,Aden Sommerville,iNaturalist,https://inaturalist-open-data.s3.amazonaws.com/photos/610440588/original.jpg,https://www.gbif.org/occurrence/6130163448
684,1,Phoradendron leucarpum,CC0,Barbara L. Wilson,iNaturalist,https://inaturalist-open-data.s3.amazonaws.com/photos/622591773/original.jpg,https://www.gbif.org/occurrence/6178485679
684,2,Phoradendron leucarpum,CC_BY,Ed Alverson,iNaturalist,https://inaturalist-open-data.s3.amazonaws.com/photos/629509337/original.jpg,https://www.gbif.org/occurrence/6185057847
685,0,Phyllodoce empetriformis,CC_BY,Kieran Hanrahan,iNaturalist,https://inaturalist-open-data.s3.amazonaws.com/photos/696961891/original.jpg,https://www.gbif.org/occurrence/6442087569
685,1,Phyllodoce empetriformis,CC_BY,David Anderson,iNaturalist,https://inaturalist-open-data.s3.amazonaws.com/photos/528909424/original.jpg,https://www.gbif.org/occurrence/5216386832
685,2,Phyllodoce empetriformis,CC_BY,Daniel Patterson,iNaturalist,https://inaturalist-open-data.s3.amazonaws.com/photos/519264795/original.jpg,https://www.gbif.org/occurrence/5760173301
686,0,Physocarpus capitatus,CC_BY,Brodie Cass Talbott,iNaturalist,https://inaturalist-open-data.s3.amazonaws.com/photos/621260778/original.jpg,https://www.gbif.org/occurrence/6178841842
686,1,Physocarpus capitatus,CC0,Barbara L. Wilson,iNaturalist,https://inaturalist-open-data.s3.amazonaws.com/photos/633504326/original.jpg,https://www.gbif.org/occurrence/6188143002
686,2,Physocarpus capitatus,CC_BY,ubuntu,iNaturalist,https://inaturalist-open-data.s3.amazonaws.com/photos/640305559/original.jpg,https://www.gbif.org/occurrence/6235985765
687,0,Phytolacca americana,CC_BY,David Anderson,iNaturalist,https://inaturalist-open-data.s3.amazonaws.com/photos/645089670/original.jpg,https://www.gbif.org/occurrence/6234386861
687,1,Phytolacca americana,CC_BY,Aden Sommerville,iNaturalist,https://inaturalist-open-data.s3.amazonaws.com/photos/676299725/original.jpg,https://www.gbif.org/occurrence/6398683789
687,2,Phytolacca americana,CC_BY,Bob Henry,iNaturalist,https://inaturalist-open-data.s3.amazonaws.com/photos/690484390/original.jpg,https://www.gbif.org/occurrence/6431292828
688,0,Picea engelmannii,CC0,Drew Meyer,iNaturalist,https://inaturalist-open-data.s3.amazonaws.com/photos/607327920/original.jpg,https://www.gbif.org/occurrence/6130526476
688,1,Picea engelmannii,CC_BY,Merlla McLaughlin,iNaturalist,https://inaturalist-open-data.s3.amazonaws.com/photos/664714799/original.jpg,https://www.gbif.org/occurrence/6334138759
688,2,Picea engelmannii,CC_BY,Bob Earle,iNaturalist,https://inaturalist-open-data.s3.amazonaws.com/photos/674689001/original.jpg,https://www.gbif.org/occurrence/6399149663
689,0,Picea sitchensis,CC0,Drew Meyer,iNaturalist,https://inaturalist-open-data.s3.amazonaws.com/photos/610065812/original.jpg,https://www.gbif.org/occurrence/6130506466
689,1,Picea sitchensis,CC0,Drew Meyer,iNaturalist,https://inaturalist-open-data.s3.amazonaws.com/photos/610065971/original.jpg,https://www.gbif.org/occurrence/6131291462
689,2,Picea sitchensis,CC0,Dave Miller,iNaturalist,https://inaturalist-open-data.s3.amazonaws.com/photos/615895641/original.jpg,https://www.gbif.org/occurrence/6159185522
690,0,Pinus albicaulis,CC0,Aaron Liston,iNaturalist,https://inaturalist-open-data.s3.amazonaws.com/photos/682738666/original.jpg,https://www.gbif.org/occurrence/6469771355
690,1,Pinus albicaulis,CC_BY,Zack Abbey,iNaturalist,https://inaturalist-open-data.s3.amazonaws.com/photos/697407304/original.jpg,https://www.gbif.org/occurrence/6441117953
690,2,Pinus albicaulis,CC_BY,Sam Bucciarelli,iNaturalist,https://inaturalist-open-data.s3.amazonaws.com/photos/700283633/original.jpg,https://www.gbif.org/occurrence/6470270827
691,0,Pinus contorta,CC0,Aaron Liston,iNaturalist,https://inaturalist-open-data.s3.amazonaws.com/photos/609390791/original.jpg,https://www.gbif.org/occurrence/6129900253
691,1,Pinus contorta,CC0,Barbara L. Wilson,iNaturalist,https://inaturalist-open-data.s3.amazonaws.com/photos/608529413/original.jpg,https://www.gbif.org/occurrence/6130910993
691,2,Pinus contorta,CC_BY,Zach Earl,iNaturalist,https://inaturalist-open-data.s3.amazonaws.com/photos/617498199/original.jpg,https://www.gbif.org/occurrence/6163161590
692,0,Pinus jeffreyi,CC_BY,Jeff Ward,iNaturalist,https://inaturalist-open-data.s3.amazonaws.com/photos/627818334/original.jpg,https://www.gbif.org/occurrence/6185105540
692,1,Pinus jeffreyi,CC0,Barbara L. Wilson,iNaturalist,https://inaturalist-open-data.s3.amazonaws.com/photos/659694082/original.jpg,https://www.gbif.org/occurrence/6320581858
692,2,Pinus jeffreyi,CC0,Barbara L. Wilson,iNaturalist,https://inaturalist-open-data.s3.amazonaws.com/photos/659709599/original.jpg,https://www.gbif.org/occurrence/6334405376
693,0,Pinus lambertiana,CC_BY,Dee Shea Himes,iNaturalist,https://inaturalist-open-data.s3.amazonaws.com/photos/604637941/original.jpg,https://www.gbif.org/occurrence/5938065395
693,1,Pinus lambertiana,CC_BY,Jeff Ward,iNaturalist,https://inaturalist-open-data.s3.amazonaws.com/photos/628287343/original.jpg,https://www.gbif.org/occurrence/6185928064
693,2,Pinus lambertiana,CC0,Barbara L. Wilson,iNaturalist,https://inaturalist-open-data.s3.amazonaws.com/photos/659784107/original.jpg,https://www.gbif.org/occurrence/6321175037
694,0,Pinus monticola,CC0,Kate Manning,iNaturalist,https://inaturalist-open-data.s3.amazonaws.com/photos/637378868/original.jpg,https://www.gbif.org/occurrence/6234858766
694,1,Pinus monticola,CC0,Barbara L. Wilson,iNaturalist,https://inaturalist-open-data.s3.amazonaws.com/photos/646037328/original.jpg,https://www.gbif.org/occurrence/6235251759
694,2,Pinus monticola,CC_BY,Kieran Hanrahan,iNaturalist,https://inaturalist-open-data.s3.amazonaws.com/photos/682493867/original.jpg,https://www.gbif.org/occurrence/6414058650
695,0,Pinus ponderosa,CC_BY,Zach Earl,iNaturalist,https://inaturalist-open-data.s3.amazonaws.com/photos/617785343/original.jpg,https://www.gbif.org/occurrence/6163102199
695,1,Pinus ponderosa,CC_BY,Zach Earl,iNaturalist,https://inaturalist-open-data.s3.amazonaws.com/photos/616664842/original.jpg,https://www.gbif.org/occurrence/6163307976
695,2,Pinus ponderosa,CC_BY,Brodie Cass Talbott,iNaturalist,https://inaturalist-open-data.s3.amazonaws.com/photos/619962160/original.jpg,https://www.gbif.org/occurrence/6171110375
696,0,Plagiobothrys figuratus,CC_BY,Jeff Ward,iNaturalist,https://inaturalist-open-data.s3.amazonaws.com/photos/511984402/original.jpg,https://www.gbif.org/occurrence/5176632774
696,1,Plagiobothrys figuratus,CC_BY,Don Boucher,iNaturalist,https://inaturalist-open-data.s3.amazonaws.com/photos/365111512/original.jpg,https://www.gbif.org/occurrence/4852694297
696,2,Plagiobothrys figuratus,CC0,Kate Manning,iNaturalist,https://inaturalist-open-data.s3.amazonaws.com/photos/281692154/original.jpg,https://www.gbif.org/occurrence/4121420094
697,0,Plagiobothrys scouleri,CC0,Alan Weakley,iNaturalist,https://inaturalist-open-data.s3.amazonaws.com/photos/380975970/original.jpg,https://www.gbif.org/occurrence/4863526746
697,1,Plagiobothrys scouleri,CC0,Mary Lynn Roush,iNaturalist,https://inaturalist-open-data.s3.amazonaws.com/photos/383630068/original.jpeg,https://www.gbif.org/occurrence/5062663167
697,2,Plagiobothrys scouleri,CC0,Kate Manning,iNaturalist,https://inaturalist-open-data.s3.amazonaws.com/photos/193393474/original.jpg,https://www.gbif.org/occurrence/3772964763
698,0,Plagiothecium undulatum,CC0,Wren Harris,iNaturalist,https://inaturalist-open-data.s3.amazonaws.com/photos/469264623/original.jpg,https://www.gbif.org/occurrence/5064028093
698,1,Plagiothecium undulatum,CC_BY,Lee Cain,iNaturalist,https://inaturalist-open-data.s3.amazonaws.com/photos/488565928/original.jpg,https://www.gbif.org/occurrence/5134654533
698,2,Plagiothecium undulatum,CC_BY,Tara Severns,iNaturalist,https://inaturalist-open-data.s3.amazonaws.com/photos/513440657/original.jpg,https://www.gbif.org/occurrence/5176598553
699,0,Plantago coronopus,CC0,Barbara L. Wilson,iNaturalist,https://inaturalist-open-data.s3.amazonaws.com/photos/620871542/original.jpg,https://www.gbif.org/occurrence/6178345721
699,1,Plantago coronopus,CC0,Barbara L. Wilson,iNaturalist,https://inaturalist-open-data.s3.amazonaws.com/photos/625231935/original.jpg,https://www.gbif.org/occurrence/6179307606
699,2,Plantago coronopus,CC0,Barbara L. Wilson,iNaturalist,https://inaturalist-open-data.s3.amazonaws.com/photos/625233154/original.jpg,https://www.gbif.org/occurrence/6179340529
700,0,Plantago lanceolata,CC0,Barbara L. Wilson,iNaturalist,https://inaturalist-open-data.s3.amazonaws.com/photos/608986784/original.jpg,https://www.gbif.org/occurrence/6130474476
700,1,Plantago lanceolata,CC0,Barbara L. Wilson,iNaturalist,https://inaturalist-open-data.s3.amazonaws.com/photos/608986912/original.jpg,https://www.gbif.org/occurrence/6130739270
700,2,Plantago lanceolata,CC0,Dave Miller,iNaturalist,https://inaturalist-open-data.s3.amazonaws.com/photos/615894828/original.jpg,https://www.gbif.org/occurrence/6159455664
701,0,Plantago major,CC0,Barbara L. Wilson,iNaturalist,https://inaturalist-open-data.s3.amazonaws.com/photos/630591597/original.jpg,https://www.gbif.org/occurrence/6185357872
701,1,Plantago major,CC0,Barbara L. Wilson,iNaturalist,https://inaturalist-open-data.s3.amazonaws.com/photos/633507293/original.jpg,https://www.gbif.org/occurrence/6188553227
701,2,Plantago major,CC_BY,Judi Sanders,iNaturalist,https://inaturalist-open-data.s3.amazonaws.com/photos/651064810/original.jpg,https://www.gbif.org/occurrence/6251855827
702,0,Plantago maritima,CC0,Barbara L. Wilson,iNaturalist,https://inaturalist-open-data.s3.amazonaws.com/photos/625233220/original.jpg,https://www.gbif.org/occurrence/6178752252
702,1,Plantago maritima,CC_BY,Judi Sanders,iNaturalist,https://inaturalist-open-data.s3.amazonaws.com/photos/642686112/original.jpg,https://www.gbif.org/occurrence/6236151872
702,2,Plantago maritima,CC_BY,jonsense,iNaturalist,https://inaturalist-open-data.s3.amazonaws.com/photos/685085149/original.jpg,https://www.gbif.org/occurrence/6423105414
703,0,Platanthera dilatata,CC_BY,jonsense,iNaturalist,https://inaturalist-open-data.s3.amazonaws.com/photos/688055608/original.jpg,https://www.gbif.org/occurrence/6423033691
703,1,Platanthera dilatata,CC_BY,Andrew Still,iNaturalist,https://inaturalist-open-data.s3.amazonaws.com/photos/690348071/original.jpg,https://www.gbif.org/occurrence/6431254926
703,2,Platanthera dilatata,CC0,Robert Pennington,iNaturalist,https://inaturalist-open-data.s3.amazonaws.com/photos/685956801/original.jpg,https://www.gbif.org/occurrence/6498805186
704,0,Platanthera elegans,CC_BY,Ed Alverson,iNaturalist,https://inaturalist-open-data.s3.amazonaws.com/photos/681312067/original.jpg,https://www.gbif.org/occurrence/6413097391
704,1,Platanthera elegans,CC0,Kate Manning,iNaturalist,https://inaturalist-open-data.s3.amazonaws.com/photos/694367604/original.jpg,https://www.gbif.org/occurrence/6441585641
704,2,Platanthera elegans,CC_BY,Jeff Ward,iNaturalist,https://inaturalist-open-data.s3.amazonaws.com/photos/710755274/original.jpg,https://www.gbif.org/occurrence/6480832416
705,0,Platanthera sparsiflora,CC_BY,Rodamu,iNaturalist,https://inaturalist-open-data.s3.amazonaws.com/photos/657760073/original.jpg,https://www.gbif.org/occurrence/6273348555
705,1,Platanthera sparsiflora,CC_BY,Dee Shea Himes,iNaturalist,https://inaturalist-open-data.s3.amazonaws.com/photos/664484265/original.jpg,https://www.gbif.org/occurrence/6334924689
705,2,Platanthera sparsiflora,CC_BY,Dee Shea Himes,iNaturalist,https://inaturalist-open-data.s3.amazonaws.com/photos/676111589/original.jpg,https://www.gbif.org/occurrence/6400045703
706,0,Platanthera stricta,CC_BY,Cody Hinchliff,iNaturalist,https://inaturalist-open-data.s3.amazonaws.com/photos/697984113/original.jpg,https://www.gbif.org/occurrence/6470269930
706,1,Platanthera stricta,CC_BY,David Anderson,iNaturalist,https://inaturalist-open-data.s3.amazonaws.com/photos/525431262/original.jpg,https://www.gbif.org/occurrence/5206199637
706,2,Platanthera stricta,CC_BY,Kieran Hanrahan,iNaturalist,https://inaturalist-open-data.s3.amazonaws.com/photos/525379728/original.jpg,https://www.gbif.org/occurrence/5206454609
707,0,Plectritis congesta,CC_BY,Dee Shea Himes,iNaturalist,https://inaturalist-open-data.s3.amazonaws.com/photos/623267222/original.jpg,https://www.gbif.org/occurrence/6178562007
707,1,Plectritis congesta,CC_BY,Judi Sanders,iNaturalist,https://inaturalist-open-data.s3.amazonaws.com/photos/626866677/original.jpg,https://www.gbif.org/occurrence/6184914914
707,2,Plectritis congesta,CC0,Kate Manning,iNaturalist,https://inaturalist-open-data.s3.amazonaws.com/photos/627056141/original.jpg,https://www.gbif.org/occurrence/6185516338
708,0,Plectritis macroptera,CC_BY,Kieran Hanrahan,iNaturalist,https://inaturalist-open-data.s3.amazonaws.com/photos/641089171/original.jpg,https://www.gbif.org/occurrence/6235594945
708,1,Plectritis macroptera,CC_BY,Jeff Ward,iNaturalist,https://inaturalist-open-data.s3.amazonaws.com/photos/638294320/original.jpg,https://www.gbif.org/occurrence/6235637539
708,2,Plectritis macroptera,CC_BY,Mark Pollock,iNaturalist,https://inaturalist-open-data.s3.amazonaws.com/photos/481660283/original.jpg,https://www.gbif.org/occurrence/5133708702
709,0,Poa annua,CC0,Barbara L. Wilson,iNaturalist,https://inaturalist-open-data.s3.amazonaws.com/photos/620781408/original.jpg,https://www.gbif.org/occurrence/6178802275
709,1,Poa annua,CC0,Barbara L. Wilson,iNaturalist,https://inaturalist-open-data.s3.amazonaws.com/photos/628344984/original.jpg,https://www.gbif.org/occurrence/6185730301
709,2,Poa annua,CC0,Mike Palmer,iNaturalist,https://inaturalist-open-data.s3.amazonaws.com/photos/626057225/original.jpg,https://www.gbif.org/occurrence/6185792709
710,0,Poa bulbosa,CC_BY,Jeff Ward,iNaturalist,https://inaturalist-open-data.s3.amazonaws.com/photos/631992776/original.jpg,https://www.gbif.org/occurrence/6188089086
710,1,Poa bulbosa,CC_BY,Daniel Patterson,iNaturalist,https://inaturalist-open-data.s3.amazonaws.com/photos/647632527/original.jpg,https://www.gbif.org/occurrence/6235368798
710,2,Poa bulbosa,CC0,Barbara L. Wilson,iNaturalist,https://inaturalist-open-data.s3.amazonaws.com/photos/655346989/original.jpg,https://www.gbif.org/occurrence/6273819815
711,0,Poa cusickii,CC_BY,Matt Berger,iNaturalist,https://inaturalist-open-data.s3.amazonaws.com/photos/598896946/original.jpg,https://www.gbif.org/occurrence/6195384253
711,1,Poa cusickii,CC_BY,Matt Berger,iNaturalist,https://inaturalist-open-data.s3.amazonaws.com/photos/598888428/original.jpg,https://www.gbif.org/occurrence/6195717536
711,2,Poa cusickii,CC0,Barbara L. Wilson,iNaturalist,https://inaturalist-open-data.s3.amazonaws.com/photos/163164858/original.jpeg,https://www.gbif.org/occurrence/3391707153
712,0,Poa pratensis,CC_BY,Ed Alverson,iNaturalist,https://inaturalist-open-data.s3.amazonaws.com/photos/681209894/original.jpg,https://www.gbif.org/occurrence/6413062113
712,1,Poa pratensis,CC0,Barbara L. Wilson,iNaturalist,https://inaturalist-open-data.s3.amazonaws.com/photos/681922717/original.jpg,https://www.gbif.org/occurrence/6470477599
712,2,Poa pratensis,CC0,Barbara L. Wilson,iNaturalist,https://inaturalist-open-data.s3.amazonaws.com/photos/539794728/original.jpg,https://www.gbif.org/occurrence/6131083533
713,0,Poa secunda,CC0,Barbara L. Wilson,iNaturalist,https://inaturalist-open-data.s3.amazonaws.com/photos/630461638/original.jpg,https://www.gbif.org/occurrence/6187931290
713,1,Poa secunda,CC0,Barbara L. Wilson,iNaturalist,https://inaturalist-open-data.s3.amazonaws.com/photos/490613310/original.jpeg,https://www.gbif.org/occurrence/6131396901
713,2,Poa secunda,CC_BY,Daniel J. Layton,iNaturalist,https://inaturalist-open-data.s3.amazonaws.com/photos/550713591/original.jpg,https://www.gbif.org/occurrence/5828854367
714,0,Poa wheeleri,CC_BY,Matt Berger,iNaturalist,https://inaturalist-open-data.s3.amazonaws.com/photos/598896844/original.jpg,https://www.gbif.org/occurrence/6186042476
714,1,Poa wheeleri,CC_BY,Matt Berger,iNaturalist,https://inaturalist-open-data.s3.amazonaws.com/photos/598888993/original.jpg,https://www.gbif.org/occurrence/6195952902
714,2,Poa wheeleri,CC_BY,Bryce,iNaturalist,https://inaturalist-open-data.s3.amazonaws.com/photos/409434789/original.jpeg,https://www.gbif.org/occurrence/5069860514
715,0,Polemonium californicum,CC_BY,Sam Bucciarelli,iNaturalist,https://inaturalist-open-data.s3.amazonaws.com/photos/700264763/original.jpg,https://www.gbif.org/occurrence/6452235335
715,1,Polemonium californicum,CC_BY,Michael O'Loughlin,iNaturalist,https://inaturalist-open-data.s3.amazonaws.com/photos/700317199/original.jpg,https://www.gbif.org/occurrence/6452241028
715,2,Polemonium californicum,CC_BY,Daniel Patterson,iNaturalist,https://inaturalist-open-data.s3.amazonaws.com/photos/519110468/original.jpg,https://www.gbif.org/occurrence/5198297715
716,0,Polemonium carneum,CC_BY,Noah Strycker,iNaturalist,https://inaturalist-open-data.s3.amazonaws.com/photos/638459703/original.jpg,https://www.gbif.org/occurrence/6413209076
716,1,Polemonium carneum,CC_BY,Dee Shea Himes,iNaturalist,https://inaturalist-open-data.s3.amazonaws.com/photos/655605620/original.jpg,https://www.gbif.org/occurrence/6273918464
716,2,Polemonium carneum,CC0,Drew Meyer,iNaturalist,https://inaturalist-open-data.s3.amazonaws.com/photos/666299360/original.jpg,https://www.gbif.org/occurrence/6334800394
717,0,Polemonium occidentale,CC_BY,jonsense,iNaturalist,https://inaturalist-open-data.s3.amazonaws.com/photos/688055287/original.jpg,https://www.gbif.org/occurrence/6422987941
717,1,Polemonium occidentale,CC_BY,Adam Schneider,iNaturalist,https://inaturalist-open-data.s3.amazonaws.com/photos/523811218/original.jpg,https://www.gbif.org/occurrence/5217104893
717,2,Polemonium occidentale,CC0,Craig Martin,iNaturalist,https://inaturalist-open-data.s3.amazonaws.com/photos/556497946/original.jpg,https://www.gbif.org/occurrence/5761141044
718,0,Polygonum aviculare,CC_BY,David Anderson,iNaturalist,https://inaturalist-open-data.s3.amazonaws.com/photos/605195395/original.jpg,https://www.gbif.org/occurrence/5938074271
718,1,Polygonum aviculare,CC_BY,Kieran Hanrahan,iNaturalist,https://inaturalist-open-data.s3.amazonaws.com/photos/473247465/original.jpg,https://www.gbif.org/occurrence/5087321449
718,2,Polygonum aviculare,CC_BY,Jane Weeden,iNaturalist,https://inaturalist-open-data.s3.amazonaws.com/photos/519252387/original.jpg,https://www.gbif.org/occurrence/5198807742
719,0,Polygonum douglasii,CC_BY,Janel Johnson,iNaturalist,https://inaturalist-open-data.s3.amazonaws.com/photos/697371550/original.jpg,https://www.gbif.org/occurrence/6470128836
719,1,Polygonum douglasii,CC_BY,harrii,iNaturalist,https://inaturalist-open-data.s3.amazonaws.com/photos/697631338/original.jpg,https://www.gbif.org/occurrence/6470366071
719,2,Polygonum douglasii,CC_BY,Jeff Ward,iNaturalist,https://inaturalist-open-data.s3.amazonaws.com/photos/584828331/original.jpg,https://www.gbif.org/occurrence/5936153815
720,0,Polygonum paronychia,CC0,Barbara L. Wilson,iNaturalist,https://inaturalist-open-data.s3.amazonaws.com/photos/620875507/original.jpg,https://www.gbif.org/occurrence/6178678764
720,1,Polygonum paronychia,CC0,Barbara L. Wilson,iNaturalist,https://inaturalist-open-data.s3.amazonaws.com/photos/475462532/original.jpeg,https://www.gbif.org/occurrence/5087735477
720,2,Polygonum paronychia,CC0,Deniz Wilson,iNaturalist,https://inaturalist-open-data.s3.amazonaws.com/photos/478190268/original.jpeg,https://www.gbif.org/occurrence/5104452429
721,0,Polypodium glycyrrhiza,CC0,moater,iNaturalist,https://inaturalist-open-data.s3.amazonaws.com/photos/604899815/original.jpg,https://www.gbif.org/occurrence/5938079170
721,1,Polypodium glycyrrhiza,CC0,Aaron Liston,iNaturalist,https://inaturalist-open-data.s3.amazonaws.com/photos/609390775/original.jpg,https://www.gbif.org/occurrence/6129932579
721,2,Polypodium glycyrrhiza,CC_BY,Aden Sommerville,iNaturalist,https://inaturalist-open-data.s3.amazonaws.com/photos/607315323/original.jpg,https://www.gbif.org/occurrence/6130536917
722,0,Polypodium scouleri,CC0,Dave Miller,iNaturalist,https://inaturalist-open-data.s3.amazonaws.com/photos/616241706/original.jpg,https://www.gbif.org/occurrence/6159503476
722,1,Polypodium scouleri,CC0,Barbara L. Wilson,iNaturalist,https://inaturalist-open-data.s3.amazonaws.com/photos/625251922/original.jpg,https://www.gbif.org/occurrence/6178460043
722,2,Polypodium scouleri,CC0,Barbara L. Wilson,iNaturalist,https://inaturalist-open-data.s3.amazonaws.com/photos/625245564/original.jpg,https://www.gbif.org/occurrence/6179307616
723,0,Polystichum imbricans,CC_BY,Jeff Ward,iNaturalist,https://inaturalist-open-data.s3.amazonaws.com/photos/627819609/original.jpg,https://www.gbif.org/occurrence/6184952966
723,1,Polystichum imbricans,CC_BY,Dee Shea Himes,iNaturalist,https://inaturalist-open-data.s3.amazonaws.com/photos/630973088/original.jpg,https://www.gbif.org/occurrence/6185694874
723,2,Polystichum imbricans,CC_BY,Dee Shea Himes,iNaturalist,https://inaturalist-open-data.s3.amazonaws.com/photos/630235212/original.jpg,https://www.gbif.org/occurrence/6185712663
724,0,Polystichum munitum,CC_BY,Dee Shea Himes,iNaturalist,https://inaturalist-open-data.s3.amazonaws.com/photos/604636422/original.jpg,https://www.gbif.org/occurrence/5938142592
724,1,Polystichum munitum,CC_BY,Zach Earl,iNaturalist,https://inaturalist-open-data.s3.amazonaws.com/photos/616660141/original.jpg,https://www.gbif.org/occurrence/6163059276
724,2,Polystichum munitum,CC0,Kate Manning,iNaturalist,https://inaturalist-open-data.s3.amazonaws.com/photos/617950668/original.jpg,https://www.gbif.org/occurrence/6163088948
725,0,Polytrichum juniperinum,CC_BY,Brodie Cass Talbott,iNaturalist,https://inaturalist-open-data.s3.amazonaws.com/photos/607355504/original.jpg,https://www.gbif.org/occurrence/6170866189
725,1,Polytrichum juniperinum,CC_BY,Jeff Ward,iNaturalist,https://inaturalist-open-data.s3.amazonaws.com/photos/619744094/original.jpg,https://www.gbif.org/occurrence/6171271472
725,2,Polytrichum juniperinum,CC0,Barbara L. Wilson,iNaturalist,https://inaturalist-open-data.s3.amazonaws.com/photos/622350976/original.jpg,https://www.gbif.org/occurrence/6179160785
726,0,Populus tremuloides,CC0,Drew Meyer,iNaturalist,https://inaturalist-open-data.s3.amazonaws.com/photos/626200315/original.jpg,https://www.gbif.org/occurrence/6185725190
726,1,Populus tremuloides,CC_BY,Tser,iNaturalist,https://inaturalist-open-data.s3.amazonaws.com/photos/635827100/original.jpg,https://www.gbif.org/occurrence/6195256951
726,2,Populus tremuloides,CC_BY,Jeff Ward,iNaturalist,https://inaturalist-open-data.s3.amazonaws.com/photos/640748571/original.jpg,https://www.gbif.org/occurrence/6334143372
727,0,Populus trichocarpa,CC_BY,Brodie Cass Talbott,iNaturalist,https://inaturalist-open-data.s3.amazonaws.com/photos/619987224/original.jpg,https://www.gbif.org/occurrence/6171158063
727,1,Populus trichocarpa,CC_BY,Rodamu,iNaturalist,https://inaturalist-open-data.s3.amazonaws.com/photos/626774288/original.jpg,https://www.gbif.org/occurrence/6185112596
727,2,Populus trichocarpa,CC0,Barbara L. Wilson,iNaturalist,https://inaturalist-open-data.s3.amazonaws.com/photos/627360198/original.jpg,https://www.gbif.org/occurrence/6185231555
728,0,Porella navicularis,CC_BY,Jeff Ward,iNaturalist,https://inaturalist-open-data.s3.amazonaws.com/photos/616083788/original.jpg,https://www.gbif.org/occurrence/6159587369
728,1,Porella navicularis,CC_BY,Kieran Hanrahan,iNaturalist,https://inaturalist-open-data.s3.amazonaws.com/photos/478192626/original.jpg,https://www.gbif.org/occurrence/5104431386
728,2,Porella navicularis,CC0,Barbara L. Wilson,iNaturalist,https://inaturalist-open-data.s3.amazonaws.com/photos/480602285/original.jpeg,https://www.gbif.org/occurrence/5133833336
729,0,Portulaca oleracea,CC0,Barbara L. Wilson,iNaturalist,https://inaturalist-open-data.s3.amazonaws.com/photos/708774237/original.jpg,https://www.gbif.org/occurrence/6481356416
729,1,Portulaca oleracea,CC_BY,Jeff Ward,iNaturalist,https://inaturalist-open-data.s3.amazonaws.com/photos/714410561/original.jpg,https://www.gbif.org/occurrence/6480842213
729,2,Portulaca oleracea,CC_BY,Greghig Jirheg,iNaturalist,https://inaturalist-open-data.s3.amazonaws.com/photos/528983776/original.jpg,https://www.gbif.org/occurrence/5215768882
730,0,Potentilla douglasii,CC0,caseyhh,iNaturalist,https://inaturalist-open-data.s3.amazonaws.com/photos/681069215/original.jpg,https://www.gbif.org/occurrence/6413390376
730,1,Potentilla douglasii,CC_BY,jonsense,iNaturalist,https://inaturalist-open-data.s3.amazonaws.com/photos/687835520/original.jpg,https://www.gbif.org/occurrence/6430974416
730,2,Potentilla douglasii,CC_BY,Andrew Still,iNaturalist,https://inaturalist-open-data.s3.amazonaws.com/photos/690356241/original.jpg,https://www.gbif.org/occurrence/6469803092
731,0,Potentilla flabellifolia,CC0,Craig Martin,iNaturalist,https://inaturalist-open-data.s3.amazonaws.com/photos/542556689/original.jpg,https://www.gbif.org/occurrence/5837789241
731,1,Potentilla flabellifolia,CC_BY,Jeff Ward,iNaturalist,https://inaturalist-open-data.s3.amazonaws.com/photos/553787622/original.jpg,https://www.gbif.org/occurrence/5291995465
731,2,Potentilla flabellifolia,CC_BY,Kieran Hanrahan,iNaturalist,https://inaturalist-open-data.s3.amazonaws.com/photos/550119090/original.jpg,https://www.gbif.org/occurrence/5292080995
732,0,Potentilla gracilis,CC0,Kate Manning,iNaturalist,https://inaturalist-open-data.s3.amazonaws.com/photos/621906417/original.jpg,https://www.gbif.org/occurrence/6179297196
732,1,Potentilla gracilis,CC0,Barbara L. Wilson,iNaturalist,https://inaturalist-open-data.s3.amazonaws.com/photos/650951094/original.jpg,https://www.gbif.org/occurrence/6251718348
732,2,Potentilla gracilis,CC0,Barbara L. Wilson,iNaturalist,https://inaturalist-open-data.s3.amazonaws.com/photos/651102236/original.jpg,https://www.gbif.org/occurrence/6251832946
733,0,Potentilla indica,CC_BY,Jacobb L. Foster II,iNaturalist,https://inaturalist-open-data.s3.amazonaws.com/photos/615059801/original.jpg,https://www.gbif.org/occurrence/6159243577
733,1,Potentilla indica,CC_BY,Jacobb L. Foster II,iNaturalist,https://inaturalist-open-data.s3.amazonaws.com/photos/615060342/original.jpg,https://www.gbif.org/occurrence/6159476749
733,2,Potentilla indica,CC_BY,Kieran Hanrahan,iNaturalist,https://inaturalist-open-data.s3.amazonaws.com/photos/647404824/original.jpg,https://www.gbif.org/occurrence/6235766851
734,0,Potentilla recta,CC_BY,Ed Alverson,iNaturalist,https://inaturalist-open-data.s3.amazonaws.com/photos/676374036/original.jpg,https://www.gbif.org/occurrence/6398575711
734,1,Potentilla recta,CC0,AntumDeluge,iNaturalist,https://inaturalist-open-data.s3.amazonaws.com/photos/675112911/original.jpg,https://www.gbif.org/occurrence/6398722421
734,2,Potentilla recta,CC_BY,Kieran Hanrahan,iNaturalist,https://inaturalist-open-data.s3.amazonaws.com/photos/524254534/original.jpg,https://www.gbif.org/occurrence/5206111264
735,0,Prionitis lanceolata,CC0,Chuck Sexton,iNaturalist,https://inaturalist-open-data.s3.amazonaws.com/photos/230881394/original.jpg,https://www.gbif.org/occurrence/3912368953
735,1,Prionitis lanceolata,CC0,Chuck Sexton,iNaturalist,https://inaturalist-open-data.s3.amazonaws.com/photos/230881441/original.jpg,https://www.gbif.org/occurrence/3912435917
735,2,Prionitis lanceolata,CC_BY,Jared Shorma,iNaturalist,https://inaturalist-open-data.s3.amazonaws.com/photos/145652747/original.jpg,https://www.gbif.org/occurrence/3333280714
736,0,Prosartes hookeri,CC_BY,Judi Sanders,iNaturalist,https://inaturalist-open-data.s3.amazonaws.com/photos/630148853/original.jpg,https://www.gbif.org/occurrence/6185248966
736,1,Prosartes hookeri,CC_BY,Dee Shea Himes,iNaturalist,https://inaturalist-open-data.s3.amazonaws.com/photos/630963254/original.jpg,https://www.gbif.org/occurrence/6185299557
736,2,Prosartes hookeri,CC_BY,Dee Shea Himes,iNaturalist,https://inaturalist-open-data.s3.amazonaws.com/photos/634410321/original.jpg,https://www.gbif.org/occurrence/6188029968
737,0,Prosartes smithii,CC_BY,Judi Sanders,iNaturalist,https://inaturalist-open-data.s3.amazonaws.com/photos/634545123/original.jpg,https://www.gbif.org/occurrence/6195369486
737,1,Prosartes smithii,CC0,Kate Manning,iNaturalist,https://inaturalist-open-data.s3.amazonaws.com/photos/636793570/original.jpg,https://www.gbif.org/occurrence/6196034615
737,2,Prosartes smithii,CC_BY,Judi Sanders,iNaturalist,https://inaturalist-open-data.s3.amazonaws.com/photos/641660300/original.jpg,https://www.gbif.org/occurrence/6234337548
738,0,Prunella vulgaris,CC_BY,Brodie Cass Talbott,iNaturalist,https://inaturalist-open-data.s3.amazonaws.com/photos/620337156/original.jpg,https://www.gbif.org/occurrence/6170903514
738,1,Prunella vulgaris,CC0,Barbara L. Wilson,iNaturalist,https://inaturalist-open-data.s3.amazonaws.com/photos/636844507/original.jpg,https://www.gbif.org/occurrence/6195978623
738,2,Prunella vulgaris,CC_BY,Kieran Hanrahan,iNaturalist,https://inaturalist-open-data.s3.amazonaws.com/photos/645599475/original.jpg,https://www.gbif.org/occurrence/6234718931
739,0,Prunus avium,CC0,Barbara L. Wilson,iNaturalist,https://inaturalist-open-data.s3.amazonaws.com/photos/627410869/original.jpg,https://www.gbif.org/occurrence/6185464556
739,1,Prunus avium,CC_BY,Michael O'Loughlin,iNaturalist,https://inaturalist-open-data.s3.amazonaws.com/photos/629771991/original.jpg,https://www.gbif.org/occurrence/6499718753
739,2,Prunus avium,CC_BY,Tser,iNaturalist,https://inaturalist-open-data.s3.amazonaws.com/photos/635826625/original.jpg,https://www.gbif.org/occurrence/6195873011
740,0,Prunus emarginata,CC0,Barbara L. Wilson,iNaturalist,https://inaturalist-open-data.s3.amazonaws.com/photos/637555716/original.jpg,https://www.gbif.org/occurrence/6234343535
740,1,Prunus emarginata,CC0,Drew Meyer,iNaturalist,https://inaturalist-open-data.s3.amazonaws.com/photos/663858676/original.jpg,https://www.gbif.org/occurrence/6334132640
740,2,Prunus emarginata,CC_BY,David Anderson,iNaturalist,https://inaturalist-open-data.s3.amazonaws.com/photos/488602782/original.jpeg,https://www.gbif.org/occurrence/5134272452
741,0,Prunus laurocerasus,CC_BY,Jeff Ward,iNaturalist,https://inaturalist-open-data.s3.amazonaws.com/photos/612308539/original.jpg,https://www.gbif.org/occurrence/6133405643
741,1,Prunus laurocerasus,CC0,Barbara L. Wilson,iNaturalist,https://inaturalist-open-data.s3.amazonaws.com/photos/615062139/original.jpg,https://www.gbif.org/occurrence/6159473001
741,2,Prunus laurocerasus,CC_BY,chaikirbs,iNaturalist,https://inaturalist-open-data.s3.amazonaws.com/photos/614307070/original.jpg,https://www.gbif.org/occurrence/6178678298
742,0,Prunus lusitanica,CC_BY,Brodie Cass Talbott,iNaturalist,https://inaturalist-open-data.s3.amazonaws.com/photos/621260721/original.jpg,https://www.gbif.org/occurrence/6178988765
742,1,Prunus lusitanica,CC0,Barbara L. Wilson,iNaturalist,https://inaturalist-open-data.s3.amazonaws.com/photos/626047200/original.jpg,https://www.gbif.org/occurrence/6185606708
742,2,Prunus lusitanica,CC0,Barbara L. Wilson,iNaturalist,https://inaturalist-open-data.s3.amazonaws.com/photos/472631140/original.jpeg,https://www.gbif.org/occurrence/5087172735
743,0,Prunus virginiana,CC_BY,Jeff Ward,iNaturalist,https://inaturalist-open-data.s3.amazonaws.com/photos/637865356/original.jpg,https://www.gbif.org/occurrence/6235678206
743,1,Prunus virginiana,CC_BY,Daniel Patterson,iNaturalist,https://inaturalist-open-data.s3.amazonaws.com/photos/651065576/original.jpg,https://www.gbif.org/occurrence/6273980523
743,2,Prunus virginiana,CC0,Tom Wainwright,iNaturalist,https://inaturalist-open-data.s3.amazonaws.com/photos/637953356/original.jpg,https://www.gbif.org/occurrence/6334631398
744,0,Pseudisothecium stoloniferum,CC0,Barbara L. Wilson,iNaturalist,https://inaturalist-open-data.s3.amazonaws.com/photos/620780840/original.jpg,https://www.gbif.org/occurrence/6179168458
744,1,Pseudisothecium stoloniferum,CC0,Barbara L. Wilson,iNaturalist,https://inaturalist-open-data.s3.amazonaws.com/photos/626689188/original.jpg,https://www.gbif.org/occurrence/6184805325
744,2,Pseudisothecium stoloniferum,CC0,empidomax,iNaturalist,https://inaturalist-open-data.s3.amazonaws.com/photos/473730972/original.jpg,https://www.gbif.org/occurrence/5087407870
745,0,Pseudoroegneria spicata,CC_BY,Kieran Hanrahan,iNaturalist,https://inaturalist-open-data.s3.amazonaws.com/photos/503372832/original.jpg,https://www.gbif.org/occurrence/6130334448
745,1,Pseudoroegneria spicata,CC_BY,Kieran Hanrahan,iNaturalist,https://inaturalist-open-data.s3.amazonaws.com/photos/503388223/original.jpg,https://www.gbif.org/occurrence/6131236714
745,2,Pseudoroegneria spicata,CC0,Barbara L. Wilson,iNaturalist,https://inaturalist-open-data.s3.amazonaws.com/photos/526466625/original.jpg,https://www.gbif.org/occurrence/5935250740
746,0,Pseudotrillium rivale,CC_BY,Dee Shea Himes,iNaturalist,https://inaturalist-open-data.s3.amazonaws.com/photos/627385296/original.jpg,https://www.gbif.org/occurrence/6185029128
746,1,Pseudotrillium rivale,CC_BY,Dee Shea Himes,iNaturalist,https://inaturalist-open-data.s3.amazonaws.com/photos/627387687/original.jpg,https://www.gbif.org/occurrence/6185306613
746,2,Pseudotrillium rivale,CC_BY,Jeff Ward,iNaturalist,https://inaturalist-open-data.s3.amazonaws.com/photos/628287175/original.jpg,https://www.gbif.org/occurrence/6185592020
747,0,Pseudotsuga menziesii,CC_BY,Aden Sommerville,iNaturalist,https://inaturalist-open-data.s3.amazonaws.com/photos/609034415/original.jpg,https://www.gbif.org/occurrence/6130599186
747,1,Pseudotsuga menziesii,CC_BY,Jacobb L. Foster II,iNaturalist,https://inaturalist-open-data.s3.amazonaws.com/photos/610221639/original.jpg,https://www.gbif.org/occurrence/6130861869
747,2,Pseudotsuga menziesii,CC_BY,Jacobb L. Foster II,iNaturalist,https://inaturalist-open-data.s3.amazonaws.com/photos/610221736/original.jpg,https://www.gbif.org/occurrence/6131054994
748,0,Pteridium aquilinum,CC0,Barbara L. Wilson,iNaturalist,https://inaturalist-open-data.s3.amazonaws.com/photos/620781559/original.jpg,https://www.gbif.org/occurrence/6179162439
748,1,Pteridium aquilinum,CC_BY,Ed Alverson,iNaturalist,https://inaturalist-open-data.s3.amazonaws.com/photos/628293168/original.jpg,https://www.gbif.org/occurrence/6185069460
748,2,Pteridium aquilinum,CC0,Barbara L. Wilson,iNaturalist,https://inaturalist-open-data.s3.amazonaws.com/photos/626690976/original.jpg,https://www.gbif.org/occurrence/6185294306
749,0,Pterospora andromedea,CC_BY,Peter Brastow,iNaturalist,https://inaturalist-open-data.s3.amazonaws.com/photos/611796666/original.jpg,https://www.gbif.org/occurrence/6133162228
749,1,Pterospora andromedea,CC_BY,Robert McClaflin,iNaturalist,https://inaturalist-open-data.s3.amazonaws.com/photos/630353250/original.jpg,https://www.gbif.org/occurrence/6185648662
749,2,Pterospora andromedea,CC_BY,Dee Shea Himes,iNaturalist,https://inaturalist-open-data.s3.amazonaws.com/photos/636615903/original.jpg,https://www.gbif.org/occurrence/6195310517
750,0,Pulsatilla occidentalis,CC_BY,Kieran Hanrahan,iNaturalist,https://inaturalist-open-data.s3.amazonaws.com/photos/679354376/original.jpg,https://www.gbif.org/occurrence/6399557678
750,1,Pulsatilla occidentalis,CC_BY,Jeff Ward,iNaturalist,https://inaturalist-open-data.s3.amazonaws.com/photos/533672728/original.jpg,https://www.gbif.org/occurrence/5230332031
750,2,Pulsatilla occidentalis,CC0,Craig Martin,iNaturalist,https://inaturalist-open-data.s3.amazonaws.com/photos/542553573/original.jpg,https://www.gbif.org/occurrence/5291891916
751,0,Purshia tridentata,CC_BY,Zach Earl,iNaturalist,https://inaturalist-open-data.s3.amazonaws.com/photos/616569592/original.jpg,https://www.gbif.org/occurrence/6163389485
751,1,Purshia tridentata,CC_BY,Jeff Ward,iNaturalist,https://inaturalist-open-data.s3.amazonaws.com/photos/634538071/original.jpg,https://www.gbif.org/occurrence/6195483248
751,2,Purshia tridentata,CC0,Tom Wainwright,iNaturalist,https://inaturalist-open-data.s3.amazonaws.com/photos/637953286/original.jpg,https://www.gbif.org/occurrence/6234473139
752,0,Pyrola aphylla,CC_BY,Judi Sanders,iNaturalist,https://inaturalist-open-data.s3.amazonaws.com/photos/660478611/original.jpg,https://www.gbif.org/occurrence/6353175382
752,1,Pyrola aphylla,CC_BY,Kieran Hanrahan,iNaturalist,https://inaturalist-open-data.s3.amazonaws.com/photos/683791766/original.jpg,https://www.gbif.org/occurrence/6413057619
752,2,Pyrola aphylla,CC_BY,Dee Shea Himes,iNaturalist,https://inaturalist-open-data.s3.amazonaws.com/photos/686545049/original.jpg,https://www.gbif.org/occurrence/6422606735
753,0,Pyrola asarifolia,CC_BY,jonsense,iNaturalist,https://inaturalist-open-data.s3.amazonaws.com/photos/684751078/original.jpg,https://www.gbif.org/occurrence/6422778843
753,1,Pyrola asarifolia,CC_BY,Dee Shea Himes,iNaturalist,https://inaturalist-open-data.s3.amazonaws.com/photos/686300642/original.jpg,https://www.gbif.org/occurrence/6423207998
753,2,Pyrola asarifolia,CC_BY,Kieran Hanrahan,iNaturalist,https://inaturalist-open-data.s3.amazonaws.com/photos/691093214/original.jpg,https://www.gbif.org/occurrence/6431486763
754,0,Pyrola picta,CC_BY,Dee Shea Himes,iNaturalist,https://inaturalist-open-data.s3.amazonaws.com/photos/665330777/original.jpg,https://www.gbif.org/occurrence/6334432839
754,1,Pyrola picta,CC_BY,Dee Shea Himes,iNaturalist,https://inaturalist-open-data.s3.amazonaws.com/photos/686611119/original.jpg,https://www.gbif.org/occurrence/6422418767
754,2,Pyrola picta,CC_BY,Judi Sanders,iNaturalist,https://inaturalist-open-data.s3.amazonaws.com/photos/489916609/original.jpeg,https://www.gbif.org/occurrence/5140035417
755,0,Quercus chrysolepis,CC_BY,Dee Shea Himes,iNaturalist,https://inaturalist-open-data.s3.amazonaws.com/photos/604637001/original.jpg,https://www.gbif.org/occurrence/5938354519
755,1,Quercus chrysolepis,CC_BY,Jeff Ward,iNaturalist,https://inaturalist-open-data.s3.amazonaws.com/photos/627818582/original.jpg,https://www.gbif.org/occurrence/6185303040
755,2,Quercus chrysolepis,CC_BY,Jeff Ward,iNaturalist,https://inaturalist-open-data.s3.amazonaws.com/photos/628649120/original.jpg,https://www.gbif.org/occurrence/6185885572
756,0,Quercus garryana,CC_BY,Aden Sommerville,iNaturalist,https://inaturalist-open-data.s3.amazonaws.com/photos/610440652/original.jpg,https://www.gbif.org/occurrence/6131069991
756,1,Quercus garryana,CC_BY,Aden Sommerville,iNaturalist,https://inaturalist-open-data.s3.amazonaws.com/photos/607307114/original.jpg,https://www.gbif.org/occurrence/6131424980
756,2,Quercus garryana,CC_BY,Gail A Baker,iNaturalist,https://inaturalist-open-data.s3.amazonaws.com/photos/634243140/original.jpg,https://www.gbif.org/occurrence/6188647210
757,0,Quercus kelloggii,CC_BY,Dee Shea Himes,iNaturalist,https://inaturalist-open-data.s3.amazonaws.com/photos/625002830/original.jpg,https://www.gbif.org/occurrence/6179343501
757,1,Quercus kelloggii,CC_BY,Ed Alverson,iNaturalist,https://inaturalist-open-data.s3.amazonaws.com/photos/641167739/original.jpg,https://www.gbif.org/occurrence/6235680826
757,2,Quercus kelloggii,CC_BY,Ed Alverson,iNaturalist,https://inaturalist-open-data.s3.amazonaws.com/photos/641165246/original.jpg,https://www.gbif.org/occurrence/6236372986
758,0,Quercus robur,CC0,Barbara L. Wilson,iNaturalist,https://inaturalist-open-data.s3.amazonaws.com/photos/605908217/original.jpg,https://www.gbif.org/occurrence/6129923126
758,1,Quercus robur,CC0,Barbara L. Wilson,iNaturalist,https://inaturalist-open-data.s3.amazonaws.com/photos/613447987/original.jpg,https://www.gbif.org/occurrence/6147694414
758,2,Quercus robur,CC0,Barbara L. Wilson,iNaturalist,https://inaturalist-open-data.s3.amazonaws.com/photos/624413055/original.jpg,https://www.gbif.org/occurrence/6179279570
759,0,Rainiera stricta,CC_BY,Adam Schneider,iNaturalist,https://inaturalist-open-data.s3.amazonaws.com/photos/660984554/original.jpg,https://www.gbif.org/occurrence/6422245649
759,1,Rainiera stricta,CC0,Kate Manning,iNaturalist,https://inaturalist-open-data.s3.amazonaws.com/photos/678671034/original.jpg,https://www.gbif.org/occurrence/6422516891
759,2,Rainiera stricta,CC_BY,Arvel Hernandez,iNaturalist,https://inaturalist-open-data.s3.amazonaws.com/photos/697274940/original.jpg,https://www.gbif.org/occurrence/6441945862
760,0,Ranunculus alismifolius,CC_BY,Judi Sanders,iNaturalist,https://inaturalist-open-data.s3.amazonaws.com/photos/636679451/original.jpg,https://www.gbif.org/occurrence/6235195035
760,1,Ranunculus alismifolius,CC0,Barbara L. Wilson,iNaturalist,https://inaturalist-open-data.s3.amazonaws.com/photos/641210067/original.jpg,https://www.gbif.org/occurrence/6235834901
760,2,Ranunculus alismifolius,CC_BY,Ed Alverson,iNaturalist,https://inaturalist-open-data.s3.amazonaws.com/photos/489535286/original.jpg,https://www.gbif.org/occurrence/5134497114
761,0,Ranunculus flammula,CC_BY,Kieran Hanrahan,iNaturalist,https://inaturalist-open-data.s3.amazonaws.com/photos/535653308/original.jpg,https://www.gbif.org/occurrence/5230568726
761,1,Ranunculus flammula,CC0,Kate Manning,iNaturalist,https://inaturalist-open-data.s3.amazonaws.com/photos/287019581/original.jpg,https://www.gbif.org/occurrence/4130009562
761,2,Ranunculus flammula,CC_BY,Noah Strycker,iNaturalist,https://inaturalist-open-data.s3.amazonaws.com/photos/287637666/original.jpeg,https://www.gbif.org/occurrence/4133808058
762,0,Ranunculus glaberrimus,CC_BY,Zach Earl,iNaturalist,https://inaturalist-open-data.s3.amazonaws.com/photos/616933622/original.jpg,https://www.gbif.org/occurrence/6162817471
762,1,Ranunculus glaberrimus,CC_BY,Zach Earl,iNaturalist,https://inaturalist-open-data.s3.amazonaws.com/photos/617499907/original.jpg,https://www.gbif.org/occurrence/6162878602
762,2,Ranunculus glaberrimus,CC_BY,Zach Earl,iNaturalist,https://inaturalist-open-data.s3.amazonaws.com/photos/617497255/original.jpg,https://www.gbif.org/occurrence/6163348989
763,0,Ranunculus occidentalis,CC_BY,Aden Sommerville,iNaturalist,https://inaturalist-open-data.s3.amazonaws.com/photos/609036049/original.jpg,https://www.gbif.org/occurrence/6130987202
763,1,Ranunculus occidentalis,CC_BY,John Leszczynski,iNaturalist,https://inaturalist-open-data.s3.amazonaws.com/photos/617636446/original.jpg,https://www.gbif.org/occurrence/6162865167
763,2,Ranunculus occidentalis,CC_BY,Judi Sanders,iNaturalist,https://inaturalist-open-data.s3.amazonaws.com/photos/626576275/original.jpg,https://www.gbif.org/occurrence/6184775898
764,0,Ranunculus orthorhynchus,CC_BY,Judi Sanders,iNaturalist,https://inaturalist-open-data.s3.amazonaws.com/photos/636681261/original.jpg,https://www.gbif.org/occurrence/6195626038
764,1,Ranunculus orthorhynchus,CC_BY,Judi Sanders,iNaturalist,https://inaturalist-open-data.s3.amazonaws.com/photos/644479575/original.jpg,https://www.gbif.org/occurrence/6234464468
764,2,Ranunculus orthorhynchus,CC_BY,Judi Sanders,iNaturalist,https://inaturalist-open-data.s3.amazonaws.com/photos/644474641/original.jpg,https://www.gbif.org/occurrence/6234791954
765,0,Ranunculus repens,CC0,Barbara L. Wilson,iNaturalist,https://inaturalist-open-data.s3.amazonaws.com/photos/608758407/original.jpg,https://www.gbif.org/occurrence/6130531347
765,1,Ranunculus repens,CC0,Barbara L. Wilson,iNaturalist,https://inaturalist-open-data.s3.amazonaws.com/photos/608168912/original.jpg,https://www.gbif.org/occurrence/6131368261
765,2,Ranunculus repens,CC_BY,Jeff Ward,iNaturalist,https://inaturalist-open-data.s3.amazonaws.com/photos/615355568/original.jpg,https://www.gbif.org/occurrence/6159208362
766,0,Ranunculus uncinatus,CC0,Barbara L. Wilson,iNaturalist,https://inaturalist-open-data.s3.amazonaws.com/photos/633501064/original.jpg,https://www.gbif.org/occurrence/6188520661
766,1,Ranunculus uncinatus,CC_BY,Judi Sanders,iNaturalist,https://inaturalist-open-data.s3.amazonaws.com/photos/633988678/original.jpg,https://www.gbif.org/occurrence/6188557952
766,2,Ranunculus uncinatus,CC_BY,Judi Sanders,iNaturalist,https://inaturalist-open-data.s3.amazonaws.com/photos/633398781/original.jpg,https://www.gbif.org/occurrence/6188634570
767,0,Raphanus raphanistrum,CC0,Barbara L. Wilson,iNaturalist,https://inaturalist-open-data.s3.amazonaws.com/photos/633850003/original.jpg,https://www.gbif.org/occurrence/6235384312
767,1,Raphanus raphanistrum,CC_BY,Michael O'Loughlin,iNaturalist,https://inaturalist-open-data.s3.amazonaws.com/photos/644380531/original.jpg,https://www.gbif.org/occurrence/6236536583
767,2,Raphanus raphanistrum,CC_BY,Kieran Hanrahan,iNaturalist,https://inaturalist-open-data.s3.amazonaws.com/photos/647348571/original.jpg,https://www.gbif.org/occurrence/6274051658
768,0,Raphanus sativus,CC0,Barbara L. Wilson,iNaturalist,https://inaturalist-open-data.s3.amazonaws.com/photos/350778782/original.jpeg,https://www.gbif.org/occurrence/5936009172
768,1,Raphanus sativus,CC0,Barbara L. Wilson,iNaturalist,https://inaturalist-open-data.s3.amazonaws.com/photos/309486137/original.jpeg,https://www.gbif.org/occurrence/5935407320
768,2,Raphanus sativus,CC0,Barbara L. Wilson,iNaturalist,https://inaturalist-open-data.s3.amazonaws.com/photos/329119866/original.jpeg,https://www.gbif.org/occurrence/4465388213
769,0,Reynoutria japonica,CC_BY,Michele Karmartsang,iNaturalist,https://inaturalist-open-data.s3.amazonaws.com/photos/667485286/original.jpg,https://www.gbif.org/occurrence/6352950917
769,1,Reynoutria japonica,CC_BY,Michele Karmartsang,iNaturalist,https://inaturalist-open-data.s3.amazonaws.com/photos/683699297/original.jpg,https://www.gbif.org/occurrence/6413901349
769,2,Reynoutria japonica,CC_BY,Kieran Hanrahan,iNaturalist,https://inaturalist-open-data.s3.amazonaws.com/photos/689657797/original.jpg,https://www.gbif.org/occurrence/6431716709
770,0,Rhododendron albiflorum,CC_BY,David Anderson,iNaturalist,https://inaturalist-open-data.s3.amazonaws.com/photos/675370095/original.jpg,https://www.gbif.org/occurrence/6398654426
770,1,Rhododendron albiflorum,CC_BY,Sam Bucciarelli,iNaturalist,https://inaturalist-open-data.s3.amazonaws.com/photos/696802726/original.jpg,https://www.gbif.org/occurrence/6441383598
770,2,Rhododendron albiflorum,CC_BY,Kieran Hanrahan,iNaturalist,https://inaturalist-open-data.s3.amazonaws.com/photos/696953420/original.jpg,https://www.gbif.org/occurrence/6441402076
771,0,Rhododendron columbianum,CC_BY,Dee Shea Himes,iNaturalist,https://inaturalist-open-data.s3.amazonaws.com/photos/647476874/original.jpg,https://www.gbif.org/occurrence/6235338342
771,1,Rhododendron columbianum,CC0,Barbara L. Wilson,iNaturalist,https://inaturalist-open-data.s3.amazonaws.com/photos/654026873/original.jpg,https://www.gbif.org/occurrence/6274124802
771,2,Rhododendron columbianum,CC0,Barbara L. Wilson,iNaturalist,https://inaturalist-open-data.s3.amazonaws.com/photos/654026767/original.jpg,https://www.gbif.org/occurrence/6320822676
772,0,Rhododendron macrophyllum,CC0,Barbara L. Wilson,iNaturalist,https://inaturalist-open-data.s3.amazonaws.com/photos/620780469/original.jpg,https://www.gbif.org/occurrence/6178372721
772,1,Rhododendron macrophyllum,CC0,Mike Palmer,iNaturalist,https://inaturalist-open-data.s3.amazonaws.com/photos/622940158/original.jpg,https://www.gbif.org/occurrence/6178920526
772,2,Rhododendron macrophyllum,CC0,Drew Meyer,iNaturalist,https://inaturalist-open-data.s3.amazonaws.com/photos/632696781/original.jpg,https://www.gbif.org/occurrence/6234554027
773,0,Rhododendron menziesii,CC_BY,Dee Shea Himes,iNaturalist,https://inaturalist-open-data.s3.amazonaws.com/photos/670757356/original.jpg,https://www.gbif.org/occurrence/6352423634
773,1,Rhododendron menziesii,CC_BY,Dee Shea Himes,iNaturalist,https://inaturalist-open-data.s3.amazonaws.com/photos/670743266/original.jpg,https://www.gbif.org/occurrence/6353092839
773,2,Rhododendron menziesii,CC_BY,Rachel Werling,iNaturalist,https://inaturalist-open-data.s3.amazonaws.com/photos/671608432/original.jpg,https://www.gbif.org/occurrence/6400201837
774,0,Rhododendron occidentale,CC_BY,Jeff Ward,iNaturalist,https://inaturalist-open-data.s3.amazonaws.com/photos/628286033/original.jpg,https://www.gbif.org/occurrence/6185639650
774,1,Rhododendron occidentale,CC_BY,Dee Shea Himes,iNaturalist,https://inaturalist-open-data.s3.amazonaws.com/photos/644612404/original.jpg,https://www.gbif.org/occurrence/6235419987
774,2,Rhododendron occidentale,CC_BY,Dee Shea Himes,iNaturalist,https://inaturalist-open-data.s3.amazonaws.com/photos/647462879/original.jpg,https://www.gbif.org/occurrence/6235968728
775,0,Ribes aureum,CC0,Tom Wainwright,iNaturalist,https://inaturalist-open-data.s3.amazonaws.com/photos/637953407/original.jpg,https://www.gbif.org/occurrence/6236460714
775,1,Ribes aureum,CC_BY,Daniel Patterson,iNaturalist,https://inaturalist-open-data.s3.amazonaws.com/photos/648742056/original.jpg,https://www.gbif.org/occurrence/6251941894
775,2,Ribes aureum,CC_BY,Daniel Patterson,iNaturalist,https://inaturalist-open-data.s3.amazonaws.com/photos/648850372/original.jpg,https://www.gbif.org/occurrence/6253304046
776,0,Ribes bracteosum,CC0,Barbara L. Wilson,iNaturalist,https://inaturalist-open-data.s3.amazonaws.com/photos/625377336/original.jpg,https://www.gbif.org/occurrence/6178826627
776,1,Ribes bracteosum,CC_BY,Kieran Hanrahan,iNaturalist,https://inaturalist-open-data.s3.amazonaws.com/photos/669876777/original.jpg,https://www.gbif.org/occurrence/6352361938
776,2,Ribes bracteosum,CC_BY,Jeff Ward,iNaturalist,https://inaturalist-open-data.s3.amazonaws.com/photos/653939293/original.jpg,https://www.gbif.org/occurrence/6398907880
777,0,Ribes cereum,CC0,Tom Wainwright,iNaturalist,https://inaturalist-open-data.s3.amazonaws.com/photos/624423642/original.jpg,https://www.gbif.org/occurrence/6178786802
777,1,Ribes cereum,CC_BY,Daniel Patterson,iNaturalist,https://inaturalist-open-data.s3.amazonaws.com/photos/644472602/original.jpg,https://www.gbif.org/occurrence/6234520553
777,2,Ribes cereum,CC_BY,Aimee Haire,iNaturalist,https://inaturalist-open-data.s3.amazonaws.com/photos/640464667/original.jpg,https://www.gbif.org/occurrence/6252792157
778,0,Ribes cruentum,CC_BY,Adam Pierce,iNaturalist,https://inaturalist-open-data.s3.amazonaws.com/photos/358115023/original.jpeg,https://www.gbif.org/occurrence/4597544741
778,1,Ribes cruentum,CC_BY,Merlla McLaughlin,iNaturalist,https://inaturalist-open-data.s3.amazonaws.com/photos/368072880/original.jpeg,https://www.gbif.org/occurrence/4852751767
778,2,Ribes cruentum,CC_BY,Merlla McLaughlin,iNaturalist,https://inaturalist-open-data.s3.amazonaws.com/photos/383288301/original.jpeg,https://www.gbif.org/occurrence/4910938590
779,0,Ribes divaricatum,CC0,Chris Tanis,iNaturalist,https://inaturalist-open-data.s3.amazonaws.com/photos/622152736/original.jpg,https://www.gbif.org/occurrence/6178463095
779,1,Ribes divaricatum,CC_BY,Jeff Ward,iNaturalist,https://inaturalist-open-data.s3.amazonaws.com/photos/621596257/original.jpg,https://www.gbif.org/occurrence/6179510936
779,2,Ribes divaricatum,CC_BY,Lee Cain,iNaturalist,https://inaturalist-open-data.s3.amazonaws.com/photos/687923099/original.jpg,https://www.gbif.org/occurrence/6422332628
780,0,Ribes erythrocarpum,CC_BY,Matt Berger,iNaturalist,https://inaturalist-open-data.s3.amazonaws.com/photos/598896894/original.jpg,https://www.gbif.org/occurrence/5932582797
780,1,Ribes erythrocarpum,CC_BY,Carolyn Koehn,iNaturalist,https://inaturalist-open-data.s3.amazonaws.com/photos/400936753/original.jpeg,https://www.gbif.org/occurrence/4904196355
780,2,Ribes erythrocarpum,CC_BY,Joe Girgente,iNaturalist,https://inaturalist-open-data.s3.amazonaws.com/photos/401208514/original.jpeg,https://www.gbif.org/occurrence/4904207708
781,0,Ribes hudsonianum,CC_BY,Daniel Patterson,iNaturalist,https://inaturalist-open-data.s3.amazonaws.com/photos/519269745/original.jpg,https://www.gbif.org/occurrence/5199020721
781,1,Ribes hudsonianum,CC0,Drew Meyer,iNaturalist,https://inaturalist-open-data.s3.amazonaws.com/photos/387495516/original.jpeg,https://www.gbif.org/occurrence/4891964803
781,2,Ribes hudsonianum,CC0,Kate Manning,iNaturalist,https://inaturalist-open-data.s3.amazonaws.com/photos/391542783/original.jpg,https://www.gbif.org/occurrence/4892056964
782,0,Ribes lacustre,CC0,Drew Meyer,iNaturalist,https://inaturalist-open-data.s3.amazonaws.com/photos/663648117/original.jpg,https://www.gbif.org/occurrence/6423152338
782,1,Ribes lacustre,CC0,Drew Meyer,iNaturalist,https://inaturalist-open-data.s3.amazonaws.com/photos/681591863/original.jpg,https://www.gbif.org/occurrence/6414017587
782,2,Ribes lacustre,CC0,Kate Manning,iNaturalist,https://inaturalist-open-data.s3.amazonaws.com/photos/678666687/original.jpg,https://www.gbif.org/occurrence/6441766635
783,0,Ribes lobbii,CC_BY,Jeff Ward,iNaturalist,https://inaturalist-open-data.s3.amazonaws.com/photos/638294290/original.jpg,https://www.gbif.org/occurrence/6235118723
783,1,Ribes lobbii,CC_BY,Adam Schneider,iNaturalist,https://inaturalist-open-data.s3.amazonaws.com/photos/660562459/original.jpg,https://www.gbif.org/occurrence/6320701312
783,2,Ribes lobbii,CC0,Rolando,iNaturalist,https://inaturalist-open-data.s3.amazonaws.com/photos/658954501/original.jpg,https://www.gbif.org/occurrence/6334774517
784,0,Ribes sanguineum,CC0,Najah Bowlby,iNaturalist,https://inaturalist-open-data.s3.amazonaws.com/photos/620632270/original.jpg,https://www.gbif.org/occurrence/6171318488
784,1,Ribes sanguineum,CC_BY,Tom and T Herman,iNaturalist,https://inaturalist-open-data.s3.amazonaws.com/photos/622606816/original.jpg,https://www.gbif.org/occurrence/6178512807
784,2,Ribes sanguineum,CC_BY,Judi Sanders,iNaturalist,https://inaturalist-open-data.s3.amazonaws.com/photos/622239308/original.jpg,https://www.gbif.org/occurrence/6178661177
785,0,Ribes viscosissimum,CC_BY,Dee Shea Himes,iNaturalist,https://inaturalist-open-data.s3.amazonaws.com/photos/679065351/original.jpg,https://www.gbif.org/occurrence/6398827756
785,1,Ribes viscosissimum,CC_BY,Daniel Patterson,iNaturalist,https://inaturalist-open-data.s3.amazonaws.com/photos/677247522/original.jpg,https://www.gbif.org/occurrence/6400076721
785,2,Ribes viscosissimum,CC_BY,Merlla McLaughlin,iNaturalist,https://inaturalist-open-data.s3.amazonaws.com/photos/514923640/original.jpg,https://www.gbif.org/occurrence/5176563074
786,0,Robinia pseudoacacia,CC_BY,Kieran Hanrahan,iNaturalist,https://inaturalist-open-data.s3.amazonaws.com/photos/645620301/original.jpg,https://www.gbif.org/occurrence/6441405869
786,1,Robinia pseudoacacia,CC_BY,Jeff Ward,iNaturalist,https://inaturalist-open-data.s3.amazonaws.com/photos/729341035/original.jpg,https://www.gbif.org/occurrence/6519407717
786,2,Robinia pseudoacacia,CC0,Barbara L. Wilson,iNaturalist,https://inaturalist-open-data.s3.amazonaws.com/photos/491131918/original.jpeg,https://www.gbif.org/occurrence/5140324550
787,0,Rorippa curvisiliqua,CC_BY,Judi Sanders,iNaturalist,https://inaturalist-open-data.s3.amazonaws.com/photos/651053470/original.jpg,https://www.gbif.org/occurrence/6353274753
787,1,Rorippa curvisiliqua,CC_BY,Kieran Hanrahan,iNaturalist,https://inaturalist-open-data.s3.amazonaws.com/photos/721547358/original.jpg,https://www.gbif.org/occurrence/6498640075
787,2,Rorippa curvisiliqua,CC_BY,Gabriel Campbell-Martinez,iNaturalist,https://inaturalist-open-data.s3.amazonaws.com/photos/373002717/original.jpeg,https://www.gbif.org/occurrence/4994486324
788,0,Rosa gymnocarpa,CC_BY,Jeff Ward,iNaturalist,https://inaturalist-open-data.s3.amazonaws.com/photos/619686822/original.jpg,https://www.gbif.org/occurrence/6178375340
788,1,Rosa gymnocarpa,CC_BY,Michele Karmartsang,iNaturalist,https://inaturalist-open-data.s3.amazonaws.com/photos/655170825/original.jpg,https://www.gbif.org/occurrence/6274120353
788,2,Rosa gymnocarpa,CC_BY,Jeff Ward,iNaturalist,https://inaturalist-open-data.s3.amazonaws.com/photos/658915472/original.jpg,https://www.gbif.org/occurrence/6320389590
789,0,Rosa multiflora,CC_BY,Jacobb L. Foster II,iNaturalist,https://inaturalist-open-data.s3.amazonaws.com/photos/611056698/original.jpg,https://www.gbif.org/occurrence/6147563090
789,1,Rosa multiflora,CC0,Barbara L. Wilson,iNaturalist,https://inaturalist-open-data.s3.amazonaws.com/photos/627407997/original.jpg,https://www.gbif.org/occurrence/6185168672
789,2,Rosa multiflora,CC_BY,Jeffrey Lee (he/him/his),iNaturalist,https://inaturalist-open-data.s3.amazonaws.com/photos/632299110/original.jpg,https://www.gbif.org/occurrence/6195604921
790,0,Rosa nutkana,CC_BY,Jeff Ward,iNaturalist,https://inaturalist-open-data.s3.amazonaws.com/photos/621924334/original.jpg,https://www.gbif.org/occurrence/6178735595
790,1,Rosa nutkana,CC_BY,Jeff Ward,iNaturalist,https://inaturalist-open-data.s3.amazonaws.com/photos/650394620/original.jpg,https://www.gbif.org/occurrence/6253352351
790,2,Rosa nutkana,CC_BY,Gail A Baker,iNaturalist,https://inaturalist-open-data.s3.amazonaws.com/photos/659586425/original.jpg,https://www.gbif.org/occurrence/6320262772
791,0,Rosa rugosa,CC0,Mike Palmer,iNaturalist,https://inaturalist-open-data.s3.amazonaws.com/photos/622225666/original.jpg,https://www.gbif.org/occurrence/6179095604
791,1,Rosa rugosa,CC0,Stephanie McFarlane,iNaturalist,https://inaturalist-open-data.s3.amazonaws.com/photos/633823861/original.jpg,https://www.gbif.org/occurrence/6188070663
791,2,Rosa rugosa,CC_BY,Daniel Patterson,iNaturalist,https://inaturalist-open-data.s3.amazonaws.com/photos/677236700/original.jpg,https://www.gbif.org/occurrence/6398783595
792,0,Rosa woodsii,CC_BY,Daniel Patterson,iNaturalist,https://inaturalist-open-data.s3.amazonaws.com/photos/651065455/original.jpg,https://www.gbif.org/occurrence/6273556555
792,1,Rosa woodsii,CC0,Aaron Liston,iNaturalist,https://inaturalist-open-data.s3.amazonaws.com/photos/683159776/original.jpg,https://www.gbif.org/occurrence/6422874610
792,2,Rosa woodsii,CC_BY,Judi Sanders,iNaturalist,https://inaturalist-open-data.s3.amazonaws.com/photos/508281146/original.jpg,https://www.gbif.org/occurrence/5168255640
793,0,Rubus armeniacus,CC0,Aaron Liston,iNaturalist,https://inaturalist-open-data.s3.amazonaws.com/photos/609390719/original.jpg,https://www.gbif.org/occurrence/6131308584
793,1,Rubus armeniacus,CC0,Barbara L. Wilson,iNaturalist,https://inaturalist-open-data.s3.amazonaws.com/photos/622331115/original.jpg,https://www.gbif.org/occurrence/6178751002
793,2,Rubus armeniacus,CC_BY,Michele Karmartsang,iNaturalist,https://inaturalist-open-data.s3.amazonaws.com/photos/658022676/original.jpg,https://www.gbif.org/occurrence/6273689841
794,0,Rubus laciniatus,CC_BY,Jeff Ward,iNaturalist,https://inaturalist-open-data.s3.amazonaws.com/photos/619686916/original.jpg,https://www.gbif.org/occurrence/6178830040
794,1,Rubus laciniatus,CC_BY,Tser,iNaturalist,https://inaturalist-open-data.s3.amazonaws.com/photos/662201635/original.jpg,https://www.gbif.org/occurrence/6320247024
794,2,Rubus laciniatus,CC_BY,Judi Sanders,iNaturalist,https://inaturalist-open-data.s3.amazonaws.com/photos/661065141/original.jpg,https://www.gbif.org/occurrence/6334242890
795,0,Rubus lasiococcus,CC_BY,Cody Hinchliff,iNaturalist,https://inaturalist-open-data.s3.amazonaws.com/photos/696149449/original.jpg,https://www.gbif.org/occurrence/6440985190
795,1,Rubus lasiococcus,CC_BY,Kieran Hanrahan,iNaturalist,https://inaturalist-open-data.s3.amazonaws.com/photos/515409261/original.jpg,https://www.gbif.org/occurrence/5187855850
795,2,Rubus lasiococcus,CC_BY,"Jeff,Michaela Warneking",iNaturalist,https://inaturalist-open-data.s3.amazonaws.com/photos/527377779/original.jpg,https://www.gbif.org/occurrence/5231303876
796,0,Rubus leucodermis,CC_BY,Michele Karmartsang,iNaturalist,https://inaturalist-open-data.s3.amazonaws.com/photos/619665015/original.jpg,https://www.gbif.org/occurrence/6171190185
796,1,Rubus leucodermis,CC_BY,Kieran Hanrahan,iNaturalist,https://inaturalist-open-data.s3.amazonaws.com/photos/622309386/original.jpg,https://www.gbif.org/occurrence/6178613770
796,2,Rubus leucodermis,CC_BY,Michele Karmartsang,iNaturalist,https://inaturalist-open-data.s3.amazonaws.com/photos/629404505/original.jpg,https://www.gbif.org/occurrence/6184827178
797,0,Rubus parviflorus,CC_BY,Aden Sommerville,iNaturalist,https://inaturalist-open-data.s3.amazonaws.com/photos/610221693/original.jpg,https://www.gbif.org/occurrence/6131578703
797,1,Rubus parviflorus,CC_BY,Dee Shea Himes,iNaturalist,https://inaturalist-open-data.s3.amazonaws.com/photos/629348810/original.jpg,https://www.gbif.org/occurrence/6185330822
797,2,Rubus parviflorus,CC_BY,Aden Sommerville,iNaturalist,https://inaturalist-open-data.s3.amazonaws.com/photos/630171593/original.jpg,https://www.gbif.org/occurrence/6185417844
798,0,Rubus spectabilis,CC0,Drew Meyer,iNaturalist,https://inaturalist-open-data.s3.amazonaws.com/photos/611316286/original.jpg,https://www.gbif.org/occurrence/6185663007
798,1,Rubus spectabilis,CC0,Barbara L. Wilson,iNaturalist,https://inaturalist-open-data.s3.amazonaws.com/photos/620780319/original.jpg,https://www.gbif.org/occurrence/6178672204
798,2,Rubus spectabilis,CC_BY,Loren Hadley,iNaturalist,https://inaturalist-open-data.s3.amazonaws.com/photos/627856999/original.jpg,https://www.gbif.org/occurrence/6184812699
799,0,Rubus ursinus,CC0,moater,iNaturalist,https://inaturalist-open-data.s3.amazonaws.com/photos/604900153/original.jpg,https://www.gbif.org/occurrence/5938298894
799,1,Rubus ursinus,CC_BY,Brodie Cass Talbott,iNaturalist,https://inaturalist-open-data.s3.amazonaws.com/photos/607967613/original.jpg,https://www.gbif.org/occurrence/6130843216
799,2,Rubus ursinus,CC_BY,Aden Sommerville,iNaturalist,https://inaturalist-open-data.s3.amazonaws.com/photos/611982842/original.jpg,https://www.gbif.org/occurrence/6133419455
800,0,Rubus vestitus,CC0,Barbara L. Wilson,iNaturalist,https://inaturalist-open-data.s3.amazonaws.com/photos/626062799/original.jpg,https://www.gbif.org/occurrence/6186149246
800,1,Rubus vestitus,CC0,Barbara L. Wilson,iNaturalist,https://inaturalist-open-data.s3.amazonaws.com/photos/493094489/original.jpeg,https://www.gbif.org/occurrence/5281866503
800,2,Rubus vestitus,CC0,Barbara L. Wilson,iNaturalist,https://inaturalist-open-data.s3.amazonaws.com/photos/493099304/original.jpeg,https://www.gbif.org/occurrence/5281948140
801,0,Rudbeckia occidentalis,CC0,Drew Meyer,iNaturalist,https://inaturalist-open-data.s3.amazonaws.com/photos/666649039/original.jpg,https://www.gbif.org/occurrence/6423211559
801,1,Rudbeckia occidentalis,CC0,Nancy Clogston,iNaturalist,https://inaturalist-open-data.s3.amazonaws.com/photos/686342842/original.jpg,https://www.gbif.org/occurrence/6422409102
801,2,Rudbeckia occidentalis,CC_BY,Daniel Patterson,iNaturalist,https://inaturalist-open-data.s3.amazonaws.com/photos/688841648/original.jpg,https://www.gbif.org/occurrence/6431596615
802,0,Rumex acetosella,CC_BY,Zach Earl,iNaturalist,https://inaturalist-open-data.s3.amazonaws.com/photos/617498612/original.jpg,https://www.gbif.org/occurrence/6163118537
802,1,Rumex acetosella,CC_BY,Jeff Ward,iNaturalist,https://inaturalist-open-data.s3.amazonaws.com/photos/631068078/original.jpg,https://www.gbif.org/occurrence/6185716228
802,2,Rumex acetosella,CC0,Barbara L. Wilson,iNaturalist,https://inaturalist-open-data.s3.amazonaws.com/photos/631664869/original.jpg,https://www.gbif.org/occurrence/6188280937
803,0,Rumex crispus,CC0,Barbara L. Wilson,iNaturalist,https://inaturalist-open-data.s3.amazonaws.com/photos/622340082/original.jpg,https://www.gbif.org/occurrence/6178894470
803,1,Rumex crispus,CC_BY,Kieran Hanrahan,iNaturalist,https://inaturalist-open-data.s3.amazonaws.com/photos/645598608/original.jpg,https://www.gbif.org/occurrence/6399492419
803,2,Rumex crispus,CC_BY,Aden Sommerville,iNaturalist,https://inaturalist-open-data.s3.amazonaws.com/photos/720279539/original.jpg,https://www.gbif.org/occurrence/6499150712
804,0,Rumex obtusifolius,CC0,Barbara L. Wilson,iNaturalist,https://inaturalist-open-data.s3.amazonaws.com/photos/615064658/original.jpg,https://www.gbif.org/occurrence/6159279077
804,1,Rumex obtusifolius,CC0,Barbara L. Wilson,iNaturalist,https://inaturalist-open-data.s3.amazonaws.com/photos/615060344/original.jpg,https://www.gbif.org/occurrence/6159626314
804,2,Rumex obtusifolius,CC0,moater,iNaturalist,https://inaturalist-open-data.s3.amazonaws.com/photos/619135160/original.jpg,https://www.gbif.org/occurrence/6170925913
805,0,Rupertia physodes,CC_BY,Dee Shea Himes,iNaturalist,https://inaturalist-open-data.s3.amazonaws.com/photos/644357029/original.jpg,https://www.gbif.org/occurrence/6234926020
805,1,Rupertia physodes,CC_BY,Dee Shea Himes,iNaturalist,https://inaturalist-open-data.s3.amazonaws.com/photos/651657958/original.jpg,https://www.gbif.org/occurrence/6251543339
805,2,Rupertia physodes,CC_BY,Ed Alverson,iNaturalist,https://inaturalist-open-data.s3.amazonaws.com/photos/660311994/original.jpg,https://www.gbif.org/occurrence/6320067466
806,0,Sagittaria latifolia,CC_BY,Tser,iNaturalist,https://inaturalist-open-data.s3.amazonaws.com/photos/667863963/original.jpg,https://www.gbif.org/occurrence/6353311678
806,1,Sagittaria latifolia,CC_BY,fern Wildtruth,iNaturalist,https://inaturalist-open-data.s3.amazonaws.com/photos/707674611/original.jpg,https://www.gbif.org/occurrence/6481026732
806,2,Sagittaria latifolia,CC_BY,Kieran Hanrahan,iNaturalist,https://inaturalist-open-data.s3.amazonaws.com/photos/709976296/original.jpg,https://www.gbif.org/occurrence/6479256596
807,0,Salix geyeriana,CC0,Barbara L. Wilson,iNaturalist,https://inaturalist-open-data.s3.amazonaws.com/photos/523452442/original.jpg,https://www.gbif.org/occurrence/5205867989
807,1,Salix geyeriana,CC0,Barbara L. Wilson,iNaturalist,https://inaturalist-open-data.s3.amazonaws.com/photos/523451242/original.jpg,https://www.gbif.org/occurrence/5206391965
807,2,Salix geyeriana,CC0,Barbara L. Wilson,iNaturalist,https://inaturalist-open-data.s3.amazonaws.com/photos/397184740/original.jpeg,https://www.gbif.org/occurrence/4900871528
808,0,Salix hookeriana,CC0,Barbara L. Wilson,iNaturalist,https://inaturalist-open-data.s3.amazonaws.com/photos/615064646/original.jpg,https://www.gbif.org/occurrence/6159241937
808,1,Salix hookeriana,CC0,Dave Miller,iNaturalist,https://inaturalist-open-data.s3.amazonaws.com/photos/616242708/original.jpg,https://www.gbif.org/occurrence/6159547170
808,2,Salix hookeriana,CC0,Barbara L. Wilson,iNaturalist,https://inaturalist-open-data.s3.amazonaws.com/photos/625383926/original.jpg,https://www.gbif.org/occurrence/6178349674
809,0,Salix lucida,CC_BY,Sue Ann Kendall,iNaturalist,https://inaturalist-open-data.s3.amazonaws.com/photos/638221426/original.jpg,https://www.gbif.org/occurrence/6235799573
809,1,Salix lucida,CC0,Barbara L. Wilson,iNaturalist,https://inaturalist-open-data.s3.amazonaws.com/photos/658334395/original.jpg,https://www.gbif.org/occurrence/6334160897
809,2,Salix lucida,CC_BY,Jeff Ward,iNaturalist,https://inaturalist-open-data.s3.amazonaws.com/photos/672319549/original.jpg,https://www.gbif.org/occurrence/6400288630
810,0,Salix scouleriana,CC0,Barbara L. Wilson,iNaturalist,https://inaturalist-open-data.s3.amazonaws.com/photos/650972380/original.jpg,https://www.gbif.org/occurrence/6251886518
810,1,Salix scouleriana,CC0,Aaron Liston,iNaturalist,https://inaturalist-open-data.s3.amazonaws.com/photos/664729671/original.jpg,https://www.gbif.org/occurrence/6333959595
810,2,Salix scouleriana,CC0,Barbara L. Wilson,iNaturalist,https://inaturalist-open-data.s3.amazonaws.com/photos/663224871/original.jpg,https://www.gbif.org/occurrence/6334967385
811,0,Salix sitchensis,CC_BY,David Anderson,iNaturalist,https://inaturalist-open-data.s3.amazonaws.com/photos/647124336/original.jpg,https://www.gbif.org/occurrence/6234582646
811,1,Salix sitchensis,CC_BY,David Anderson,iNaturalist,https://inaturalist-open-data.s3.amazonaws.com/photos/647125167/original.jpg,https://www.gbif.org/occurrence/6236362832
811,2,Salix sitchensis,CC0,Barbara L. Wilson,iNaturalist,https://inaturalist-open-data.s3.amazonaws.com/photos/663224588/original.jpg,https://www.gbif.org/occurrence/6334325611
812,0,Salsola tragus,CC0,Barbara L. Wilson,iNaturalist,https://inaturalist-open-data.s3.amazonaws.com/photos/630333417/original.jpg,https://www.gbif.org/occurrence/6399476711
812,1,Salsola tragus,CC0,Barbara L. Wilson,iNaturalist,https://inaturalist-open-data.s3.amazonaws.com/photos/484382080/original.jpeg,https://www.gbif.org/occurrence/5134851463
812,2,Salsola tragus,CC_BY,Jeff Ward,iNaturalist,https://inaturalist-open-data.s3.amazonaws.com/photos/503107285/original.jpg,https://www.gbif.org/occurrence/5932497419
813,0,Salvia aethiopis,CC_BY,Parker James Lloyd,iNaturalist,https://inaturalist-open-data.s3.amazonaws.com/photos/694591661/original.jpg,https://www.gbif.org/occurrence/6479662212
813,1,Salvia aethiopis,CC_BY,Steve Matson,iNaturalist,https://inaturalist-open-data.s3.amazonaws.com/photos/532367492/original.jpg,https://www.gbif.org/occurrence/5844079786
813,2,Salvia aethiopis,CC_BY,Steve Matson,iNaturalist,https://inaturalist-open-data.s3.amazonaws.com/photos/531062491/original.jpg,https://www.gbif.org/occurrence/5844513451
814,0,Salvia dorrii,CC_BY,Michael O'Loughlin,iNaturalist,https://inaturalist-open-data.s3.amazonaws.com/photos/656195899/original.jpg,https://www.gbif.org/occurrence/6273174107
814,1,Salvia dorrii,CC_BY,Emma,iNaturalist,https://inaturalist-open-data.s3.amazonaws.com/photos/499640912/original.jpg,https://www.gbif.org/occurrence/5154074978
814,2,Salvia dorrii,CC_BY,rappman,iNaturalist,https://inaturalist-open-data.s3.amazonaws.com/photos/503148834/original.jpg,https://www.gbif.org/occurrence/5206149518
815,0,Sambucus cerulea,CC_BY,Daniel Patterson,iNaturalist,https://inaturalist-open-data.s3.amazonaws.com/photos/644596502/original.jpg,https://www.gbif.org/occurrence/6234910857
815,1,Sambucus cerulea,CC_BY,Adam Kamal,iNaturalist,https://inaturalist-open-data.s3.amazonaws.com/photos/723707644/original.jpg,https://www.gbif.org/occurrence/6519024061
815,2,Sambucus cerulea,CC_BY,Aden Sommerville,iNaturalist,https://inaturalist-open-data.s3.amazonaws.com/photos/729813321/original.jpg,https://www.gbif.org/occurrence/6519381656
816,0,Sambucus racemosa,CC0,Lindsey K. Wise,iNaturalist,https://inaturalist-open-data.s3.amazonaws.com/photos/636850593/original.jpg,https://www.gbif.org/occurrence/6195223258
816,1,Sambucus racemosa,CC0,Barbara L. Wilson,iNaturalist,https://inaturalist-open-data.s3.amazonaws.com/photos/637556050/original.jpg,https://www.gbif.org/occurrence/6195563351
816,2,Sambucus racemosa,CC0,Kate Manning,iNaturalist,https://inaturalist-open-data.s3.amazonaws.com/photos/636793920/original.jpg,https://www.gbif.org/occurrence/6195702791
817,0,Sanicula bipinnatifida,CC_BY,Ed Alverson,iNaturalist,https://inaturalist-open-data.s3.amazonaws.com/photos/629504928/original.jpg,https://www.gbif.org/occurrence/6184755710
817,1,Sanicula bipinnatifida,CC0,Kate Manning,iNaturalist,https://inaturalist-open-data.s3.amazonaws.com/photos/627056965/original.jpg,https://www.gbif.org/occurrence/6185352203
817,2,Sanicula bipinnatifida,CC_BY,Dee Shea Himes,iNaturalist,https://inaturalist-open-data.s3.amazonaws.com/photos/630235996/original.jpg,https://www.gbif.org/occurrence/6185848411
818,0,Sanicula crassicaulis,CC_BY,Kieran Hanrahan,iNaturalist,https://inaturalist-open-data.s3.amazonaws.com/photos/612568994/original.jpg,https://www.gbif.org/occurrence/6133404345
818,1,Sanicula crassicaulis,CC_BY,Judi Sanders,iNaturalist,https://inaturalist-open-data.s3.amazonaws.com/photos/613530267/original.jpg,https://www.gbif.org/occurrence/6147572165
818,2,Sanicula crassicaulis,CC0,Kate Manning,iNaturalist,https://inaturalist-open-data.s3.amazonaws.com/photos/617948454/original.jpg,https://www.gbif.org/occurrence/6163088945
819,0,Sanicula graveolens,CC0,Drew Meyer,iNaturalist,https://inaturalist-open-data.s3.amazonaws.com/photos/641750130/original.jpg,https://www.gbif.org/occurrence/6235511881
819,1,Sanicula graveolens,CC_BY,Kieran Hanrahan,iNaturalist,https://inaturalist-open-data.s3.amazonaws.com/photos/683822824/original.jpg,https://www.gbif.org/occurrence/6422096839
819,2,Sanicula graveolens,CC0,Aaron Liston,iNaturalist,https://inaturalist-open-data.s3.amazonaws.com/photos/483333457/original.jpg,https://www.gbif.org/occurrence/5134377754
820,0,Saponaria officinalis,CC_BY,Ed Alverson,iNaturalist,https://inaturalist-open-data.s3.amazonaws.com/photos/698981650/original.jpg,https://www.gbif.org/occurrence/6451702566
820,1,Saponaria officinalis,CC_BY,Kieran Hanrahan,iNaturalist,https://inaturalist-open-data.s3.amazonaws.com/photos/721568216/original.jpg,https://www.gbif.org/occurrence/6500112893
820,2,Saponaria officinalis,CC_BY,Kieran Hanrahan,iNaturalist,https://inaturalist-open-data.s3.amazonaws.com/photos/488524403/original.jpg,https://www.gbif.org/occurrence/5167561722
821,0,Sarcobatus vermiculatus,CC_BY,Adam Schneider,iNaturalist,https://inaturalist-open-data.s3.amazonaws.com/photos/665494108/original.jpg,https://www.gbif.org/occurrence/6334344421
821,1,Sarcobatus vermiculatus,CC_BY,James H. Thomas,iNaturalist,https://inaturalist-open-data.s3.amazonaws.com/photos/501224243/original.jpeg,https://www.gbif.org/occurrence/5167069146
821,2,Sarcobatus vermiculatus,CC_BY,Jeff Ward,iNaturalist,https://inaturalist-open-data.s3.amazonaws.com/photos/509733816/original.jpg,https://www.gbif.org/occurrence/5281917606
822,0,Scapania bolanderi,CC_BY,Brodie Cass Talbott,iNaturalist,https://inaturalist-open-data.s3.amazonaws.com/photos/251279482/original.jpeg,https://www.gbif.org/occurrence/4015194388
822,1,Scapania bolanderi,CC0,Barbara L. Wilson,iNaturalist,https://inaturalist-open-data.s3.amazonaws.com/photos/183645491/original.jpeg,https://www.gbif.org/occurrence/3759084869
822,2,Scapania bolanderi,CC0,Dan Tucker,iNaturalist,https://inaturalist-open-data.s3.amazonaws.com/photos/249100239/original.jpeg,https://www.gbif.org/occurrence/4009810120
823,0,Sceptridium multifidum,CC_BY,Cody Hinchliff,iNaturalist,https://inaturalist-open-data.s3.amazonaws.com/photos/697425228/original.jpg,https://www.gbif.org/occurrence/6480906233
823,1,Sceptridium multifidum,CC_BY,Jeff Ward,iNaturalist,https://inaturalist-open-data.s3.amazonaws.com/photos/536229211/original.jpg,https://www.gbif.org/occurrence/5231337896
823,2,Sceptridium multifidum,CC_BY,Matt Berger,iNaturalist,https://inaturalist-open-data.s3.amazonaws.com/photos/598893674/original.jpg,https://www.gbif.org/occurrence/6399616945
824,0,Scirpus microcarpus,CC0,Barbara L. Wilson,iNaturalist,https://inaturalist-open-data.s3.amazonaws.com/photos/664228027/original.jpg,https://www.gbif.org/occurrence/6334088877
824,1,Scirpus microcarpus,CC0,Aaron Liston,iNaturalist,https://inaturalist-open-data.s3.amazonaws.com/photos/679446718/original.jpg,https://www.gbif.org/occurrence/6399267127
824,2,Scirpus microcarpus,CC_BY,Jeffrey Lee (he/him/his),iNaturalist,https://inaturalist-open-data.s3.amazonaws.com/photos/681837740/original.jpg,https://www.gbif.org/occurrence/6413124884
825,0,Scleropodium obtusifolium,CC0,Deniz Wilson,iNaturalist,https://inaturalist-open-data.s3.amazonaws.com/photos/471486465/original.jpeg,https://www.gbif.org/occurrence/5076929633
825,1,Scleropodium obtusifolium,CC_BY,Jeff Ward,iNaturalist,https://inaturalist-open-data.s3.amazonaws.com/photos/598133766/original.jpg,https://www.gbif.org/occurrence/6131619327
825,2,Scleropodium obtusifolium,CC0,Deniz Wilson,iNaturalist,https://inaturalist-open-data.s3.amazonaws.com/photos/471486262/original.jpeg,https://www.gbif.org/occurrence/5076929633
826,0,Scoliopus hallii,CC0,Drew Meyer,iNaturalist,https://inaturalist-open-data.s3.amazonaws.com/photos/625516336/original.jpg,https://www.gbif.org/occurrence/6185241741
826,1,Scoliopus hallii,CC0,Drew Meyer,iNaturalist,https://inaturalist-open-data.s3.amazonaws.com/photos/625515349/original.jpg,https://www.gbif.org/occurrence/6185344024
826,2,Scoliopus hallii,CC0,Rob Cuthrell,iNaturalist,https://inaturalist-open-data.s3.amazonaws.com/photos/625888255/original.jpg,https://www.gbif.org/occurrence/6185376010
827,0,Scutellaria angustifolia,CC_BY,James H. Thomas,iNaturalist,https://inaturalist-open-data.s3.amazonaws.com/photos/657999678/original.jpg,https://www.gbif.org/occurrence/6320306508
827,1,Scutellaria angustifolia,CC_BY,Mark Pollock,iNaturalist,https://inaturalist-open-data.s3.amazonaws.com/photos/669909892/original.jpg,https://www.gbif.org/occurrence/6352746963
827,2,Scutellaria angustifolia,CC_BY,Kieran Hanrahan,iNaturalist,https://inaturalist-open-data.s3.amazonaws.com/photos/503464498/original.jpg,https://www.gbif.org/occurrence/5153347993
828,0,Sedum album,CC0,Aaron Liston,iNaturalist,https://inaturalist-open-data.s3.amazonaws.com/photos/627887517/original.jpg,https://www.gbif.org/occurrence/6185118797
828,1,Sedum album,CC_BY,Jeff Ward,iNaturalist,https://inaturalist-open-data.s3.amazonaws.com/photos/626885025/original.jpg,https://www.gbif.org/occurrence/6185238586
828,2,Sedum album,CC_BY,Kieran Hanrahan,iNaturalist,https://inaturalist-open-data.s3.amazonaws.com/photos/647406095/original.jpg,https://www.gbif.org/occurrence/6235367392
829,0,Sedum lanceolatum,CC_BY,Rachel Werling,iNaturalist,https://inaturalist-open-data.s3.amazonaws.com/photos/691657670/original.jpg,https://www.gbif.org/occurrence/6442034650
829,1,Sedum lanceolatum,CC_BY,Parker James Lloyd,iNaturalist,https://inaturalist-open-data.s3.amazonaws.com/photos/696955611/original.jpg,https://www.gbif.org/occurrence/6441458303
829,2,Sedum lanceolatum,CC0,Paul McClellan,iNaturalist,https://inaturalist-open-data.s3.amazonaws.com/photos/530098031/original.jpg,https://www.gbif.org/occurrence/5216796302
830,0,Sedum laxum,CC0,Barbara L. Wilson,iNaturalist,https://inaturalist-open-data.s3.amazonaws.com/photos/660940529/original.jpg,https://www.gbif.org/occurrence/6320913796
830,1,Sedum laxum,CC_BY,Dee Shea Himes,iNaturalist,https://inaturalist-open-data.s3.amazonaws.com/photos/673912159/original.jpg,https://www.gbif.org/occurrence/6413415444
830,2,Sedum laxum,CC_BY,Dee Shea Himes,iNaturalist,https://inaturalist-open-data.s3.amazonaws.com/photos/682737907/original.jpg,https://www.gbif.org/occurrence/6413948414
831,0,Sedum oreganum,CC_BY,Jeff Ward,iNaturalist,https://inaturalist-open-data.s3.amazonaws.com/photos/611055973/original.jpg,https://www.gbif.org/occurrence/6131637289
831,1,Sedum oreganum,CC0,Dave Miller,iNaturalist,https://inaturalist-open-data.s3.amazonaws.com/photos/615894994/original.jpg,https://www.gbif.org/occurrence/6159267123
831,2,Sedum oreganum,CC0,Barbara L. Wilson,iNaturalist,https://inaturalist-open-data.s3.amazonaws.com/photos/666130390/original.jpg,https://www.gbif.org/occurrence/6333953378
832,0,Sedum oregonense,CC0,Barbara L. Wilson,iNaturalist,https://inaturalist-open-data.s3.amazonaws.com/photos/646381767/original.jpg,https://www.gbif.org/occurrence/6251439795
832,1,Sedum oregonense,CC0,Barbara L. Wilson,iNaturalist,https://inaturalist-open-data.s3.amazonaws.com/photos/646381766/original.jpg,https://www.gbif.org/occurrence/6251608667
832,2,Sedum oregonense,CC0,Barbara L. Wilson,iNaturalist,https://inaturalist-open-data.s3.amazonaws.com/photos/646381598/original.jpg,https://www.gbif.org/occurrence/6252515037
833,0,Sedum spathulifolium,CC_BY,David Anderson,iNaturalist,https://inaturalist-open-data.s3.amazonaws.com/photos/613789933/original.jpg,https://www.gbif.org/occurrence/6147267942
833,1,Sedum spathulifolium,CC_BY,John Leszczynski,iNaturalist,https://inaturalist-open-data.s3.amazonaws.com/photos/618315606/original.jpg,https://www.gbif.org/occurrence/6163189703
833,2,Sedum spathulifolium,CC_BY,Zach Earl,iNaturalist,https://inaturalist-open-data.s3.amazonaws.com/photos/616662616/original.jpg,https://www.gbif.org/occurrence/6171214902
834,0,Sedum stenopetalum,CC_BY,Zach Earl,iNaturalist,https://inaturalist-open-data.s3.amazonaws.com/photos/617497287/original.jpg,https://www.gbif.org/occurrence/6162900456
834,1,Sedum stenopetalum,CC_BY,Zach Earl,iNaturalist,https://inaturalist-open-data.s3.amazonaws.com/photos/617497162/original.jpg,https://www.gbif.org/occurrence/6163386127
834,2,Sedum stenopetalum,CC0,Drew Meyer,iNaturalist,https://inaturalist-open-data.s3.amazonaws.com/photos/625518169/original.jpg,https://www.gbif.org/occurrence/6352739082
835,0,Selaginella douglasii,CC0,Drew Meyer,iNaturalist,https://inaturalist-open-data.s3.amazonaws.com/photos/607328260/original.jpg,https://www.gbif.org/occurrence/6129916910
835,1,Selaginella douglasii,CC_BY,Brodie Cass Talbott,iNaturalist,https://inaturalist-open-data.s3.amazonaws.com/photos/607382919/original.jpg,https://www.gbif.org/occurrence/6129945629
835,2,Selaginella douglasii,CC0,Evelyn Lazzaretti 🏳️‍⚧️,iNaturalist,https://inaturalist-open-data.s3.amazonaws.com/photos/606439308/original.jpg,https://www.gbif.org/occurrence/6131503404
836,0,Selaginella oregana,CC0,Dave Miller,iNaturalist,https://inaturalist-open-data.s3.amazonaws.com/photos/615894698/original.jpg,https://www.gbif.org/occurrence/6159469889
836,1,Selaginella oregana,CC_BY,Bitty A. Roy,iNaturalist,https://inaturalist-open-data.s3.amazonaws.com/photos/644604919/original.jpg,https://www.gbif.org/occurrence/6236458614
836,2,Selaginella oregana,CC0,Aaron Liston,iNaturalist,https://inaturalist-open-data.s3.amazonaws.com/photos/664717568/original.jpg,https://www.gbif.org/occurrence/6334313018
837,0,Selaginella wallacei,CC_BY,David Anderson,iNaturalist,https://inaturalist-open-data.s3.amazonaws.com/photos/613790400/original.jpg,https://www.gbif.org/occurrence/6147309202
837,1,Selaginella wallacei,CC_BY,Zach Earl,iNaturalist,https://inaturalist-open-data.s3.amazonaws.com/photos/616664824/original.jpg,https://www.gbif.org/occurrence/6163276528
837,2,Selaginella wallacei,CC0,Kate Manning,iNaturalist,https://inaturalist-open-data.s3.amazonaws.com/photos/619871777/original.jpg,https://www.gbif.org/occurrence/6171258363
838,0,Senecio integerrimus,CC_BY,Daniel Patterson,iNaturalist,https://inaturalist-open-data.s3.amazonaws.com/photos/648742893/original.jpg,https://www.gbif.org/occurrence/6251500925
838,1,Senecio integerrimus,CC_BY,Jeff Ward,iNaturalist,https://inaturalist-open-data.s3.amazonaws.com/photos/487646691/original.jpg,https://www.gbif.org/occurrence/5176609594
838,2,Senecio integerrimus,CC0,bluefly,iNaturalist,https://inaturalist-open-data.s3.amazonaws.com/photos/495946770/original.jpeg,https://www.gbif.org/occurrence/5176765463
839,0,Senecio minimus,CC_BY,Lee Cain,iNaturalist,https://inaturalist-open-data.s3.amazonaws.com/photos/608782932/original.jpg,https://www.gbif.org/occurrence/6131373677
839,1,Senecio minimus,CC0,Mike Palmer,iNaturalist,https://inaturalist-open-data.s3.amazonaws.com/photos/622228335/original.jpg,https://www.gbif.org/occurrence/6178497582
839,2,Senecio minimus,CC_BY,Judi Sanders,iNaturalist,https://inaturalist-open-data.s3.amazonaws.com/photos/622226644/original.jpg,https://www.gbif.org/occurrence/6179194347
840,0,Senecio triangularis,CC_BY,Kieran Hanrahan,iNaturalist,https://inaturalist-open-data.s3.amazonaws.com/photos/670025226/original.jpg,https://www.gbif.org/occurrence/6352635586
840,1,Senecio triangularis,CC_BY,Dee Shea Himes,iNaturalist,https://inaturalist-open-data.s3.amazonaws.com/photos/670317006/original.jpg,https://www.gbif.org/occurrence/6353063011
840,2,Senecio triangularis,CC_BY,Kieran Hanrahan,iNaturalist,https://inaturalist-open-data.s3.amazonaws.com/photos/683815592/original.jpg,https://www.gbif.org/occurrence/6413197648
841,0,Senecio vulgaris,CC_BY,Aden Sommerville,iNaturalist,https://inaturalist-open-data.s3.amazonaws.com/photos/613552283/original.jpg,https://www.gbif.org/occurrence/6147314923
841,1,Senecio vulgaris,CC0,Barbara L. Wilson,iNaturalist,https://inaturalist-open-data.s3.amazonaws.com/photos/620065142/original.jpg,https://www.gbif.org/occurrence/6170878859
841,2,Senecio vulgaris,CC_BY,Daughter Dad,iNaturalist,https://inaturalist-open-data.s3.amazonaws.com/photos/618613119/original.jpg,https://www.gbif.org/occurrence/6171050921
842,0,Sherardia arvensis,CC_BY,Don Boucher,iNaturalist,https://inaturalist-open-data.s3.amazonaws.com/photos/644486281/original.jpg,https://www.gbif.org/occurrence/6234436435
842,1,Sherardia arvensis,CC0,Kate Manning,iNaturalist,https://inaturalist-open-data.s3.amazonaws.com/photos/646668034/original.jpg,https://www.gbif.org/occurrence/6234466352
842,2,Sherardia arvensis,CC_BY,Judi Sanders,iNaturalist,https://inaturalist-open-data.s3.amazonaws.com/photos/637867051/original.jpg,https://www.gbif.org/occurrence/6234540093
843,0,Sidalcea asprella,CC0,Kate Manning,iNaturalist,https://inaturalist-open-data.s3.amazonaws.com/photos/630179311/original.jpg,https://www.gbif.org/occurrence/6184878276
843,1,Sidalcea asprella,CC_BY,Ed Alverson,iNaturalist,https://inaturalist-open-data.s3.amazonaws.com/photos/642175565/original.jpg,https://www.gbif.org/occurrence/6235294291
843,2,Sidalcea asprella,CC0,Mary Lynn Roush,iNaturalist,https://inaturalist-open-data.s3.amazonaws.com/photos/638388654/original.jpg,https://www.gbif.org/occurrence/6236122937
844,0,Sidalcea campestris,CC0,Barbara L. Wilson,iNaturalist,https://inaturalist-open-data.s3.amazonaws.com/photos/622592364/original.jpg,https://www.gbif.org/occurrence/6179376399
844,1,Sidalcea campestris,CC0,Aaron Liston,iNaturalist,https://inaturalist-open-data.s3.amazonaws.com/photos/627887604/original.jpg,https://www.gbif.org/occurrence/6185787459
844,2,Sidalcea campestris,CC_BY,Judi Sanders,iNaturalist,https://inaturalist-open-data.s3.amazonaws.com/photos/636680557/original.jpg,https://www.gbif.org/occurrence/6195822042
845,0,Sidalcea oregana,CC_BY,Andrew Still,iNaturalist,https://inaturalist-open-data.s3.amazonaws.com/photos/687928726/original.jpg,https://www.gbif.org/occurrence/6499474985
845,1,Sidalcea oregana,CC_BY,Parker James Lloyd,iNaturalist,https://inaturalist-open-data.s3.amazonaws.com/photos/696968071/original.jpg,https://www.gbif.org/occurrence/6440939052
845,2,Sidalcea oregana,CC_BY,Parker James Lloyd,iNaturalist,https://inaturalist-open-data.s3.amazonaws.com/photos/696953908/original.jpg,https://www.gbif.org/occurrence/6441020042
846,0,Silene coronaria,CC_BY,carbapple,iNaturalist,https://inaturalist-open-data.s3.amazonaws.com/photos/666221559/original.jpg,https://www.gbif.org/occurrence/6333967727
846,1,Silene coronaria,CC_BY,Casey H. Richart,iNaturalist,https://inaturalist-open-data.s3.amazonaws.com/photos/676660532/original.jpg,https://www.gbif.org/occurrence/6400483478
846,2,Silene coronaria,CC_BY,Bruce Bailey,iNaturalist,https://inaturalist-open-data.s3.amazonaws.com/photos/673562860/original.jpg,https://www.gbif.org/occurrence/6441381101
847,0,Silene douglasii,CC_BY,Judi Sanders,iNaturalist,https://inaturalist-open-data.s3.amazonaws.com/photos/675375128/original.jpg,https://www.gbif.org/occurrence/6399764454
847,1,Silene douglasii,CC_BY,Kieran Hanrahan,iNaturalist,https://inaturalist-open-data.s3.amazonaws.com/photos/691092126/original.jpg,https://www.gbif.org/occurrence/6431162688
847,2,Silene douglasii,CC_BY,mammuthuss,iNaturalist,https://inaturalist-open-data.s3.amazonaws.com/photos/525738511/original.jpg,https://www.gbif.org/occurrence/5935400659
848,0,Silene greenei,CC_BY,Dee Shea Himes,iNaturalist,https://inaturalist-open-data.s3.amazonaws.com/photos/640411036/original.jpg,https://www.gbif.org/occurrence/6235445448
848,1,Silene greenei,CC_BY,Dee Shea Himes,iNaturalist,https://inaturalist-open-data.s3.amazonaws.com/photos/640238218/original.jpg,https://www.gbif.org/occurrence/6236437447
848,2,Silene greenei,CC_BY,Dee Shea Himes,iNaturalist,https://inaturalist-open-data.s3.amazonaws.com/photos/666829737/original.jpg,https://www.gbif.org/occurrence/6352464808
849,0,Silene hookeri,CC_BY,Dee Shea Himes,iNaturalist,https://inaturalist-open-data.s3.amazonaws.com/photos/636595590/original.jpg,https://www.gbif.org/occurrence/6195946312
849,1,Silene hookeri,CC_BY,Dee Shea Himes,iNaturalist,https://inaturalist-open-data.s3.amazonaws.com/photos/636681797/original.jpg,https://www.gbif.org/occurrence/6196056715
849,2,Silene hookeri,CC_BY,Judi Sanders,iNaturalist,https://inaturalist-open-data.s3.amazonaws.com/photos/646660632/original.jpg,https://www.gbif.org/occurrence/6235232352
850,0,Silene latifolia,CC0,Barbara L. Wilson,iNaturalist,https://inaturalist-open-data.s3.amazonaws.com/photos/651644310/original.jpg,https://www.gbif.org/occurrence/6253374936
850,1,Silene latifolia,CC_BY,Michele Karmartsang,iNaturalist,https://inaturalist-open-data.s3.amazonaws.com/photos/653068801/original.jpg,https://www.gbif.org/occurrence/6252951616
850,2,Silene latifolia,CC_BY,rappman,iNaturalist,https://inaturalist-open-data.s3.amazonaws.com/photos/495594870/original.jpg,https://www.gbif.org/occurrence/5140838749
851,0,Silene menziesii,CC_BY,Kieran Hanrahan,iNaturalist,https://inaturalist-open-data.s3.amazonaws.com/photos/503382816/original.jpg,https://www.gbif.org/occurrence/5167069211
851,1,Silene menziesii,CC0,Tom Wainwright,iNaturalist,https://inaturalist-open-data.s3.amazonaws.com/photos/530086450/original.jpg,https://www.gbif.org/occurrence/5230451903
851,2,Silene menziesii,CC0,Craig Martin,iNaturalist,https://inaturalist-open-data.s3.amazonaws.com/photos/553977255/original.jpg,https://www.gbif.org/occurrence/6131287969
852,0,Silybum marianum,CC_BY,Jeffrey Lee (he/him/his),iNaturalist,https://inaturalist-open-data.s3.amazonaws.com/photos/615808107/original.jpg,https://www.gbif.org/occurrence/6159221822
852,1,Silybum marianum,CC_BY,Jacobb L. Foster II,iNaturalist,https://inaturalist-open-data.s3.amazonaws.com/photos/624295183/original.jpg,https://www.gbif.org/occurrence/6178413187
852,2,Silybum marianum,CC0,Barbara L. Wilson,iNaturalist,https://inaturalist-open-data.s3.amazonaws.com/photos/646851219/original.jpg,https://www.gbif.org/occurrence/6234183464
853,0,Sisymbrium altissimum,CC0,Barbara L. Wilson,iNaturalist,https://inaturalist-open-data.s3.amazonaws.com/photos/523472929/original.jpg,https://www.gbif.org/occurrence/5205888961
853,1,Sisymbrium altissimum,CC_BY,Greghig Jirheg,iNaturalist,https://inaturalist-open-data.s3.amazonaws.com/photos/528991868/original.jpg,https://www.gbif.org/occurrence/6162853902
853,2,Sisymbrium altissimum,CC_BY,Greghig Jirheg,iNaturalist,https://inaturalist-open-data.s3.amazonaws.com/photos/528999971/original.jpg,https://www.gbif.org/occurrence/6162994635
854,0,Sisyrinchium bellum,CC_BY,Parker James Lloyd,iNaturalist,https://inaturalist-open-data.s3.amazonaws.com/photos/696542741/original.jpg,https://www.gbif.org/occurrence/6470127826
854,1,Sisyrinchium bellum,CC_BY,Daniel Kennedy,iNaturalist,https://inaturalist-open-data.s3.amazonaws.com/photos/278263500/original.jpg,https://www.gbif.org/occurrence/5206610363
854,2,Sisyrinchium bellum,CC_BY,Mark Pollock,iNaturalist,https://inaturalist-open-data.s3.amazonaws.com/photos/297934361/original.jpg,https://www.gbif.org/occurrence/5215761390
855,0,Sisyrinchium idahoense,CC_BY,Ed Alverson,iNaturalist,https://inaturalist-open-data.s3.amazonaws.com/photos/661818689/original.jpg,https://www.gbif.org/occurrence/6320233513
855,1,Sisyrinchium idahoense,CC_BY,Ed Alverson,iNaturalist,https://inaturalist-open-data.s3.amazonaws.com/photos/661816702/original.jpg,https://www.gbif.org/occurrence/6321103053
855,2,Sisyrinchium idahoense,CC_BY,Kierstin Thompson,iNaturalist,https://inaturalist-open-data.s3.amazonaws.com/photos/510565042/original.jpg,https://www.gbif.org/occurrence/5177039800
856,0,Smithiastrum prenanthoides,CC_BY,Dee Shea Himes,iNaturalist,https://inaturalist-open-data.s3.amazonaws.com/photos/673909483/original.jpg,https://www.gbif.org/occurrence/6400655195
856,1,Smithiastrum prenanthoides,CC_BY,Parker James Lloyd,iNaturalist,https://inaturalist-open-data.s3.amazonaws.com/photos/696171512/original.jpg,https://www.gbif.org/occurrence/6441065524
856,2,Smithiastrum prenanthoides,CC_BY,Parker James Lloyd,iNaturalist,https://inaturalist-open-data.s3.amazonaws.com/photos/696555661/original.jpg,https://www.gbif.org/occurrence/6441179149
857,0,Solanum dulcamara,CC_BY,jayjt,iNaturalist,https://inaturalist-open-data.s3.amazonaws.com/photos/682850680/original.jpg,https://www.gbif.org/occurrence/6413091558
857,1,Solanum dulcamara,CC_BY,David Anderson,iNaturalist,https://inaturalist-open-data.s3.amazonaws.com/photos/646931307/original.jpg,https://www.gbif.org/occurrence/6234168696
857,2,Solanum dulcamara,CC_BY,Jeff Ward,iNaturalist,https://inaturalist-open-data.s3.amazonaws.com/photos/654516569/original.jpg,https://www.gbif.org/occurrence/6273565585
858,0,Solanum nigrum,CC0,Barbara L. Wilson,iNaturalist,https://inaturalist-open-data.s3.amazonaws.com/photos/608982895/original.jpg,https://www.gbif.org/occurrence/6131021162
858,1,Solanum nigrum,CC_BY,John Thomlinson,iNaturalist,https://inaturalist-open-data.s3.amazonaws.com/photos/718789464/original.jpg,https://www.gbif.org/occurrence/6498599144
858,2,Solanum nigrum,CC0,Jonathan Whitaker,iNaturalist,https://inaturalist-open-data.s3.amazonaws.com/photos/727025963/original.jpg,https://www.gbif.org/occurrence/6519054519
859,0,Solidago elongata,CC0,Nancy Clogston,iNaturalist,https://inaturalist-open-data.s3.amazonaws.com/photos/715385152/original.jpg,https://www.gbif.org/occurrence/6499569138
859,1,Solidago elongata,CC_BY,Michael O'Loughlin,iNaturalist,https://inaturalist-open-data.s3.amazonaws.com/photos/539404704/original.jpg,https://www.gbif.org/occurrence/6133327699
859,2,Solidago elongata,CC0,Kate Manning,iNaturalist,https://inaturalist-open-data.s3.amazonaws.com/photos/550005212/original.jpg,https://www.gbif.org/occurrence/5292876448
860,0,Solidago lepida,CC_BY,Lee Cain,iNaturalist,https://inaturalist-open-data.s3.amazonaws.com/photos/698039487/original.jpg,https://www.gbif.org/occurrence/6479553715
860,1,Solidago lepida,CC_BY,David Anderson,iNaturalist,https://inaturalist-open-data.s3.amazonaws.com/photos/412896092/original.jpeg,https://www.gbif.org/occurrence/6130905718
860,2,Solidago lepida,CC0,Drew Meyer,iNaturalist,https://inaturalist-open-data.s3.amazonaws.com/photos/441577446/original.jpeg,https://www.gbif.org/occurrence/4980548688
861,0,Sonchus asper,CC_BY,Rodamu,iNaturalist,https://inaturalist-open-data.s3.amazonaws.com/photos/607561866/original.jpg,https://www.gbif.org/occurrence/6130978927
861,1,Sonchus asper,CC0,Barbara L. Wilson,iNaturalist,https://inaturalist-open-data.s3.amazonaws.com/photos/629194978/original.jpg,https://www.gbif.org/occurrence/6184947497
861,2,Sonchus asper,CC0,Barbara L. Wilson,iNaturalist,https://inaturalist-open-data.s3.amazonaws.com/photos/637967346/original.jpg,https://www.gbif.org/occurrence/6236509759
862,0,Sorbus aucuparia,CC0,Najah Bowlby,iNaturalist,https://inaturalist-open-data.s3.amazonaws.com/photos/653699005/original.jpg,https://www.gbif.org/occurrence/6251469045
862,1,Sorbus aucuparia,CC_BY,Brodie Cass Talbott,iNaturalist,https://inaturalist-open-data.s3.amazonaws.com/photos/495952907/original.jpeg,https://www.gbif.org/occurrence/5141109479
862,2,Sorbus aucuparia,CC_BY,Kieran Hanrahan,iNaturalist,https://inaturalist-open-data.s3.amazonaws.com/photos/509954366/original.jpg,https://www.gbif.org/occurrence/5168327925
863,0,Sorbus scopulina,CC0,Aaron Liston,iNaturalist,https://inaturalist-open-data.s3.amazonaws.com/photos/664728325/original.jpg,https://www.gbif.org/occurrence/6333873335
863,1,Sorbus scopulina,CC_BY,Dee Shea Himes,iNaturalist,https://inaturalist-open-data.s3.amazonaws.com/photos/686602226/original.jpg,https://www.gbif.org/occurrence/6422940593
863,2,Sorbus scopulina,CC_BY,David Anderson,iNaturalist,https://inaturalist-open-data.s3.amazonaws.com/photos/516429997/original.jpg,https://www.gbif.org/occurrence/5187622618
864,0,Sorbus sitchensis,CC_BY,Brodie Cass Talbott,iNaturalist,https://inaturalist-open-data.s3.amazonaws.com/photos/680236815/original.jpg,https://www.gbif.org/occurrence/6413429730
864,1,Sorbus sitchensis,CC0,Aaron Liston,iNaturalist,https://inaturalist-open-data.s3.amazonaws.com/photos/682743225/original.jpg,https://www.gbif.org/occurrence/6413750057
864,2,Sorbus sitchensis,CC_BY,Loren Hadley,iNaturalist,https://inaturalist-open-data.s3.amazonaws.com/photos/690597915/original.jpg,https://www.gbif.org/occurrence/6431228702
865,0,Spergularia rubra,CC_BY,Hilary Rose Dawson,iNaturalist,https://inaturalist-open-data.s3.amazonaws.com/photos/641104255/original.jpg,https://www.gbif.org/occurrence/6352645769
865,1,Spergularia rubra,CC0,Aaron Liston,iNaturalist,https://inaturalist-open-data.s3.amazonaws.com/photos/521853420/original.jpg,https://www.gbif.org/occurrence/5198437594
865,2,Spergularia rubra,CC_BY,Trevor Harding,iNaturalist,https://inaturalist-open-data.s3.amazonaws.com/photos/538263965/original.jpg,https://www.gbif.org/occurrence/5759951780
866,0,Sphaeralcea munroana,CC0,Craig Martin,iNaturalist,https://inaturalist-open-data.s3.amazonaws.com/photos/523628352/original.jpg,https://www.gbif.org/occurrence/5217045872
866,1,Sphaeralcea munroana,CC_BY,John Sullivan,iNaturalist,https://inaturalist-open-data.s3.amazonaws.com/photos/517113448/original.jpg,https://www.gbif.org/occurrence/5827765178
866,2,Sphaeralcea munroana,CC_BY,Michael O'Loughlin,iNaturalist,https://inaturalist-open-data.s3.amazonaws.com/photos/380177310/original.jpg,https://www.gbif.org/occurrence/4935643064
867,0,Spiraea douglasii,CC_BY,Judi Sanders,iNaturalist,https://inaturalist-open-data.s3.amazonaws.com/photos/613295091/original.jpg,https://www.gbif.org/occurrence/6147416908
867,1,Spiraea douglasii,CC_BY,Brodie Cass Talbott,iNaturalist,https://inaturalist-open-data.s3.amazonaws.com/photos/619960601/original.jpg,https://www.gbif.org/occurrence/6171174715
867,2,Spiraea douglasii,CC0,Najah Bowlby,iNaturalist,https://inaturalist-open-data.s3.amazonaws.com/photos/620632195/original.jpg,https://www.gbif.org/occurrence/6171296970
868,0,Spiraea lucida,CC_BY,wildflowerwatching,iNaturalist,https://inaturalist-open-data.s3.amazonaws.com/photos/684938212/original.jpg,https://www.gbif.org/occurrence/6422440930
868,1,Spiraea lucida,CC_BY,Rachel Werling,iNaturalist,https://inaturalist-open-data.s3.amazonaws.com/photos/508031872/original.jpg,https://www.gbif.org/occurrence/5168369758
868,2,Spiraea lucida,CC_BY,Jane Weeden,iNaturalist,https://inaturalist-open-data.s3.amazonaws.com/photos/519064730/original.jpg,https://www.gbif.org/occurrence/5198691692
869,0,Spiraea splendens,CC_BY,Dee Shea Himes,iNaturalist,https://inaturalist-open-data.s3.amazonaws.com/photos/686559193/original.jpg,https://www.gbif.org/occurrence/6423051025
869,1,Spiraea splendens,CC0,Nancy Clogston,iNaturalist,https://inaturalist-open-data.s3.amazonaws.com/photos/689415252/original.jpg,https://www.gbif.org/occurrence/6431295601
869,2,Spiraea splendens,CC_BY,Cody Hinchliff,iNaturalist,https://inaturalist-open-data.s3.amazonaws.com/photos/696149330/original.jpg,https://www.gbif.org/occurrence/6440973627
870,0,Spiranthes romanzoffiana,CC_BY,Kieran Hanrahan,iNaturalist,https://inaturalist-open-data.s3.amazonaws.com/photos/705036053/original.jpg,https://www.gbif.org/occurrence/6470328069
870,1,Spiranthes romanzoffiana,CC_BY,Dee Shea Himes,iNaturalist,https://inaturalist-open-data.s3.amazonaws.com/photos/717564198/original.jpg,https://www.gbif.org/occurrence/6498623867
870,2,Spiranthes romanzoffiana,CC0,Dave Miller,iNaturalist,https://inaturalist-open-data.s3.amazonaws.com/photos/543106754/original.jpg,https://www.gbif.org/occurrence/5281798579
871,0,Stachys chamissonis,CC0,Aaron Liston,iNaturalist,https://inaturalist-open-data.s3.amazonaws.com/photos/664737443/original.jpg,https://www.gbif.org/occurrence/6398718429
871,1,Stachys chamissonis,CC_BY,Don Boucher,iNaturalist,https://inaturalist-open-data.s3.amazonaws.com/photos/680075681/original.jpg,https://www.gbif.org/occurrence/6413299527
871,2,Stachys chamissonis,CC_BY,sarah1862,iNaturalist,https://inaturalist-open-data.s3.amazonaws.com/photos/723433675/original.jpg,https://www.gbif.org/occurrence/6518931567
872,0,Stachys mexicana,CC0,Ryan Elliott,iNaturalist,https://inaturalist-open-data.s3.amazonaws.com/photos/680702743/original.jpg,https://www.gbif.org/occurrence/6413927642
872,1,Stachys mexicana,CC0,Dave Miller,iNaturalist,https://inaturalist-open-data.s3.amazonaws.com/photos/691655217/original.jpg,https://www.gbif.org/occurrence/6430830927
872,2,Stachys mexicana,CC_BY,Jane Weeden,iNaturalist,https://inaturalist-open-data.s3.amazonaws.com/photos/519564153/original.jpg,https://www.gbif.org/occurrence/5198998874
873,0,Stachys rigida,CC0,Kate Manning,iNaturalist,https://inaturalist-open-data.s3.amazonaws.com/photos/532869235/original.jpg,https://www.gbif.org/occurrence/5230914960
873,1,Stachys rigida,CC_BY,David Anderson,iNaturalist,https://inaturalist-open-data.s3.amazonaws.com/photos/534649061/original.jpg,https://www.gbif.org/occurrence/5230085392
873,2,Stachys rigida,CC_BY,Jared Lincenberg,iNaturalist,https://inaturalist-open-data.s3.amazonaws.com/photos/533561517/original.jpg,https://www.gbif.org/occurrence/5828278188
874,0,Stellaria media,CC_BY,Aden Sommerville,iNaturalist,https://inaturalist-open-data.s3.amazonaws.com/photos/610434054/original.jpg,https://www.gbif.org/occurrence/6130652417
874,1,Stellaria media,CC0,Barbara L. Wilson,iNaturalist,https://inaturalist-open-data.s3.amazonaws.com/photos/608987764/original.jpg,https://www.gbif.org/occurrence/6131014841
874,2,Stellaria media,CC0,Barbara L. Wilson,iNaturalist,https://inaturalist-open-data.s3.amazonaws.com/photos/608062001/original.jpg,https://www.gbif.org/occurrence/6131120698
875,0,Streptopus amplexifolius,CC_BY,Dee Shea Himes,iNaturalist,https://inaturalist-open-data.s3.amazonaws.com/photos/670322929/original.jpg,https://www.gbif.org/occurrence/6353357549
875,1,Streptopus amplexifolius,CC0,kevin,iNaturalist,https://inaturalist-open-data.s3.amazonaws.com/photos/664848630/original.jpg,https://www.gbif.org/occurrence/6500096830
875,2,Streptopus amplexifolius,CC_BY,Jeff Ward,iNaturalist,https://inaturalist-open-data.s3.amazonaws.com/photos/675117401/original.jpg,https://www.gbif.org/occurrence/6398577050
876,0,Struthiopteris spicant,CC0,Evelyn Lazzaretti 🏳️‍⚧️,iNaturalist,https://inaturalist-open-data.s3.amazonaws.com/photos/606439289/original.jpg,https://www.gbif.org/occurrence/6130858371
876,1,Struthiopteris spicant,CC0,Dave Miller,iNaturalist,https://inaturalist-open-data.s3.amazonaws.com/photos/615895304/original.jpg,https://www.gbif.org/occurrence/6159431885
876,2,Struthiopteris spicant,CC_BY,Kieran Hanrahan,iNaturalist,https://inaturalist-open-data.s3.amazonaws.com/photos/617347477/original.jpg,https://www.gbif.org/occurrence/6163202392
877,0,Symphoricarpos albus,CC0,Evelyn Lazzaretti 🏳️‍⚧️,iNaturalist,https://inaturalist-open-data.s3.amazonaws.com/photos/606439347/original.jpg,https://www.gbif.org/occurrence/6130049736
877,1,Symphoricarpos albus,CC0,Mike Palmer,iNaturalist,https://inaturalist-open-data.s3.amazonaws.com/photos/607783580/original.jpg,https://www.gbif.org/occurrence/6130643790
877,2,Symphoricarpos albus,CC0,Najah Bowlby,iNaturalist,https://inaturalist-open-data.s3.amazonaws.com/photos/605781157/original.jpg,https://www.gbif.org/occurrence/6130951658
878,0,Symphoricarpos mollis,CC_BY,Judi Sanders,iNaturalist,https://inaturalist-open-data.s3.amazonaws.com/photos/634544094/original.jpg,https://www.gbif.org/occurrence/6195294086
878,1,Symphoricarpos mollis,CC_BY,Tser,iNaturalist,https://inaturalist-open-data.s3.amazonaws.com/photos/667891144/original.jpg,https://www.gbif.org/occurrence/6353420651
878,2,Symphoricarpos mollis,CC_BY,Kieran Hanrahan,iNaturalist,https://inaturalist-open-data.s3.amazonaws.com/photos/700506022/original.jpg,https://www.gbif.org/occurrence/6452432352
879,0,Symphoricarpos rotundifolius,CC_BY,Hannah K. Maielua,iNaturalist,https://inaturalist-open-data.s3.amazonaws.com/photos/701274844/original.jpg,https://www.gbif.org/occurrence/6518482361
879,1,Symphoricarpos rotundifolius,CC_BY,Gail A Baker,iNaturalist,https://inaturalist-open-data.s3.amazonaws.com/photos/539001324/original.jpg,https://www.gbif.org/occurrence/6131592750
879,2,Symphoricarpos rotundifolius,CC_BY,Adam Schneider,iNaturalist,https://inaturalist-open-data.s3.amazonaws.com/photos/636939960/original.jpg,https://www.gbif.org/occurrence/6195635279
880,0,Symphyotrichum foliaceum,CC_BY,Braydon Lake,iNaturalist,https://inaturalist-open-data.s3.amazonaws.com/photos/699294339/original.jpg,https://www.gbif.org/occurrence/6500120812
880,1,Symphyotrichum foliaceum,CC_BY,David Anderson,iNaturalist,https://inaturalist-open-data.s3.amazonaws.com/photos/554079842/original.jpg,https://www.gbif.org/occurrence/5292795260
880,2,Symphyotrichum foliaceum,CC_BY,Adam Pierce,iNaturalist,https://inaturalist-open-data.s3.amazonaws.com/photos/414811488/original.jpg,https://www.gbif.org/occurrence/4926292430
881,0,Symphyotrichum spathulatum,CC_BY,Adam Schneider,iNaturalist,https://inaturalist-open-data.s3.amazonaws.com/photos/411839496/original.jpg,https://www.gbif.org/occurrence/5840250834
881,1,Symphyotrichum spathulatum,CC_BY,Andrew Conboy,iNaturalist,https://inaturalist-open-data.s3.amazonaws.com/photos/437783737/original.jpeg,https://www.gbif.org/occurrence/5238103400
881,2,Symphyotrichum spathulatum,CC_BY,"Jeff,Michaela Warneking",iNaturalist,https://inaturalist-open-data.s3.amazonaws.com/photos/300533323/original.jpeg,https://www.gbif.org/occurrence/5840315522
882,0,Symphyotrichum subspicatum,CC_BY,Adam Schneider,iNaturalist,https://inaturalist-open-data.s3.amazonaws.com/photos/725404409/original.jpg,https://www.gbif.org/occurrence/6518355413
882,1,Symphyotrichum subspicatum,CC_BY,Michele Karmartsang,iNaturalist,https://inaturalist-open-data.s3.amazonaws.com/photos/723890702/original.jpg,https://www.gbif.org/occurrence/6518696659
882,2,Symphyotrichum subspicatum,CC_BY,Adam Schneider,iNaturalist,https://inaturalist-open-data.s3.amazonaws.com/photos/725404355/original.jpg,https://www.gbif.org/occurrence/6520023808
883,0,Synthyris missurica,CC_BY,Jeff Ward,iNaturalist,https://inaturalist-open-data.s3.amazonaws.com/photos/623044385/original.jpg,https://www.gbif.org/occurrence/6178368508
883,1,Synthyris missurica,CC_BY,Jeff Ward,iNaturalist,https://inaturalist-open-data.s3.amazonaws.com/photos/623638299/original.jpg,https://www.gbif.org/occurrence/6179343736
883,2,Synthyris missurica,CC0,Jonathan Whitaker,iNaturalist,https://inaturalist-open-data.s3.amazonaws.com/photos/483272478/original.jpeg,https://www.gbif.org/occurrence/5134564397
884,0,Synthyris reniformis,CC0,Max Farver,iNaturalist,https://inaturalist-open-data.s3.amazonaws.com/photos/605461618/original.jpg,https://www.gbif.org/occurrence/5938332027
884,1,Synthyris reniformis,CC0,Mike Palmer,iNaturalist,https://inaturalist-open-data.s3.amazonaws.com/photos/609777444/original.jpg,https://www.gbif.org/occurrence/6129913746
884,2,Synthyris reniformis,CC_BY,Andrew Still,iNaturalist,https://inaturalist-open-data.s3.amazonaws.com/photos/608799198/original.jpg,https://www.gbif.org/occurrence/6131698983
885,0,Syntrichia ruralis,CC_BY,Zach Earl,iNaturalist,https://inaturalist-open-data.s3.amazonaws.com/photos/617499809/original.jpg,https://www.gbif.org/occurrence/6163183486
885,1,Syntrichia ruralis,CC_BY,Judi Sanders,iNaturalist,https://inaturalist-open-data.s3.amazonaws.com/photos/282137152/original.jpeg,https://www.gbif.org/occurrence/4528182834
885,2,Syntrichia ruralis,CC_BY,Rodamu,iNaturalist,https://inaturalist-open-data.s3.amazonaws.com/photos/109782710/original.jpg,https://www.gbif.org/occurrence/3032024489
886,0,Taeniatherum caput-medusae,CC_BY,John Leszczynski,iNaturalist,https://inaturalist-open-data.s3.amazonaws.com/photos/617636338/original.jpg,https://www.gbif.org/occurrence/6163064993
886,1,Taeniatherum caput-medusae,CC0,Barbara L. Wilson,iNaturalist,https://inaturalist-open-data.s3.amazonaws.com/photos/630274833/original.jpg,https://www.gbif.org/occurrence/6185853228
886,2,Taeniatherum caput-medusae,CC_BY,Rodamu,iNaturalist,https://inaturalist-open-data.s3.amazonaws.com/photos/674742553/original.jpg,https://www.gbif.org/occurrence/6398701709
887,0,Tanacetum bipinnatum,CC0,Barbara L. Wilson,iNaturalist,https://inaturalist-open-data.s3.amazonaws.com/photos/620866910/original.jpg,https://www.gbif.org/occurrence/6179093061
887,1,Tanacetum bipinnatum,CC_BY,Therese Phillips,iNaturalist,https://inaturalist-open-data.s3.amazonaws.com/photos/681277149/original.jpg,https://www.gbif.org/occurrence/6413983812
887,2,Tanacetum bipinnatum,CC0,Barbara L. Wilson,iNaturalist,https://inaturalist-open-data.s3.amazonaws.com/photos/688285951/original.jpg,https://www.gbif.org/occurrence/6422896923
888,0,Tanacetum parthenium,CC_BY,Aden Sommerville,iNaturalist,https://inaturalist-open-data.s3.amazonaws.com/photos/607701727/original.jpg,https://www.gbif.org/occurrence/6499154398
888,1,Tanacetum parthenium,CC_BY,Michele Karmartsang,iNaturalist,https://inaturalist-open-data.s3.amazonaws.com/photos/666675493/original.jpg,https://www.gbif.org/occurrence/6400565616
888,2,Tanacetum parthenium,CC_BY,Ollie Alberry,iNaturalist,https://inaturalist-open-data.s3.amazonaws.com/photos/680402368/original.jpg,https://www.gbif.org/occurrence/6413140430
889,0,Tanacetum vulgare,CC0,Barbara L. Wilson,iNaturalist,https://inaturalist-open-data.s3.amazonaws.com/photos/615062579/original.jpg,https://www.gbif.org/occurrence/6159243599
889,1,Tanacetum vulgare,CC0,Barbara L. Wilson,iNaturalist,https://inaturalist-open-data.s3.amazonaws.com/photos/615063635/original.jpg,https://www.gbif.org/occurrence/6159404170
889,2,Tanacetum vulgare,CC_BY,Aden Sommerville,iNaturalist,https://inaturalist-open-data.s3.amazonaws.com/photos/628163070/original.jpg,https://www.gbif.org/occurrence/6185639610
890,0,Taraxacum officinale,CC_BY,Kieran Hanrahan,iNaturalist,https://inaturalist-open-data.s3.amazonaws.com/photos/607298332/original.jpg,https://www.gbif.org/occurrence/6130041990
890,1,Taraxacum officinale,CC_BY,Aden Sommerville,iNaturalist,https://inaturalist-open-data.s3.amazonaws.com/photos/607529822/original.jpg,https://www.gbif.org/occurrence/6131656439
890,2,Taraxacum officinale,CC_BY,Michael O'Loughlin,iNaturalist,https://inaturalist-open-data.s3.amazonaws.com/photos/622198932/original.jpg,https://www.gbif.org/occurrence/6178405049
891,0,Taraxia tanacetifolia,CC_BY,Casey H. Richart,iNaturalist,https://inaturalist-open-data.s3.amazonaws.com/photos/607575236/original.jpg,https://www.gbif.org/occurrence/6130669806
891,1,Taraxia tanacetifolia,CC_BY,Casey H. Richart,iNaturalist,https://inaturalist-open-data.s3.amazonaws.com/photos/607575259/original.jpg,https://www.gbif.org/occurrence/6130956695
891,2,Taraxia tanacetifolia,CC0,Aaron Liston,iNaturalist,https://inaturalist-open-data.s3.amazonaws.com/photos/526343439/original.jpg,https://www.gbif.org/occurrence/5216029959
892,0,Taxus brevifolia,CC_BY,Andrew Still,iNaturalist,https://inaturalist-open-data.s3.amazonaws.com/photos/609243956/original.jpg,https://www.gbif.org/occurrence/6131021288
892,1,Taxus brevifolia,CC_BY,Matt D'Agrosa,iNaturalist,https://inaturalist-open-data.s3.amazonaws.com/photos/607627587/original.jpg,https://www.gbif.org/occurrence/6131289907
892,2,Taxus brevifolia,CC_BY,chaikirbs,iNaturalist,https://inaturalist-open-data.s3.amazonaws.com/photos/614307117/original.jpg,https://www.gbif.org/occurrence/6159561367
893,0,Teesdalia nudicaulis,CC0,Barbara L. Wilson,iNaturalist,https://inaturalist-open-data.s3.amazonaws.com/photos/622331608/original.jpg,https://www.gbif.org/occurrence/6178357027
893,1,Teesdalia nudicaulis,CC0,Barbara L. Wilson,iNaturalist,https://inaturalist-open-data.s3.amazonaws.com/photos/620781742/original.jpg,https://www.gbif.org/occurrence/6179480080
893,2,Teesdalia nudicaulis,CC0,Stephanie McFarlane,iNaturalist,https://inaturalist-open-data.s3.amazonaws.com/photos/634946085/original.jpg,https://www.gbif.org/occurrence/6195344809
894,0,Tellima grandiflora,CC0,moater,iNaturalist,https://inaturalist-open-data.s3.amazonaws.com/photos/604902416/original.jpg,https://www.gbif.org/occurrence/5938405329
894,1,Tellima grandiflora,CC_BY,Jeff Ward,iNaturalist,https://inaturalist-open-data.s3.amazonaws.com/photos/623382688/original.jpg,https://www.gbif.org/occurrence/6179077203
894,2,Tellima grandiflora,CC_BY,Tom and T Herman,iNaturalist,https://inaturalist-open-data.s3.amazonaws.com/photos/621839369/original.jpg,https://www.gbif.org/occurrence/6179079663
895,0,Tetradymia canescens,CC_BY,Kieran Hanrahan,iNaturalist,https://inaturalist-open-data.s3.amazonaws.com/photos/504143484/original.jpg,https://www.gbif.org/occurrence/5176589652
895,1,Tetradymia canescens,CC_BY,Jeff Ward,iNaturalist,https://inaturalist-open-data.s3.amazonaws.com/photos/502101397/original.jpg,https://www.gbif.org/occurrence/5198306549
895,2,Tetradymia canescens,CC_BY,Gail A Baker,iNaturalist,https://inaturalist-open-data.s3.amazonaws.com/photos/530470918/original.jpg,https://www.gbif.org/occurrence/6129840119
896,0,Thalictrum occidentale,CC0,moater,iNaturalist,https://inaturalist-open-data.s3.amazonaws.com/photos/627855806/original.jpg,https://www.gbif.org/occurrence/6185838698
896,1,Thalictrum occidentale,CC0,Kate Manning,iNaturalist,https://inaturalist-open-data.s3.amazonaws.com/photos/636793616/original.jpg,https://www.gbif.org/occurrence/6195498214
896,2,Thalictrum occidentale,CC_BY,Judi Sanders,iNaturalist,https://inaturalist-open-data.s3.amazonaws.com/photos/634527184/original.jpg,https://www.gbif.org/occurrence/6196018447
897,0,Thelypodium laciniatum,CC0,sharilangfordor,iNaturalist,https://inaturalist-open-data.s3.amazonaws.com/photos/649022320/original.jpg,https://www.gbif.org/occurrence/6253235128
897,1,Thelypodium laciniatum,CC_BY,Kieran Hanrahan,iNaturalist,https://inaturalist-open-data.s3.amazonaws.com/photos/503388444/original.jpg,https://www.gbif.org/occurrence/5154276399
897,2,Thelypodium laciniatum,CC_BY,Dee Shea Himes,iNaturalist,https://inaturalist-open-data.s3.amazonaws.com/photos/507439311/original.jpg,https://www.gbif.org/occurrence/5167344538
898,0,Thermopsis gracilis,CC0,drew333,iNaturalist,https://inaturalist-open-data.s3.amazonaws.com/photos/659239146/original.jpg,https://www.gbif.org/occurrence/6321105322
898,1,Thermopsis gracilis,CC_BY,Gail A Baker,iNaturalist,https://inaturalist-open-data.s3.amazonaws.com/photos/506488048/original.jpg,https://www.gbif.org/occurrence/5167395091
898,2,Thermopsis gracilis,CC_BY,Jeff Ward,iNaturalist,https://inaturalist-open-data.s3.amazonaws.com/photos/448759939/original.jpeg,https://www.gbif.org/occurrence/6400797273
899,0,Thuja plicata,CC_BY,Jeff Ward,iNaturalist,https://inaturalist-open-data.s3.amazonaws.com/photos/615355822/original.jpg,https://www.gbif.org/occurrence/6159349017
899,1,Thuja plicata,CC0,Dave Miller,iNaturalist,https://inaturalist-open-data.s3.amazonaws.com/photos/615895852/original.jpg,https://www.gbif.org/occurrence/6159642646
899,2,Thuja plicata,CC_BY,Brodie Cass Talbott,iNaturalist,https://inaturalist-open-data.s3.amazonaws.com/photos/619961050/original.jpg,https://www.gbif.org/occurrence/6170963120
900,0,Thysanocarpus curvipes,CC_BY,Dee Shea Himes,iNaturalist,https://inaturalist-open-data.s3.amazonaws.com/photos/629825081/original.jpg,https://www.gbif.org/occurrence/6184823484
900,1,Thysanocarpus curvipes,CC0,Barbara L. Wilson,iNaturalist,https://inaturalist-open-data.s3.amazonaws.com/photos/630784881/original.jpg,https://www.gbif.org/occurrence/6188190223
900,2,Thysanocarpus curvipes,CC0,Barbara L. Wilson,iNaturalist,https://inaturalist-open-data.s3.amazonaws.com/photos/630203396/original.jpg,https://www.gbif.org/occurrence/6235975920
901,0,Tiarella trifoliata,CC_BY,Kieran Hanrahan,iNaturalist,https://inaturalist-open-data.s3.amazonaws.com/photos/617347516/original.jpg,https://www.gbif.org/occurrence/6163217329
901,1,Tiarella trifoliata,CC0,moater,iNaturalist,https://inaturalist-open-data.s3.amazonaws.com/photos/634494856/original.jpg,https://www.gbif.org/occurrence/6235520331
901,2,Tiarella trifoliata,CC_BY,Judi Sanders,iNaturalist,https://inaturalist-open-data.s3.amazonaws.com/photos/657749937/original.jpg,https://www.gbif.org/occurrence/6273842316
902,0,Tolmiea menziesii,CC0,Barbara L. Wilson,iNaturalist,https://inaturalist-open-data.s3.amazonaws.com/photos/608758462/original.jpg,https://www.gbif.org/occurrence/6130584618
902,1,Tolmiea menziesii,CC0,Barbara L. Wilson,iNaturalist,https://inaturalist-open-data.s3.amazonaws.com/photos/625375385/original.jpg,https://www.gbif.org/occurrence/6178436742
902,2,Tolmiea menziesii,CC0,Barbara L. Wilson,iNaturalist,https://inaturalist-open-data.s3.amazonaws.com/photos/625376294/original.jpg,https://www.gbif.org/occurrence/6178847748
903,0,Tonella tenella,CC_BY,Konshau Duman,iNaturalist,https://inaturalist-open-data.s3.amazonaws.com/photos/629003378/original.jpg,https://www.gbif.org/occurrence/6185331998
903,1,Tonella tenella,CC_BY,Jeff Ward,iNaturalist,https://inaturalist-open-data.s3.amazonaws.com/photos/633683045/original.jpg,https://www.gbif.org/occurrence/6188378149
903,2,Tonella tenella,CC0,Barbara L. Wilson,iNaturalist,https://inaturalist-open-data.s3.amazonaws.com/photos/630208626/original.jpg,https://www.gbif.org/occurrence/6236230931
904,0,Torilis arvensis,CC0,drew333,iNaturalist,https://inaturalist-open-data.s3.amazonaws.com/photos/638379474/original.jpg,https://www.gbif.org/occurrence/6320906404
904,1,Torilis arvensis,CC0,Barbara L. Wilson,iNaturalist,https://inaturalist-open-data.s3.amazonaws.com/photos/655758522/original.jpg,https://www.gbif.org/occurrence/6273854841
904,2,Torilis arvensis,CC0,Barbara L. Wilson,iNaturalist,https://inaturalist-open-data.s3.amazonaws.com/photos/678641539/original.jpg,https://www.gbif.org/occurrence/6398892461
905,0,Townsendia florifera,CC0,caseyhh,iNaturalist,https://inaturalist-open-data.s3.amazonaws.com/photos/663057988/original.jpg,https://www.gbif.org/occurrence/6334541306
905,1,Townsendia florifera,CC_BY,James H. Thomas,iNaturalist,https://inaturalist-open-data.s3.amazonaws.com/photos/657509150/original.jpg,https://www.gbif.org/occurrence/6413725784
905,2,Townsendia florifera,CC_BY,Bob Earle,iNaturalist,https://inaturalist-open-data.s3.amazonaws.com/photos/685505464/original.jpg,https://www.gbif.org/occurrence/6422141406
906,0,Toxicodendron diversilobum,CC_BY,Jeff Ward,iNaturalist,https://inaturalist-open-data.s3.amazonaws.com/photos/629794612/original.jpg,https://www.gbif.org/occurrence/6184719838
906,1,Toxicodendron diversilobum,CC_BY,Jeff Ward,iNaturalist,https://inaturalist-open-data.s3.amazonaws.com/photos/628648813/original.jpg,https://www.gbif.org/occurrence/6184859657
906,2,Toxicodendron diversilobum,CC_BY,Jeff Ward,iNaturalist,https://inaturalist-open-data.s3.amazonaws.com/photos/628286495/original.jpg,https://www.gbif.org/occurrence/6185387728
907,0,Toxicoscordion paniculatum,CC_BY,Michael O'Loughlin,iNaturalist,https://inaturalist-open-data.s3.amazonaws.com/photos/657310521/original.jpg,https://www.gbif.org/occurrence/6273705575
907,1,Toxicoscordion paniculatum,CC0,Deniz Wilson,iNaturalist,https://inaturalist-open-data.s3.amazonaws.com/photos/497873077/original.jpeg,https://www.gbif.org/occurrence/5153535434
907,2,Toxicoscordion paniculatum,CC0,Paul McClellan,iNaturalist,https://inaturalist-open-data.s3.amazonaws.com/photos/505502612/original.jpg,https://www.gbif.org/occurrence/5167951972
908,0,Toxicoscordion venenosum,CC_BY,Kieran Hanrahan,iNaturalist,https://inaturalist-open-data.s3.amazonaws.com/photos/651049627/original.jpg,https://www.gbif.org/occurrence/6352568398
908,1,Toxicoscordion venenosum,CC_BY,Gail A Baker,iNaturalist,https://inaturalist-open-data.s3.amazonaws.com/photos/666589874/original.jpg,https://www.gbif.org/occurrence/6334820809
908,2,Toxicoscordion venenosum,CC_BY,Kieran Hanrahan,iNaturalist,https://inaturalist-open-data.s3.amazonaws.com/photos/670030345/original.jpg,https://www.gbif.org/occurrence/6353385985
909,0,Tragopogon dubius,CC_BY,Aden Sommerville,iNaturalist,https://inaturalist-open-data.s3.amazonaws.com/photos/664140938/original.jpg,https://www.gbif.org/occurrence/6352288169
909,1,Tragopogon dubius,CC_BY,Brodie Cass Talbott,iNaturalist,https://inaturalist-open-data.s3.amazonaws.com/photos/662209382/original.jpg,https://www.gbif.org/occurrence/6352472384
909,2,Tragopogon dubius,CC0,Barbara L. Wilson,iNaturalist,https://inaturalist-open-data.s3.amazonaws.com/photos/677198758/original.jpg,https://www.gbif.org/occurrence/6399116852
910,0,Tragopogon porrifolius,CC0,moater,iNaturalist,https://inaturalist-open-data.s3.amazonaws.com/photos/605152878/original.jpg,https://www.gbif.org/occurrence/5938286700
910,1,Tragopogon porrifolius,CC_BY,Judi Sanders,iNaturalist,https://inaturalist-open-data.s3.amazonaws.com/photos/647174779/original.jpg,https://www.gbif.org/occurrence/6234548636
910,2,Tragopogon porrifolius,CC_BY,Judi Sanders,iNaturalist,https://inaturalist-open-data.s3.amazonaws.com/photos/649767333/original.jpg,https://www.gbif.org/occurrence/6251444787
911,0,Trautvetteria carolinensis,CC_BY,Dee Shea Himes,iNaturalist,https://inaturalist-open-data.s3.amazonaws.com/photos/670326666/original.jpg,https://www.gbif.org/occurrence/6352729032
911,1,Trautvetteria carolinensis,CC0,Drew Meyer,iNaturalist,https://inaturalist-open-data.s3.amazonaws.com/photos/666302394/original.jpg,https://www.gbif.org/occurrence/6479566358
911,2,Trautvetteria carolinensis,CC0,Steven Soltesz,iNaturalist,https://inaturalist-open-data.s3.amazonaws.com/photos/680566576/original.jpg,https://www.gbif.org/occurrence/6422581438
912,0,Triantha occidentalis,CC_BY,Parker James Lloyd,iNaturalist,https://inaturalist-open-data.s3.amazonaws.com/photos/696953993/original.jpg,https://www.gbif.org/occurrence/6441100154
912,1,Triantha occidentalis,CC_BY,Kieran Hanrahan,iNaturalist,https://inaturalist-open-data.s3.amazonaws.com/photos/696956199/original.jpg,https://www.gbif.org/occurrence/6441437055
912,2,Triantha occidentalis,CC_BY,Parker James Lloyd,iNaturalist,https://inaturalist-open-data.s3.amazonaws.com/photos/696953891/original.jpg,https://www.gbif.org/occurrence/6442071840
913,0,Tribulus terrestris,CC_BY,Evan M. Raskin,iNaturalist,https://inaturalist-open-data.s3.amazonaws.com/photos/719379473/original.jpg,https://www.gbif.org/occurrence/6500035024
913,1,Tribulus terrestris,CC0,Aaron Liston,iNaturalist,https://inaturalist-open-data.s3.amazonaws.com/photos/729374030/original.jpg,https://www.gbif.org/occurrence/6518820952
913,2,Tribulus terrestris,CC_BY,Greghig Jirheg,iNaturalist,https://inaturalist-open-data.s3.amazonaws.com/photos/528989009/original.jpg,https://www.gbif.org/occurrence/5903738347
914,0,Trifolium arvense,CC_BY,carbapple,iNaturalist,https://inaturalist-open-data.s3.amazonaws.com/photos/666224518/original.jpg,https://www.gbif.org/occurrence/6352250003
914,1,Trifolium arvense,CC_BY,carbapple,iNaturalist,https://inaturalist-open-data.s3.amazonaws.com/photos/666217697/original.jpg,https://www.gbif.org/occurrence/6352353008
914,2,Trifolium arvense,CC_BY,Jeff Ward,iNaturalist,https://inaturalist-open-data.s3.amazonaws.com/photos/667569430/original.jpg,https://www.gbif.org/occurrence/6353224416
915,0,Trifolium dubium,CC_BY,Aden Sommerville,iNaturalist,https://inaturalist-open-data.s3.amazonaws.com/photos/645188839/original.jpg,https://www.gbif.org/occurrence/6235408852
915,1,Trifolium dubium,CC_BY,Jeff Ward,iNaturalist,https://inaturalist-open-data.s3.amazonaws.com/photos/650585067/original.jpg,https://www.gbif.org/occurrence/6251552803
915,2,Trifolium dubium,CC_BY,Kieran Hanrahan,iNaturalist,https://inaturalist-open-data.s3.amazonaws.com/photos/647351238/original.jpg,https://www.gbif.org/occurrence/6252588985
916,0,Trifolium eriocephalum,CC_BY,Dee Shea Himes,iNaturalist,https://inaturalist-open-data.s3.amazonaws.com/photos/640364211/original.jpg,https://www.gbif.org/occurrence/6234238916
916,1,Trifolium eriocephalum,CC_BY,Dee Shea Himes,iNaturalist,https://inaturalist-open-data.s3.amazonaws.com/photos/644429948/original.jpg,https://www.gbif.org/occurrence/6234391102
916,2,Trifolium eriocephalum,CC_BY,Dee Shea Himes,iNaturalist,https://inaturalist-open-data.s3.amazonaws.com/photos/644440495/original.jpg,https://www.gbif.org/occurrence/6236365421
917,0,Trifolium incarnatum,CC0,Barbara L. Wilson,iNaturalist,https://inaturalist-open-data.s3.amazonaws.com/photos/636891489/original.jpg,https://www.gbif.org/occurrence/6195813396
917,1,Trifolium incarnatum,CC_BY,Jacobb L. Foster II,iNaturalist,https://inaturalist-open-data.s3.amazonaws.com/photos/657370408/original.jpg,https://www.gbif.org/occurrence/6274059589
917,2,Trifolium incarnatum,CC0,Barbara L. Wilson,iNaturalist,https://inaturalist-open-data.s3.amazonaws.com/photos/664236658/original.jpg,https://www.gbif.org/occurrence/6333861818
918,0,Trifolium longipes,CC_BY,Jeff Ward,iNaturalist,https://inaturalist-open-data.s3.amazonaws.com/photos/653939738/original.jpg,https://www.gbif.org/occurrence/6273984492
918,1,Trifolium longipes,CC_BY,Merlla McLaughlin,iNaturalist,https://inaturalist-open-data.s3.amazonaws.com/photos/664750045/original.jpg,https://www.gbif.org/occurrence/6334208726
918,2,Trifolium longipes,CC0,Drew Meyer,iNaturalist,https://inaturalist-open-data.s3.amazonaws.com/photos/662498154/original.jpg,https://www.gbif.org/occurrence/6334548796
919,0,Trifolium macrocephalum,CC0,Barbara L. Wilson,iNaturalist,https://inaturalist-open-data.s3.amazonaws.com/photos/631299216/original.jpg,https://www.gbif.org/occurrence/6188644633
919,1,Trifolium macrocephalum,CC_BY,Kieran Hanrahan,iNaturalist,https://inaturalist-open-data.s3.amazonaws.com/photos/641092338/original.jpg,https://www.gbif.org/occurrence/6236255284
919,2,Trifolium macrocephalum,CC_BY,Jeff Ward,iNaturalist,https://inaturalist-open-data.s3.amazonaws.com/photos/648892938/original.jpg,https://www.gbif.org/occurrence/6321115572
920,0,Trifolium microcephalum,CC_BY,Rodamu,iNaturalist,https://inaturalist-open-data.s3.amazonaws.com/photos/657578061/original.jpg,https://www.gbif.org/occurrence/6273779721
920,1,Trifolium microcephalum,CC_BY,Dee Shea Himes,iNaturalist,https://inaturalist-open-data.s3.amazonaws.com/photos/660302131/original.jpg,https://www.gbif.org/occurrence/6321089537
920,2,Trifolium microcephalum,CC0,Aaron Liston,iNaturalist,https://inaturalist-open-data.s3.amazonaws.com/photos/664729705/original.jpg,https://www.gbif.org/occurrence/6334646723
921,0,Trifolium pratense,CC_BY,Brodie Cass Talbott,iNaturalist,https://inaturalist-open-data.s3.amazonaws.com/photos/620338711/original.jpg,https://www.gbif.org/occurrence/6178773129
921,1,Trifolium pratense,CC_BY,Sue Ann Kendall,iNaturalist,https://inaturalist-open-data.s3.amazonaws.com/photos/638206796/original.jpg,https://www.gbif.org/occurrence/6235351503
921,2,Trifolium pratense,CC_BY,Jacobb L. Foster II,iNaturalist,https://inaturalist-open-data.s3.amazonaws.com/photos/657370769/original.jpg,https://www.gbif.org/occurrence/6273287140
922,0,Trifolium repens,CC_BY,Millie Basden,iNaturalist,https://inaturalist-open-data.s3.amazonaws.com/photos/653268956/original.jpg,https://www.gbif.org/occurrence/6400646171
922,1,Trifolium repens,CC_BY,Aden Sommerville,iNaturalist,https://inaturalist-open-data.s3.amazonaws.com/photos/658713556/original.jpg,https://www.gbif.org/occurrence/6320163831
922,2,Trifolium repens,CC0,mularo1,iNaturalist,https://inaturalist-open-data.s3.amazonaws.com/photos/661897661/original.jpg,https://www.gbif.org/occurrence/6320517616
923,0,Trifolium subterraneum,CC0,Deniz Wilson,iNaturalist,https://inaturalist-open-data.s3.amazonaws.com/photos/607059992/original.jpg,https://www.gbif.org/occurrence/6130270430
923,1,Trifolium subterraneum,CC_BY,Tser,iNaturalist,https://inaturalist-open-data.s3.amazonaws.com/photos/616417126/original.jpg,https://www.gbif.org/occurrence/6163097236
923,2,Trifolium subterraneum,CC0,Barbara L. Wilson,iNaturalist,https://inaturalist-open-data.s3.amazonaws.com/photos/620765168/original.jpg,https://www.gbif.org/occurrence/6184853347
924,0,Trifolium willdenovii,CC_BY,Jeff Ward,iNaturalist,https://inaturalist-open-data.s3.amazonaws.com/photos/653137847/original.jpg,https://www.gbif.org/occurrence/6251940261
924,1,Trifolium willdenovii,CC_BY,Dee Shea Himes,iNaturalist,https://inaturalist-open-data.s3.amazonaws.com/photos/634970260/original.jpg,https://www.gbif.org/occurrence/6195724990
924,2,Trifolium willdenovii,CC_BY,Rodamu,iNaturalist,https://inaturalist-open-data.s3.amazonaws.com/photos/648254278/original.jpg,https://www.gbif.org/occurrence/6235332277
925,0,Trifolium wormskioldii,CC0,Barbara L. Wilson,iNaturalist,https://inaturalist-open-data.s3.amazonaws.com/photos/670804762/original.jpg,https://www.gbif.org/occurrence/6352968410
925,1,Trifolium wormskioldii,CC_BY,Gavin Skeen,iNaturalist,https://inaturalist-open-data.s3.amazonaws.com/photos/683022801/original.jpg,https://www.gbif.org/occurrence/6413225653
925,2,Trifolium wormskioldii,CC_BY,Therese Phillips,iNaturalist,https://inaturalist-open-data.s3.amazonaws.com/photos/681277828/original.jpg,https://www.gbif.org/occurrence/6413337937
926,0,Trillium albidum,CC_BY,Dee Shea Himes,iNaturalist,https://inaturalist-open-data.s3.amazonaws.com/photos/625240907/original.jpg,https://www.gbif.org/occurrence/6178381458
926,1,Trillium albidum,CC_BY,Ryan McMinds,iNaturalist,https://inaturalist-open-data.s3.amazonaws.com/photos/622690053/original.jpg,https://www.gbif.org/occurrence/6178583044
926,2,Trillium albidum,CC_BY,Ryan McMinds,iNaturalist,https://inaturalist-open-data.s3.amazonaws.com/photos/622690142/original.jpg,https://www.gbif.org/occurrence/6178707885
927,0,Trillium ovatum,CC_BY,Ryan McMinds,iNaturalist,https://inaturalist-open-data.s3.amazonaws.com/photos/622690546/original.jpg,https://www.gbif.org/occurrence/6178457010
927,1,Trillium ovatum,CC_BY,Dee Shea Himes,iNaturalist,https://inaturalist-open-data.s3.amazonaws.com/photos/624653916/original.jpg,https://www.gbif.org/occurrence/6178734217
927,2,Trillium ovatum,CC_BY,Dee Shea Himes,iNaturalist,https://inaturalist-open-data.s3.amazonaws.com/photos/624709457/original.jpg,https://www.gbif.org/occurrence/6179389621
928,0,Triphysaria pusilla,CC0,Barbara L. Wilson,iNaturalist,https://inaturalist-open-data.s3.amazonaws.com/photos/621640375/original.jpg,https://www.gbif.org/occurrence/6178911422
928,1,Triphysaria pusilla,CC0,Barbara L. Wilson,iNaturalist,https://inaturalist-open-data.s3.amazonaws.com/photos/625393094/original.jpg,https://www.gbif.org/occurrence/6178949307
928,2,Triphysaria pusilla,CC_BY,Jeff Ward,iNaturalist,https://inaturalist-open-data.s3.amazonaws.com/photos/621967052/original.jpg,https://www.gbif.org/occurrence/6179156867
929,0,Triteleia grandiflora,CC_BY,John Leszczynski,iNaturalist,https://inaturalist-open-data.s3.amazonaws.com/photos/654639629/original.jpg,https://www.gbif.org/occurrence/6274106697
929,1,Triteleia grandiflora,CC0,Barbara L. Wilson,iNaturalist,https://inaturalist-open-data.s3.amazonaws.com/photos/490455316/original.jpeg,https://www.gbif.org/occurrence/5140182870
929,2,Triteleia grandiflora,CC0,Deniz Wilson,iNaturalist,https://inaturalist-open-data.s3.amazonaws.com/photos/497873024/original.jpeg,https://www.gbif.org/occurrence/5154094316
930,0,Triteleia hendersonii,CC_BY,Dee Shea Himes,iNaturalist,https://inaturalist-open-data.s3.amazonaws.com/photos/654541206/original.jpg,https://www.gbif.org/occurrence/6273386384
930,1,Triteleia hendersonii,CC0,John Kemner,iNaturalist,https://inaturalist-open-data.s3.amazonaws.com/photos/671327070/original.jpg,https://www.gbif.org/occurrence/6470520124
930,2,Triteleia hendersonii,CC0,Aaron Liston,iNaturalist,https://inaturalist-open-data.s3.amazonaws.com/photos/510644784/original.jpg,https://www.gbif.org/occurrence/5167736049
931,0,Triteleia hyacinthina,CC_BY,Dee Shea Himes,iNaturalist,https://inaturalist-open-data.s3.amazonaws.com/photos/661836183/original.jpg,https://www.gbif.org/occurrence/6320919898
931,1,Triteleia hyacinthina,CC_BY,Brodie Cass Talbott,iNaturalist,https://inaturalist-open-data.s3.amazonaws.com/photos/664449661/original.jpg,https://www.gbif.org/occurrence/6334666553
931,2,Triteleia hyacinthina,CC_BY,Michele Karmartsang,iNaturalist,https://inaturalist-open-data.s3.amazonaws.com/photos/668990030/original.jpg,https://www.gbif.org/occurrence/6352647832
932,0,Tsuga heterophylla,CC0,Barbara L. Wilson,iNaturalist,https://inaturalist-open-data.s3.amazonaws.com/photos/608758296/original.jpg,https://www.gbif.org/occurrence/6130999444
932,1,Tsuga heterophylla,CC0,Mike Palmer,iNaturalist,https://inaturalist-open-data.s3.amazonaws.com/photos/609782631/original.jpg,https://www.gbif.org/occurrence/6131569707
932,2,Tsuga heterophylla,CC0,Dave Miller,iNaturalist,https://inaturalist-open-data.s3.amazonaws.com/photos/615895484/original.jpg,https://www.gbif.org/occurrence/6159153427
933,0,Tsuga mertensiana,CC0,Kate Manning,iNaturalist,https://inaturalist-open-data.s3.amazonaws.com/photos/620470260/original.jpg,https://www.gbif.org/occurrence/6171338769
933,1,Tsuga mertensiana,CC0,Barbara L. Wilson,iNaturalist,https://inaturalist-open-data.s3.amazonaws.com/photos/645560616/original.jpg,https://www.gbif.org/occurrence/6320133040
933,2,Tsuga mertensiana,CC0,Barbara L. Wilson,iNaturalist,https://inaturalist-open-data.s3.amazonaws.com/photos/645559410/original.jpg,https://www.gbif.org/occurrence/6353024726
934,0,Typha latifolia,CC_BY,Judi Sanders,iNaturalist,https://inaturalist-open-data.s3.amazonaws.com/photos/644490839/original.jpg,https://www.gbif.org/occurrence/6235707843
934,1,Typha latifolia,CC0,Barbara L. Wilson,iNaturalist,https://inaturalist-open-data.s3.amazonaws.com/photos/677169482/original.jpg,https://www.gbif.org/occurrence/6399418803
934,2,Typha latifolia,CC0,Barbara L. Wilson,iNaturalist,https://inaturalist-open-data.s3.amazonaws.com/photos/677168427/original.jpg,https://www.gbif.org/occurrence/6399663042
935,0,Ulex europaeus,CC0,drew333,iNaturalist,https://inaturalist-open-data.s3.amazonaws.com/photos/637773848/original.jpg,https://www.gbif.org/occurrence/6236293066
935,1,Ulex europaeus,CC0,Aaron Liston,iNaturalist,https://inaturalist-open-data.s3.amazonaws.com/photos/472197193/original.jpeg,https://www.gbif.org/occurrence/5077062638
935,2,Ulex europaeus,CC_BY,Mark Pollock,iNaturalist,https://inaturalist-open-data.s3.amazonaws.com/photos/480612659/original.jpg,https://www.gbif.org/occurrence/5108271437
936,0,Umbellularia californica,CC_BY,Matt D'Agrosa,iNaturalist,https://inaturalist-open-data.s3.amazonaws.com/photos/623815650/original.jpg,https://www.gbif.org/occurrence/6179228040
936,1,Umbellularia californica,CC_BY,Jeff Ward,iNaturalist,https://inaturalist-open-data.s3.amazonaws.com/photos/628289522/original.jpg,https://www.gbif.org/occurrence/6184721117
936,2,Umbellularia californica,CC_BY,Jeff Ward,iNaturalist,https://inaturalist-open-data.s3.amazonaws.com/photos/627819312/original.jpg,https://www.gbif.org/occurrence/6185192601
937,0,Urtica gracilis,CC_BY,Kieran Hanrahan,iNaturalist,https://inaturalist-open-data.s3.amazonaws.com/photos/622309268/original.jpg,https://www.gbif.org/occurrence/6178321274
937,1,Urtica gracilis,CC_BY,Jeff Ward,iNaturalist,https://inaturalist-open-data.s3.amazonaws.com/photos/621596064/original.jpg,https://www.gbif.org/occurrence/6178475621
937,2,Urtica gracilis,CC_BY,Tom and T Herman,iNaturalist,https://inaturalist-open-data.s3.amazonaws.com/photos/621836936/original.jpg,https://www.gbif.org/occurrence/6178790000
938,0,Vaccinium cespitosum,CC0,Aaron Liston,iNaturalist,https://inaturalist-open-data.s3.amazonaws.com/photos/383295010/original.jpg,https://www.gbif.org/occurrence/4867989635
938,1,Vaccinium cespitosum,CC_BY,Adam Schneider,iNaturalist,https://inaturalist-open-data.s3.amazonaws.com/photos/394148027/original.jpg,https://www.gbif.org/occurrence/4901307653
938,2,Vaccinium cespitosum,CC_BY,Adam Schneider,iNaturalist,https://inaturalist-open-data.s3.amazonaws.com/photos/411857357/original.jpg,https://www.gbif.org/occurrence/5069800493
939,0,Vaccinium membranaceum,CC_BY,Merlla McLaughlin,iNaturalist,https://inaturalist-open-data.s3.amazonaws.com/photos/695342405/original.jpg,https://www.gbif.org/occurrence/6440999123
939,1,Vaccinium membranaceum,CC0,Robert Pennington,iNaturalist,https://inaturalist-open-data.s3.amazonaws.com/photos/706038945/original.jpg,https://www.gbif.org/occurrence/6470186372
939,2,Vaccinium membranaceum,CC_BY,Brodie Cass Talbott,iNaturalist,https://inaturalist-open-data.s3.amazonaws.com/photos/709164408/original.jpg,https://www.gbif.org/occurrence/6479819676
940,0,Vaccinium ovalifolium,CC_BY,Dee Shea Himes,iNaturalist,https://inaturalist-open-data.s3.amazonaws.com/photos/670329013/original.jpg,https://www.gbif.org/occurrence/6352313937
940,1,Vaccinium ovalifolium,CC0,Ben Sims,iNaturalist,https://inaturalist-open-data.s3.amazonaws.com/photos/480074853/original.jpeg,https://www.gbif.org/occurrence/5153050854
940,2,Vaccinium ovalifolium,CC_BY,David Anderson,iNaturalist,https://inaturalist-open-data.s3.amazonaws.com/photos/525408996/original.jpg,https://www.gbif.org/occurrence/5206117602
941,0,Vaccinium ovatum,CC0,Mike Palmer,iNaturalist,https://inaturalist-open-data.s3.amazonaws.com/photos/609800938/original.jpg,https://www.gbif.org/occurrence/6130077322
941,1,Vaccinium ovatum,CC_BY,Sandy Patton,iNaturalist,https://inaturalist-open-data.s3.amazonaws.com/photos/607971711/original.jpg,https://www.gbif.org/occurrence/6131198089
941,2,Vaccinium ovatum,CC0,Evelyn Lazzaretti 🏳️‍⚧️,iNaturalist,https://inaturalist-open-data.s3.amazonaws.com/photos/606432645/original.jpg,https://www.gbif.org/occurrence/6131608413
942,0,Vaccinium parvifolium,CC0,Barbara L. Wilson,iNaturalist,https://inaturalist-open-data.s3.amazonaws.com/photos/608758266/original.jpg,https://www.gbif.org/occurrence/6131184675
942,1,Vaccinium parvifolium,CC_BY,Michele Karmartsang,iNaturalist,https://inaturalist-open-data.s3.amazonaws.com/photos/619664014/original.jpg,https://www.gbif.org/occurrence/6171354408
942,2,Vaccinium parvifolium,CC_BY,Aden Sommerville,iNaturalist,https://inaturalist-open-data.s3.amazonaws.com/photos/629722357/original.jpg,https://www.gbif.org/occurrence/6185727861
943,0,Vaccinium scoparium,CC_BY,Daniel Patterson,iNaturalist,https://inaturalist-open-data.s3.amazonaws.com/photos/646042230/original.jpg,https://www.gbif.org/occurrence/6236117335
943,1,Vaccinium scoparium,CC_BY,Daniel Patterson,iNaturalist,https://inaturalist-open-data.s3.amazonaws.com/photos/649127307/original.jpg,https://www.gbif.org/occurrence/6251916508
943,2,Vaccinium scoparium,CC_BY,jonsense,iNaturalist,https://inaturalist-open-data.s3.amazonaws.com/photos/688202823/original.jpg,https://www.gbif.org/occurrence/6422243129
944,0,Vaccinium uliginosum,CC0,Rob Cuthrell,iNaturalist,https://inaturalist-open-data.s3.amazonaws.com/photos/681922406/original.jpg,https://www.gbif.org/occurrence/6413143602
944,1,Vaccinium uliginosum,CC_BY,Kieran Hanrahan,iNaturalist,https://inaturalist-open-data.s3.amazonaws.com/photos/705036340/original.jpg,https://www.gbif.org/occurrence/6480660105
944,2,Vaccinium uliginosum,CC_BY,Gabriel Campbell-Martinez,iNaturalist,https://inaturalist-open-data.s3.amazonaws.com/photos/545524446/original.jpg,https://www.gbif.org/occurrence/5282181168
945,0,Valeriana sitchensis,CC_BY,Noah Strycker,iNaturalist,https://inaturalist-open-data.s3.amazonaws.com/photos/632908970/original.jpg,https://www.gbif.org/occurrence/6235725811
945,1,Valeriana sitchensis,CC0,Kate Manning,iNaturalist,https://inaturalist-open-data.s3.amazonaws.com/photos/637378490/original.jpg,https://www.gbif.org/occurrence/6195771285
945,2,Valeriana sitchensis,CC_BY,Judi Sanders,iNaturalist,https://inaturalist-open-data.s3.amazonaws.com/photos/641653070/original.jpg,https://www.gbif.org/occurrence/6234421731
946,0,Valerianella locusta,CC_BY,Daniel Patterson,iNaturalist,https://inaturalist-open-data.s3.amazonaws.com/photos/648742525/original.jpg,https://www.gbif.org/occurrence/6251615422
946,1,Valerianella locusta,CC_BY,Jeff Ward,iNaturalist,https://inaturalist-open-data.s3.amazonaws.com/photos/650591252/original.jpg,https://www.gbif.org/occurrence/6252415631
946,2,Valerianella locusta,CC_BY,Parker James Lloyd,iNaturalist,https://inaturalist-open-data.s3.amazonaws.com/photos/650116256/original.jpg,https://www.gbif.org/occurrence/6252767215
947,0,Vancouveria hexandra,CC_BY,Judi Sanders,iNaturalist,https://inaturalist-open-data.s3.amazonaws.com/photos/626868925/original.jpg,https://www.gbif.org/occurrence/6185218614
947,1,Vancouveria hexandra,CC_BY,Jeff Ward,iNaturalist,https://inaturalist-open-data.s3.amazonaws.com/photos/627819920/original.jpg,https://www.gbif.org/occurrence/6185951210
947,2,Vancouveria hexandra,CC_BY,Dee Shea Himes,iNaturalist,https://inaturalist-open-data.s3.amazonaws.com/photos/630973661/original.jpg,https://www.gbif.org/occurrence/6186021030
948,0,Veratrum californicum,CC_BY,Jeff Ward,iNaturalist,https://inaturalist-open-data.s3.amazonaws.com/photos/654516607/original.jpg,https://www.gbif.org/occurrence/6273278602
948,1,Veratrum californicum,CC_BY,Kieran Hanrahan,iNaturalist,https://inaturalist-open-data.s3.amazonaws.com/photos/682512324/original.jpg,https://www.gbif.org/occurrence/6413825523
948,2,Veratrum californicum,CC_BY,Parker James Lloyd,iNaturalist,https://inaturalist-open-data.s3.amazonaws.com/photos/696972840/original.jpg,https://www.gbif.org/occurrence/6441067838
949,0,Veratrum viride,CC_BY,Sam Bucciarelli,iNaturalist,https://inaturalist-open-data.s3.amazonaws.com/photos/700766929/original.jpg,https://www.gbif.org/occurrence/6470460610
949,1,Veratrum viride,CC_BY,Gail A Baker,iNaturalist,https://inaturalist-open-data.s3.amazonaws.com/photos/707513966/original.jpg,https://www.gbif.org/occurrence/6480384977
949,2,Veratrum viride,CC_BY,Adam Kamal,iNaturalist,https://inaturalist-open-data.s3.amazonaws.com/photos/723706546/original.jpg,https://www.gbif.org/occurrence/6518885834
950,0,Verbascum blattaria,CC_BY,Kieran Hanrahan,iNaturalist,https://inaturalist-open-data.s3.amazonaws.com/photos/645657231/original.jpg,https://www.gbif.org/occurrence/6234324854
950,1,Verbascum blattaria,CC0,Barbara L. Wilson,iNaturalist,https://inaturalist-open-data.s3.amazonaws.com/photos/639919200/original.jpg,https://www.gbif.org/occurrence/6235631384
950,2,Verbascum blattaria,CC_BY,Alice Pence,iNaturalist,https://inaturalist-open-data.s3.amazonaws.com/photos/661549840/original.jpg,https://www.gbif.org/occurrence/6320816595
951,0,Verbascum thapsus,CC_BY,Daniel Patterson,iNaturalist,https://inaturalist-open-data.s3.amazonaws.com/photos/644449339/original.jpg,https://www.gbif.org/occurrence/6236209962
951,1,Verbascum thapsus,CC0,drew333,iNaturalist,https://inaturalist-open-data.s3.amazonaws.com/photos/639109769/original.jpg,https://www.gbif.org/occurrence/6236387923
951,2,Verbascum thapsus,CC_BY,Kieran Hanrahan,iNaturalist,https://inaturalist-open-data.s3.amazonaws.com/photos/645654857/original.jpg,https://www.gbif.org/occurrence/6252825447
952,0,Veronica americana,CC_BY,Jeff Ward,iNaturalist,https://inaturalist-open-data.s3.amazonaws.com/photos/659918427/original.jpg,https://www.gbif.org/occurrence/6321204894
952,1,Veronica americana,CC_BY,Jeffrey Lee (he/him/his),iNaturalist,https://inaturalist-open-data.s3.amazonaws.com/photos/667299935/original.jpg,https://www.gbif.org/occurrence/6352927501
952,2,Veronica americana,CC_BY,Tser,iNaturalist,https://inaturalist-open-data.s3.amazonaws.com/photos/667874689/original.jpg,https://www.gbif.org/occurrence/6353056770
953,0,Veronica arvensis,CC0,Barbara L. Wilson,iNaturalist,https://inaturalist-open-data.s3.amazonaws.com/photos/620781695/original.jpg,https://www.gbif.org/occurrence/6179263552
953,1,Veronica arvensis,CC0,Barbara L. Wilson,iNaturalist,https://inaturalist-open-data.s3.amazonaws.com/photos/636844000/original.jpg,https://www.gbif.org/occurrence/6236277895
953,2,Veronica arvensis,CC0,Kate Manning,iNaturalist,https://inaturalist-open-data.s3.amazonaws.com/photos/655206997/original.jpg,https://www.gbif.org/occurrence/6273298652
954,0,Veronica persica,CC_BY,Judi Sanders,iNaturalist,https://inaturalist-open-data.s3.amazonaws.com/photos/613529533/original.jpg,https://www.gbif.org/occurrence/6147267845
954,1,Veronica persica,CC0,Barbara L. Wilson,iNaturalist,https://inaturalist-open-data.s3.amazonaws.com/photos/618282453/original.jpg,https://www.gbif.org/occurrence/6162795427
954,2,Veronica persica,CC0,Barbara L. Wilson,iNaturalist,https://inaturalist-open-data.s3.amazonaws.com/photos/618306394/original.jpg,https://www.gbif.org/occurrence/6162916061
955,0,Veronica scutellata,CC0,Rob Cuthrell,iNaturalist,https://inaturalist-open-data.s3.amazonaws.com/photos/658806037/original.jpg,https://www.gbif.org/occurrence/6320801072
955,1,Veronica scutellata,CC0,Barbara L. Wilson,iNaturalist,https://inaturalist-open-data.s3.amazonaws.com/photos/499066060/original.jpeg,https://www.gbif.org/occurrence/5889206595
955,2,Veronica scutellata,CC0,Kate Manning,iNaturalist,https://inaturalist-open-data.s3.amazonaws.com/photos/502865154/original.jpg,https://www.gbif.org/occurrence/5889724852
956,0,Veronica serpyllifolia,CC_BY,Daniel Patterson,iNaturalist,https://inaturalist-open-data.s3.amazonaws.com/photos/608744702/original.jpg,https://www.gbif.org/occurrence/6159225652
956,1,Veronica serpyllifolia,CC_BY,Kieran Hanrahan,iNaturalist,https://inaturalist-open-data.s3.amazonaws.com/photos/634603982/original.jpg,https://www.gbif.org/occurrence/6195225249
956,2,Veronica serpyllifolia,CC0,Barbara L. Wilson,iNaturalist,https://inaturalist-open-data.s3.amazonaws.com/photos/481700235/original.jpeg,https://www.gbif.org/occurrence/5217260561
957,0,Veronica wormskjoldii,CC_BY,Kieran Hanrahan,iNaturalist,https://inaturalist-open-data.s3.amazonaws.com/photos/679393787/original.jpg,https://www.gbif.org/occurrence/6399817633
957,1,Veronica wormskjoldii,CC_BY,Kieran Hanrahan,iNaturalist,https://inaturalist-open-data.s3.amazonaws.com/photos/696955099/original.jpg,https://www.gbif.org/occurrence/6441864084
957,2,Veronica wormskjoldii,CC0,Allison Clark,iNaturalist,https://inaturalist-open-data.s3.amazonaws.com/photos/544658915/original.jpg,https://www.gbif.org/occurrence/5759676234
958,0,Viburnum ellipticum,CC_BY,Jeff Ward,iNaturalist,https://inaturalist-open-data.s3.amazonaws.com/photos/641959789/original.jpg,https://www.gbif.org/occurrence/6333868519
958,1,Viburnum ellipticum,CC_BY,David Anderson,iNaturalist,https://inaturalist-open-data.s3.amazonaws.com/photos/653241809/original.jpg,https://www.gbif.org/occurrence/6251493378
958,2,Viburnum ellipticum,CC0,William Proebsting,iNaturalist,https://inaturalist-open-data.s3.amazonaws.com/photos/655635788/original.jpg,https://www.gbif.org/occurrence/6273835494
959,0,Vicia americana,CC_BY,Jeff Ward,iNaturalist,https://inaturalist-open-data.s3.amazonaws.com/photos/649057369/original.jpg,https://www.gbif.org/occurrence/6252806754
959,1,Vicia americana,CC0,Kate Manning,iNaturalist,https://inaturalist-open-data.s3.amazonaws.com/photos/652481359/original.jpg,https://www.gbif.org/occurrence/6251890157
959,2,Vicia americana,CC_BY,Michael O'Loughlin,iNaturalist,https://inaturalist-open-data.s3.amazonaws.com/photos/700423083/original.jpg,https://www.gbif.org/occurrence/6452429647
960,0,Vicia hirsuta,CC0,Barbara L. Wilson,iNaturalist,https://inaturalist-open-data.s3.amazonaws.com/photos/624413048/original.jpg,https://www.gbif.org/occurrence/6179497485
960,1,Vicia hirsuta,CC_BY,Kieran Hanrahan,iNaturalist,https://inaturalist-open-data.s3.amazonaws.com/photos/641092050/original.jpg,https://www.gbif.org/occurrence/6234341488
960,2,Vicia hirsuta,CC_BY,Sue Ann Kendall,iNaturalist,https://inaturalist-open-data.s3.amazonaws.com/photos/638229906/original.jpg,https://www.gbif.org/occurrence/6236317627
961,0,Vicia sativa,CC_BY,Sue Ann Kendall,iNaturalist,https://inaturalist-open-data.s3.amazonaws.com/photos/638206862/original.jpg,https://www.gbif.org/occurrence/6235960458
961,1,Vicia sativa,CC_BY,Millie Basden,iNaturalist,https://inaturalist-open-data.s3.amazonaws.com/photos/653267801/original.jpg,https://www.gbif.org/occurrence/6251521345
961,2,Vicia sativa,CC0,Barbara L. Wilson,iNaturalist,https://inaturalist-open-data.s3.amazonaws.com/photos/655343901/original.jpg,https://www.gbif.org/occurrence/6274041807
962,0,Vicia villosa,CC_BY,David Anderson,iNaturalist,https://inaturalist-open-data.s3.amazonaws.com/photos/646931988/original.jpg,https://www.gbif.org/occurrence/6252670076
962,1,Vicia villosa,CC0,drew333,iNaturalist,https://inaturalist-open-data.s3.amazonaws.com/photos/655166974/original.jpg,https://www.gbif.org/occurrence/6274095804
962,2,Vicia villosa,CC0,Barbara L. Wilson,iNaturalist,https://inaturalist-open-data.s3.amazonaws.com/photos/666766901/original.jpg,https://www.gbif.org/occurrence/6352439096
963,0,Vinca major,CC0,Barbara L. Wilson,iNaturalist,https://inaturalist-open-data.s3.amazonaws.com/photos/620064820/original.jpg,https://www.gbif.org/occurrence/6171121863
963,1,Vinca major,CC0,mourningdoveenthusiast,iNaturalist,https://inaturalist-open-data.s3.amazonaws.com/photos/616962210/original.jpg,https://www.gbif.org/occurrence/6178645035
963,2,Vinca major,CC0,Barbara L. Wilson,iNaturalist,https://inaturalist-open-data.s3.amazonaws.com/photos/622686142/original.jpg,https://www.gbif.org/occurrence/6178550271
964,0,Vinca minor,CC_BY,Lisa Biasillo,iNaturalist,https://inaturalist-open-data.s3.amazonaws.com/photos/616852276/original.jpg,https://www.gbif.org/occurrence/6163007304
964,1,Vinca minor,CC_BY,Tom and T Herman,iNaturalist,https://inaturalist-open-data.s3.amazonaws.com/photos/621934648/original.jpg,https://www.gbif.org/occurrence/6178583605
964,2,Vinca minor,CC_BY,Jeff Ward,iNaturalist,https://inaturalist-open-data.s3.amazonaws.com/photos/623383763/original.jpg,https://www.gbif.org/occurrence/6178958092
965,0,Viola adunca,CC_BY,Judi Sanders,iNaturalist,https://inaturalist-open-data.s3.amazonaws.com/photos/644485150/original.jpg,https://www.gbif.org/occurrence/6236348503
965,1,Viola adunca,CC_BY,Daniel Patterson,iNaturalist,https://inaturalist-open-data.s3.amazonaws.com/photos/505050022/original.jpg,https://www.gbif.org/occurrence/5168357892
965,2,Viola adunca,CC_BY,Jeff Ward,iNaturalist,https://inaturalist-open-data.s3.amazonaws.com/photos/501635674/original.jpg,https://www.gbif.org/occurrence/5188037457
966,0,Viola cuneata,CC_BY,Dee Shea Himes,iNaturalist,https://inaturalist-open-data.s3.amazonaws.com/photos/627374503/original.jpg,https://www.gbif.org/occurrence/6185182284
966,1,Viola cuneata,CC_BY,Jeff Ward,iNaturalist,https://inaturalist-open-data.s3.amazonaws.com/photos/628285845/original.jpg,https://www.gbif.org/occurrence/6185268820
966,2,Viola cuneata,CC_BY,Jeff Ward,iNaturalist,https://inaturalist-open-data.s3.amazonaws.com/photos/628286228/original.jpg,https://www.gbif.org/occurrence/6185854693
967,0,Viola glabella,CC_BY,Judi Sanders,iNaturalist,https://inaturalist-open-data.s3.amazonaws.com/photos/621810803/original.jpg,https://www.gbif.org/occurrence/6178339610
967,1,Viola glabella,CC0,Barbara L. Wilson,iNaturalist,https://inaturalist-open-data.s3.amazonaws.com/photos/625378904/original.jpg,https://www.gbif.org/occurrence/6178343497
967,2,Viola glabella,CC_BY,Jeff Ward,iNaturalist,https://inaturalist-open-data.s3.amazonaws.com/photos/623400108/original.jpg,https://www.gbif.org/occurrence/6178554388
968,0,Viola odorata,CC_BY,Jeff Ward,iNaturalist,https://inaturalist-open-data.s3.amazonaws.com/photos/613076342/original.jpg,https://www.gbif.org/occurrence/6147533192
968,1,Viola odorata,CC_BY,lionessmoon,iNaturalist,https://inaturalist-open-data.s3.amazonaws.com/photos/623751715/original.jpg,https://www.gbif.org/occurrence/6179158838
968,2,Viola odorata,CC0,Barbara L. Wilson,iNaturalist,https://inaturalist-open-data.s3.amazonaws.com/photos/626055549/original.jpg,https://www.gbif.org/occurrence/6184827485
969,0,Viola praemorsa,CC_BY,Judi Sanders,iNaturalist,https://inaturalist-open-data.s3.amazonaws.com/photos/644485057/original.jpg,https://www.gbif.org/occurrence/6235376676
969,1,Viola praemorsa,CC_BY,Gail A Baker,iNaturalist,https://inaturalist-open-data.s3.amazonaws.com/photos/488810864/original.jpeg,https://www.gbif.org/occurrence/5134604749
969,2,Viola praemorsa,CC_BY,Gail A Baker,iNaturalist,https://inaturalist-open-data.s3.amazonaws.com/photos/382714972/original.jpeg,https://www.gbif.org/occurrence/4867827668
970,0,Viola purpurea,CC_BY,Gail A Baker,iNaturalist,https://inaturalist-open-data.s3.amazonaws.com/photos/501078047/original.jpeg,https://www.gbif.org/occurrence/5188354521
970,1,Viola purpurea,CC0,Aaron Liston,iNaturalist,https://inaturalist-open-data.s3.amazonaws.com/photos/526343793/original.jpg,https://www.gbif.org/occurrence/5215720959
970,2,Viola purpurea,CC_BY,Mark Stluka,iNaturalist,https://inaturalist-open-data.s3.amazonaws.com/photos/529343315/original.jpg,https://www.gbif.org/occurrence/5215821998
971,0,Viola sempervirens,CC0,Dave Miller,iNaturalist,https://inaturalist-open-data.s3.amazonaws.com/photos/620494164/original.jpg,https://www.gbif.org/occurrence/6171036401
971,1,Viola sempervirens,CC_BY,Dee Shea Himes,iNaturalist,https://inaturalist-open-data.s3.amazonaws.com/photos/627888475/original.jpg,https://www.gbif.org/occurrence/6185236388
971,2,Viola sempervirens,CC_BY,Dee Shea Himes,iNaturalist,https://inaturalist-open-data.s3.amazonaws.com/photos/627886704/original.jpg,https://www.gbif.org/occurrence/6185313842
972,0,Whipplea modesta,CC_BY,Jeff Ward,iNaturalist,https://inaturalist-open-data.s3.amazonaws.com/photos/628650174/original.jpg,https://www.gbif.org/occurrence/6184924220
972,1,Whipplea modesta,CC_BY,Dee Shea Himes,iNaturalist,https://inaturalist-open-data.s3.amazonaws.com/photos/632929613/original.jpg,https://www.gbif.org/occurrence/6188067021
972,2,Whipplea modesta,CC_BY,Kieran Hanrahan,iNaturalist,https://inaturalist-open-data.s3.amazonaws.com/photos/637288482/original.jpg,https://www.gbif.org/occurrence/6195259557
973,0,Wyethia angustifolia,CC_BY,Gail A Baker,iNaturalist,https://inaturalist-open-data.s3.amazonaws.com/photos/666589396/original.jpg,https://www.gbif.org/occurrence/6334536509
973,1,Wyethia angustifolia,CC0,Barbara L. Wilson,iNaturalist,https://inaturalist-open-data.s3.amazonaws.com/photos/666766616/original.jpg,https://www.gbif.org/occurrence/6352956860
973,2,Wyethia angustifolia,CC0,Barbara L. Wilson,iNaturalist,https://inaturalist-open-data.s3.amazonaws.com/photos/663210350/original.jpg,https://www.gbif.org/occurrence/6353130492
974,0,Wyethia sagittata,CC_BY,Daniel Patterson,iNaturalist,https://inaturalist-open-data.s3.amazonaws.com/photos/644608984/original.jpg,https://www.gbif.org/occurrence/6234894945
974,1,Wyethia sagittata,CC_BY,Adam Schneider,iNaturalist,https://inaturalist-open-data.s3.amazonaws.com/photos/642684461/original.jpg,https://www.gbif.org/occurrence/6236438970
974,2,Wyethia sagittata,CC_BY,Daniel Patterson,iNaturalist,https://inaturalist-open-data.s3.amazonaws.com/photos/491886635/original.jpg,https://www.gbif.org/occurrence/5140483332
975,0,Xanthium strumarium,CC_BY,Tser,iNaturalist,https://inaturalist-open-data.s3.amazonaws.com/photos/567238238/original.jpg,https://www.gbif.org/occurrence/5827510325
975,1,Xanthium strumarium,CC_BY,Cris Waller,iNaturalist,https://inaturalist-open-data.s3.amazonaws.com/photos/565124301/original.jpg,https://www.gbif.org/occurrence/5827936564
975,2,Xanthium strumarium,CC0,Najah Bowlby,iNaturalist,https://inaturalist-open-data.s3.amazonaws.com/photos/405453446/original.jpeg,https://www.gbif.org/occurrence/4908615307
976,0,Xanthocyparis nootkatensis,CC_BY,David Anderson,iNaturalist,https://inaturalist-open-data.s3.amazonaws.com/photos/675388506/original.jpg,https://www.gbif.org/occurrence/6399105586
976,1,Xanthocyparis nootkatensis,CC_BY,Jeff Ward,iNaturalist,https://inaturalist-open-data.s3.amazonaws.com/photos/708763928/original.jpg,https://www.gbif.org/occurrence/6480396379
976,2,Xanthocyparis nootkatensis,CC_BY,Jeff Ward,iNaturalist,https://inaturalist-open-data.s3.amazonaws.com/photos/708763874/original.jpg,https://www.gbif.org/occurrence/6481344485
977,0,Xerophyllum tenax,CC_BY,Jeff Ward,iNaturalist,https://inaturalist-open-data.s3.amazonaws.com/photos/609104218/original.jpg,https://www.gbif.org/occurrence/6130509129
977,1,Xerophyllum tenax,CC0,drew333,iNaturalist,https://inaturalist-open-data.s3.amazonaws.com/photos/642813292/original.jpg,https://www.gbif.org/occurrence/6235283978
977,2,Xerophyllum tenax,CC0,Barbara L. Wilson,iNaturalist,https://inaturalist-open-data.s3.amazonaws.com/photos/645964153/original.jpg,https://www.gbif.org/occurrence/6252793670
